signal,phase,cost_bps_per_side,monthly_run_id,semiannual_run_id,monthly_total_return,semiannual_total_return,net_return_difference_pp,monthly_cagr,semiannual_cagr,cagr_difference_pp,monthly_max_drawdown,semiannual_max_drawdown,max_drawdown_difference_pp,monthly_turnover,semiannual_turnover,extra_two_sided_turnover,monthly_mean_cash_weight,semiannual_mean_cash_weight,year
12-1,"[1, 7]",0.0,M12-0bps,S12-01-07-0bps,-0.09963303540797208,-0.02523122816207224,-7.440180724589984,-0.09963303540797208,-0.02523122816207224,-7.440180724589984,-0.23910806270786478,-0.19316305430869496,-4.594500839916982,3.8992326317563033,2.6721299438874766,1.2271026878688267,0.05320051896001409,0.0,2001
12-1,"[1, 7]",0.0,M12-0bps,S12-01-07-0bps,-0.08080462550398315,-0.08876937921014272,0.7964753706159566,-0.08080462550398315,-0.08876937921014272,0.7964753706159566,-0.2720516490919265,-0.17373060771778115,-9.832104137414532,3.7878764284914967,1.3046765066507757,2.483199921840721,0.32528328843056387,0.45068174271325323,2002
12-1,"[1, 7]",0.0,M12-0bps,S12-01-07-0bps,0.16434132035909532,0.13555786611461484,2.8783454244480478,0.16434132035909532,0.13555786611461484,2.8783454244480478,-0.056015904208169376,-0.05279437708509793,-0.3221527123071444,4.047952245458735,1.3353205617524115,2.712631683706323,0.4681115610628902,0.3817533020051214,2003
12-1,"[1, 7]",0.0,M12-0bps,S12-01-07-0bps,0.12240975655059638,0.21892787162511929,-9.65181150745229,0.12240975655059638,0.21892787162511929,-9.65181150745229,-0.08974354728733658,-0.06746587613787469,-2.2277671149461886,5.548055059690525,2.688689370580363,2.859365689110162,6.056005872919357e-17,1.0020928935612732e-17,2004
12-1,"[1, 7]",0.0,M12-0bps,S12-01-07-0bps,0.15730426143996024,0.17526997770096986,-1.7965716261009623,0.15730426143996024,0.17526997770096986,-1.7965716261009623,-0.09956633011933524,-0.10436206348997212,0.4795733370636879,3.5953828753179926,1.3429730014182972,2.2524098738996954,1.6138526145578435e-17,0.0,2005
12-1,"[1, 7]",0.0,M12-0bps,S12-01-07-0bps,0.07920023541018684,0.2391221200866751,-15.992188467648827,0.07920023541018684,0.2391221200866751,-15.992188467648827,-0.13380388670414955,-0.06297184115460175,-7.083204554954781,8.169390999043845,2.080123090783797,6.089267908260048,1.3845364438662085e-17,0.0,2006
12-1,"[1, 7]",0.0,M12-0bps,S12-01-07-0bps,0.0963064222201917,0.05615944450301291,4.014697771717879,0.0963064222201917,0.05615944450301291,4.014697771717879,-0.11677986501106985,-0.1368985426535777,2.0118677642507854,6.800817671110466,3.3462695455788953,3.454548125531571,4.1197322300780757e-17,0.0,2007
12-1,"[1, 7]",0.0,M12-0bps,S12-01-07-0bps,-0.19693188309707244,-0.3621405797297963,16.520869663272386,-0.19693188309707244,-0.3621405797297963,16.520869663272386,-0.2666156987067432,-0.47986247884568756,21.324678013894438,5.278999266765332,2.6909625552924923,2.58803671147284,0.20051826604062656,1.4954449763186337e-16,2008
12-1,"[1, 7]",0.0,M12-0bps,S12-01-07-0bps,0.11727743531941148,-0.041535834687543294,15.881327000695478,0.11727743531941148,-0.041535834687543294,15.881327000695478,-0.02216741015817647,-0.10142594567515206,7.925853551697559,1.022798120698004,0.9999999999999998,0.022798120698004132,0.8040306845603088,0.9206349206349206,2009
12-1,"[1, 7]",0.0,M12-0bps,S12-01-07-0bps,0.15288596170761926,0.23288931724168038,-8.000335553406114,0.15288596170761926,0.23288931724168038,-8.000335553406114,-0.15150616847964116,-0.1808586872663146,2.9352518786673443,6.183542526582009,2.333333333333333,3.850209193248676,1.3745948916114336e-17,0.07539682539682545,2010
12-1,"[1, 7]",0.0,M12-0bps,S12-01-07-0bps,0.028673715686122536,0.05008784197778704,-2.1414126291664504,0.028673715686122536,0.05008784197778704,-2.1414126291664504,-0.1807833719255434,-0.18263704535954384,0.18536734340004468,5.602923581524717,1.3761732412906302,4.226750340234087,7.868952549378996e-17,0.0,2011
12-1,"[1, 7]",0.0,M12-0bps,S12-01-07-0bps,0.10188490342216316,0.11968918131117379,-1.7804277889010622,0.10188490342216316,0.11968918131117379,-1.7804277889010622,-0.060779665194865884,-0.0695501024272338,0.8770437232367922,5.451421182330785,0.6801308246308642,4.771290357699921,4.828079687272256e-17,6.451675997809875e-17,2012
12-1,"[1, 7]",0.0,M12-0bps,S12-01-07-0bps,0.3346978422444329,0.37009514466474447,-3.5397302420311583,0.3346978422444329,0.37009514466474447,-3.5397302420311583,-0.07331962130465641,-0.0547445757890318,-1.857504551562461,3.429600342345427,1.33380811936417,2.095792222981257,5.881480986252851e-17,1.3063710292788402e-16,2013
12-1,"[1, 7]",0.0,M12-0bps,S12-01-07-0bps,0.12722438065501196,0.00321405609796499,12.401032455704698,0.12722438065501196,0.00321405609796499,12.401032455704698,-0.08168122658023058,-0.12068307877091711,3.9001852190686526,5.427877517084994,2.67011996709122,2.757757549993774,4.9747402583233084e-17,9.551276729347233e-18,2014
12-1,"[1, 7]",0.0,M12-0bps,S12-01-07-0bps,0.036511345978163634,-0.025532851117346267,6.20441970955099,0.036511345978163634,-0.025532851117346267,6.20441970955099,-0.11218104159106457,-0.1142843848237598,0.21033432326952317,5.510854043148358,2.666666666666666,2.844187376481692,1.552853745157925e-17,1.0814821649735426e-16,2015
12-1,"[1, 7]",0.0,M12-0bps,S12-01-07-0bps,0.0046309698132265265,0.06540585295337231,-6.077488314014579,0.0046309698132265265,0.06540585295337231,-6.077488314014579,-0.10686150498606828,-0.09327011896609982,-1.3591386019968454,6.810749109789703,2.0230839220272774,4.787665187762426,0.028491869396637903,9.207976574950965e-18,2016
12-1,"[1, 7]",0.0,M12-0bps,S12-01-07-0bps,0.17281627295407476,0.2218459842377123,-4.902971128363753,0.17281627295407476,0.2218459842377123,-4.902971128363753,-0.046516995119561755,-0.05472316817609757,0.8206173056535815,6.15699739452159,2.0,4.15699739452159,5.5300863530592815e-17,0.0,2017
12-1,"[1, 7]",0.0,M12-0bps,S12-01-07-0bps,-0.05162731617101046,-0.09153595900482803,3.9908642833817565,-0.05162731617101046,-0.09153595900482803,3.9908642833817565,-0.19946018073892624,-0.24520841374023672,4.574823300131047,4.80613199215351,2.0076077478212513,2.798524244332259,1.0597093248251574e-16,0.0,2018
12-1,"[1, 7]",0.0,M12-0bps,S12-01-07-0bps,0.24293277526131685,0.2512687770385198,-0.833600177720295,0.24293277526131685,0.2512687770385198,-0.833600177720295,-0.05168097099949309,-0.04321687873260349,-0.84640922668896,6.168601302627207,2.0229752425636853,4.145626060063521,0.049863029728561346,0.32213162916856614,2019
12-1,"[1, 7]",0.0,M12-0bps,S12-01-07-0bps,0.19655914901246385,0.21626758797339196,-1.970843896092811,0.19655914901246385,0.21626758797339196,-1.970843896092811,-0.30266992317089536,-0.30243150459353496,-0.023841857736039973,2.8494117505060976,1.373845269693407,1.4755664808126907,0.025768715736776984,0.0,2020
12-1,"[1, 7]",0.0,M12-0bps,S12-01-07-0bps,0.14769004821368426,0.2529979057136955,-10.530785750001126,0.14769004821368426,0.2529979057136955,-10.530785750001126,-0.08104697811349393,-0.06844291103178812,-1.2604067081705805,2.7870003218848645,2.0,0.7870003218848645,1.6289095209530712e-17,0.0,2021
12-1,"[1, 7]",0.0,M12-0bps,S12-01-07-0bps,0.13375033000869885,-0.035042587512830514,16.879291752152938,0.13375033000869885,-0.035042587512830514,16.879291752152938,-0.1381109595439538,-0.17572087766211664,3.7609918118162833,4.987772920237986,2.666666666666667,2.321106253571319,0.027740049322697094,0.0,2022
12-1,"[1, 7]",0.0,M12-0bps,S12-01-07-0bps,0.08917635898654419,0.031443554743003865,5.7732804243540325,0.08917635898654419,0.031443554743003865,5.7732804243540325,-0.11010403647280043,-0.09842146171233701,-1.1682574760463416,6.416739169330028,2.066723083224761,4.350016086105267,0.07678023953875582,1.1016298441752724e-16,2023
12-1,"[1, 7]",0.0,M12-0bps,S12-01-07-0bps,0.09951987570064325,0.15898709440667536,-5.946721870603211,0.09951987570064325,0.15898709440667536,-5.946721870603211,-0.08313214396788171,-0.09595804954689491,1.2825905579013197,6.487155707072195,2.0084214694581415,4.478734237614054,8.00020508681659e-17,0.0,2024
12-1,"[1, 7]",0.0,M12-0bps,S12-01-07-0bps,0.043981504693428874,0.1075419155404127,-6.356041084698383,0.043981504693428874,0.1075419155404127,-6.356041084698383,-0.14212129532580464,-0.15117126364275113,0.9049968316946488,4.824147357031187,2.007379055919336,2.8167683011118507,8.624467676266139e-17,8.758324085448493e-17,2025
12-1,"[2, 8]",0.0,M12-0bps,S12-02-08-0bps,-0.09963303540797208,-0.06963641993941738,-2.99966154685547,-0.09963303540797208,-0.06963641993941738,-2.99966154685547,-0.23910806270786478,-0.26424469381442406,2.513663110655928,3.8992326317563033,2.6688119732231077,1.2304206585331956,0.05320051896001409,0.0,2001
12-1,"[2, 8]",0.0,M12-0bps,S12-02-08-0bps,-0.08080462550398315,-0.06930413905317323,-1.1500486450809921,-0.08080462550398315,-0.06930413905317323,-1.1500486450809921,-0.2720516490919265,-0.17098750446505795,-10.106414462686853,3.7878764284914967,0.9648375233989057,2.823038905092591,0.32528328843056387,0.5079743901465099,2002
12-1,"[2, 8]",0.0,M12-0bps,S12-02-08-0bps,0.16434132035909532,0.1165773293152359,4.776399104385942,0.16434132035909532,0.1165773293152359,4.776399104385942,-0.056015904208169376,-0.05601590420816949,1.1102230246251565e-14,4.047952245458735,0.9999999999999999,3.0479522454587347,0.4681115610628902,0.6626984126984127,2003
12-1,"[2, 8]",0.0,M12-0bps,S12-02-08-0bps,0.12240975655059638,0.18057806701039736,-5.816831045980098,0.12240975655059638,0.18057806701039736,-5.816831045980098,-0.08974354728733658,-0.08555770744820479,-0.41858398391317886,5.548055059690525,2.0,3.548055059690525,6.056005872919357e-17,2.0070708059773718e-17,2004
12-1,"[2, 8]",0.0,M12-0bps,S12-02-08-0bps,0.15730426143996024,0.1595682764992481,-0.22640150592878605,0.15730426143996024,0.1595682764992481,-0.22640150592878605,-0.09956633011933524,-0.10346025169436257,0.3893921575027326,3.5953828753179926,0.7519346640459964,2.8434482112719963,1.6138526145578435e-17,0.0,2005
12-1,"[2, 8]",0.0,M12-0bps,S12-02-08-0bps,0.07920023541018684,0.19790880822885182,-11.870857281866499,0.07920023541018684,0.19790880822885182,-11.870857281866499,-0.13380388670414955,-0.07662510992093141,-5.717877678321814,8.169390999043845,2.0222998028042154,6.1470911962396295,1.3845364438662085e-17,0.0,2006
12-1,"[2, 8]",0.0,M12-0bps,S12-02-08-0bps,0.0963064222201917,0.0580528262826161,3.82535959375756,0.0963064222201917,0.0580528262826161,3.82535959375756,-0.11677986501106985,-0.10150823930939301,-1.5271625701676839,6.800817671110466,3.374314174823757,3.4265034962867094,4.1197322300780757e-17,0.0,2007
12-1,"[2, 8]",0.0,M12-0bps,S12-02-08-0bps,-0.19693188309707244,-0.35370584673058725,15.67739636335148,-0.19693188309707244,-0.35370584673058725,15.67739636335148,-0.2666156987067432,-0.4472742146370121,18.065851593026892,5.278999266765332,2.0516986263983124,3.22730064036702,0.20051826604062656,0.0,2008
12-1,"[2, 8]",0.0,M12-0bps,S12-02-08-0bps,0.11727743531941148,-0.15932213941175788,27.659957473116936,0.11727743531941148,-0.15932213941175788,27.659957473116936,-0.02216741015817647,-0.1962944744481293,17.412706428995286,1.022798120698004,1.0,0.02279812069800391,0.8040306845603088,0.8452380952380952,2009
12-1,"[2, 8]",0.0,M12-0bps,S12-02-08-0bps,0.15288596170761926,0.1802177100068698,-2.733174829925056,0.15288596170761926,0.1802177100068698,-2.733174829925056,-0.15150616847964116,-0.14440636799666118,-0.7099800482979979,6.183542526582009,1.666666666666667,4.516875859915342,1.3745948916114336e-17,0.1507936507936508,2010
12-1,"[2, 8]",0.0,M12-0bps,S12-02-08-0bps,0.028673715686122536,-0.010566527747691734,3.924024343381427,0.028673715686122536,-0.010566527747691734,3.924024343381427,-0.1807833719255434,-0.21644597113340913,3.566259920786574,5.602923581524717,1.3543528645614136,4.248570716963304,7.868952549378996e-17,1.7778610819746147e-17,2011
12-1,"[2, 8]",0.0,M12-0bps,S12-02-08-0bps,0.10188490342216316,0.130300825552377,-2.841592213021382,0.10188490342216316,0.130300825552377,-2.841592213021382,-0.060779665194865884,-0.08147235701516864,2.0692691820302755,5.451421182330785,2.025225731030578,3.426195451300207,4.828079687272256e-17,0.0,2012
12-1,"[2, 8]",0.0,M12-0bps,S12-02-08-0bps,0.3346978422444329,0.35189615508446037,-1.7198312840027485,0.3346978422444329,0.35189615508446037,-1.7198312840027485,-0.07331962130465641,-0.05355525566372399,-1.9764365640932424,3.429600342345427,2.0,1.4296003423454269,5.881480986252851e-17,1.467238728412651e-16,2013
12-1,"[2, 8]",0.0,M12-0bps,S12-02-08-0bps,0.12722438065501196,0.10970824622009179,1.7516134434920172,0.12722438065501196,0.10970824622009179,1.7516134434920172,-0.08168122658023058,-0.08164880104250904,-0.0032425537721536557,5.427877517084994,2.001516556770574,3.42636096031442,4.9747402583233084e-17,2.4877473419883453e-17,2014
12-1,"[2, 8]",0.0,M12-0bps,S12-02-08-0bps,0.036511345978163634,0.07596083487604344,-3.9449488897879803,0.036511345978163634,0.07596083487604344,-3.9449488897879803,-0.11218104159106457,-0.10181234763293023,-1.0368693958134334,5.510854043148358,2.005232915344794,3.505621127803564,1.552853745157925e-17,0.0,2015
12-1,"[2, 8]",0.0,M12-0bps,S12-02-08-0bps,0.0046309698132265265,0.017167315417301765,-1.2536345604075239,0.0046309698132265265,0.017167315417301765,-1.2536345604075239,-0.10686150498606828,-0.08708647086326526,-1.9775034122803015,6.810749109789703,1.3483039825910976,5.462445127198605,0.028491869396637903,0.1633282191529575,2016
12-1,"[2, 8]",0.0,M12-0bps,S12-02-08-0bps,0.17281627295407476,0.258113671889018,-8.529739893494327,0.17281627295407476,0.258113671889018,-8.529739893494327,-0.046516995119561755,-0.046331254047859094,-0.018574107170266085,6.15699739452159,1.379376897216736,4.777620497304854,5.5300863530592815e-17,1.9377321752754134e-17,2017
12-1,"[2, 8]",0.0,M12-0bps,S12-02-08-0bps,-0.05162731617101046,-0.048444711667686824,-0.31826045033236383,-0.05162731617101046,-0.048444711667686824,-0.31826045033236383,-0.19946018073892624,-0.24630106185371514,4.68408811147889,4.80613199215351,2.0044009832227543,2.801731008930756,1.0597093248251574e-16,0.0,2018
12-1,"[2, 8]",0.0,M12-0bps,S12-02-08-0bps,0.24293277526131685,0.3170358613221895,-7.410308606087268,0.24293277526131685,0.3170358613221895,-7.410308606087268,-0.05168097099949309,-0.048102923647614815,-0.35780473518782774,6.168601302627207,2.666666666666667,3.5019346359605397,0.049863029728561346,0.0,2019
12-1,"[2, 8]",0.0,M12-0bps,S12-02-08-0bps,0.19655914901246385,0.18554430685995715,1.1014842152506699,0.19655914901246385,0.18554430685995715,1.1014842152506699,-0.30266992317089536,-0.30314156449897955,0.04716413280841936,2.8494117505060976,1.3984489239120546,1.450962826594043,0.025768715736776984,0.0,2020
12-1,"[2, 8]",0.0,M12-0bps,S12-02-08-0bps,0.14769004821368426,0.21553499790165742,-6.784494968797317,0.14769004821368426,0.21553499790165742,-6.784494968797317,-0.08104697811349393,-0.07198622877022387,-0.9060749343270058,2.7870003218848645,2.668081092891729,0.11891922899313556,1.6289095209530712e-17,0.0,2021
12-1,"[2, 8]",0.0,M12-0bps,S12-02-08-0bps,0.13375033000869885,0.016937667208065,11.681266280063385,0.13375033000869885,0.016937667208065,11.681266280063385,-0.1381109595439538,-0.1527137867569609,1.4602827213007097,4.987772920237986,2.0364655241609166,2.9513073960770693,0.027740049322697094,3.855537859949987e-17,2022
12-1,"[2, 8]",0.0,M12-0bps,S12-02-08-0bps,0.08917635898654419,0.06438133850935412,2.4795020477190066,0.08917635898654419,0.06438133850935412,2.4795020477190066,-0.11010403647280043,-0.11301044309728159,0.29064066244811615,6.416739169330028,2.0686298198145274,4.3481093495155,0.07678023953875582,7.622479940694813e-17,2023
12-1,"[2, 8]",0.0,M12-0bps,S12-02-08-0bps,0.09951987570064325,0.10010467307735804,-0.058479737671479626,0.09951987570064325,0.10010467307735804,-0.058479737671479626,-0.08313214396788171,-0.1039059730468358,2.0773829078954087,6.487155707072195,2.6666666666666665,3.8204890404055285,8.00020508681659e-17,0.0,2024
12-1,"[2, 8]",0.0,M12-0bps,S12-02-08-0bps,0.043981504693428874,0.16488000958062599,-12.089850488719712,0.043981504693428874,0.16488000958062599,-12.089850488719712,-0.14212129532580464,-0.13616660512414658,-0.5954690201658064,4.824147357031187,2.0142228891028555,2.8099244679283313,8.624467676266139e-17,0.0,2025
12-1,"[3, 9]",0.0,M12-0bps,S12-03-09-0bps,-0.09963303540797208,-0.036932526166604474,-6.270050924136761,-0.09963303540797208,-0.036932526166604474,-6.270050924136761,-0.23910806270786478,-0.22919666028921737,-0.9911402418647408,3.8992326317563033,2.6666666666666665,1.2325659650896368,0.05320051896001409,0.0,2001
12-1,"[3, 9]",0.0,M12-0bps,S12-03-09-0bps,-0.08080462550398315,-0.13978210065427976,5.8977475150296605,-0.08080462550398315,-0.13978210065427976,5.8977475150296605,-0.2720516490919265,-0.28161725265851034,0.9565603566583869,3.7878764284914967,0.7522866940204221,3.0355897344710745,0.32528328843056387,0.0,2002
12-1,"[3, 9]",0.0,M12-0bps,S12-03-09-0bps,0.16434132035909532,0.1305989871709834,3.374233318811193,0.16434132035909532,0.1305989871709834,3.374233318811193,-0.056015904208169376,-0.12978543476237603,7.376953055420666,4.047952245458735,2.0,2.0479522454587347,0.4681115610628902,0.503968253968254,2003
12-1,"[3, 9]",0.0,M12-0bps,S12-03-09-0bps,0.12240975655059638,0.11505644018246519,0.7353316368131191,0.12240975655059638,0.11505644018246519,0.7353316368131191,-0.08974354728733658,-0.10905296426654465,1.9309416979208072,5.548055059690525,2.666666666666667,2.881388393023858,6.056005872919357e-17,3.155637411627934e-17,2004
12-1,"[3, 9]",0.0,M12-0bps,S12-03-09-0bps,0.15730426143996024,0.18261615859740354,-2.531189715744331,0.15730426143996024,0.18261615859740354,-2.531189715744331,-0.09956633011933524,-0.10054188647662277,0.09755563572875214,3.5953828753179926,0.715501848203479,2.8798810271145134,1.6138526145578435e-17,2.804313609010606e-17,2005
12-1,"[3, 9]",0.0,M12-0bps,S12-03-09-0bps,0.07920023541018684,0.14934506925501223,-7.014483384482539,0.07920023541018684,0.14934506925501223,-7.014483384482539,-0.13380388670414955,-0.1021840819441786,-3.161980475997095,8.169390999043845,2.6666666666666665,5.502724332377179,1.3845364438662085e-17,4.556525710905728e-17,2006
12-1,"[3, 9]",0.0,M12-0bps,S12-03-09-0bps,0.0963064222201917,0.05192550203273738,4.438092018745432,0.0963064222201917,0.05192550203273738,4.438092018745432,-0.11677986501106985,-0.09794209160718959,-1.8837773403880265,6.800817671110466,3.3591673836402274,3.441650287470239,4.1197322300780757e-17,4.1942163820595423e-17,2007
12-1,"[3, 9]",0.0,M12-0bps,S12-03-09-0bps,-0.19693188309707244,-0.21831759050451371,2.138570740744128,-0.19693188309707244,-0.21831759050451371,2.138570740744128,-0.2666156987067432,-0.26243194687757887,-0.4183751829164306,5.278999266765332,2.0,3.2789992667653323,0.20051826604062656,0.17639597726569642,2008
12-1,"[3, 9]",0.0,M12-0bps,S12-03-09-0bps,0.11727743531941148,-0.0003975141352310363,11.767494945464252,0.11727743531941148,-0.0003975141352310363,11.767494945464252,-0.02216741015817647,-0.06210085714019087,3.99334469820144,1.022798120698004,0.612224462988221,0.41057365770978294,0.8040306845603088,0.8439701510019979,2009
12-1,"[3, 9]",0.0,M12-0bps,S12-03-09-0bps,0.15288596170761926,0.08382999546454672,6.905596624307253,0.15288596170761926,0.08382999546454672,6.905596624307253,-0.15150616847964116,-0.15344981370987243,0.19436452302312723,6.183542526582009,2.0298966192833596,4.15364590729865,1.3745948916114336e-17,0.15743314463723423,2010
12-1,"[3, 9]",0.0,M12-0bps,S12-03-09-0bps,0.028673715686122536,-0.015199036687833956,4.387275237395649,0.028673715686122536,-0.015199036687833956,4.387275237395649,-0.1807833719255434,-0.1961365698105102,1.5353197884966807,5.602923581524717,2.7567004719152846,2.8462231096094324,7.868952549378996e-17,2.6137785716380007e-17,2011
12-1,"[3, 9]",0.0,M12-0bps,S12-03-09-0bps,0.10188490342216316,0.09698589694958892,0.4899006472574241,0.10188490342216316,0.09698589694958892,0.4899006472574241,-0.060779665194865884,-0.06078456642939645,0.0004901234530563237,5.451421182330785,1.3911122237812186,4.060308958549566,4.828079687272256e-17,2.454360209916102e-17,2012
12-1,"[3, 9]",0.0,M12-0bps,S12-03-09-0bps,0.3346978422444329,0.30088435109243505,3.381349115199783,0.3346978422444329,0.30088435109243505,3.381349115199783,-0.07331962130465641,-0.07026504304509695,-0.30545782595594595,3.429600342345427,2.0079940282062756,1.4216063141391513,5.881480986252851e-17,0.0,2013
12-1,"[3, 9]",0.0,M12-0bps,S12-03-09-0bps,0.12722438065501196,0.10952245274715544,1.7701927907856518,0.12722438065501196,0.10952245274715544,1.7701927907856518,-0.08168122658023058,-0.08592896984832821,0.42477432680976257,5.427877517084994,2.028141613697881,3.399735903387113,4.9747402583233084e-17,3.290996191932016e-17,2014
12-1,"[3, 9]",0.0,M12-0bps,S12-03-09-0bps,0.036511345978163634,0.05398360875781849,-1.7472262779654857,0.036511345978163634,0.05398360875781849,-1.7472262779654857,-0.11218104159106457,-0.11537526357914563,0.31942219880810585,5.510854043148358,1.3627718794649066,4.148082163683451,1.552853745157925e-17,1.2249133025802637e-16,2015
12-1,"[3, 9]",0.0,M12-0bps,S12-03-09-0bps,0.0046309698132265265,0.06583177063370949,-6.120080082048296,0.0046309698132265265,0.06583177063370949,-6.120080082048296,-0.10686150498606828,-0.08773377267346394,-1.912773231260434,6.810749109789703,2.0138165786704256,4.796932531119277,0.028491869396637903,5.907349026387607e-17,2016
12-1,"[3, 9]",0.0,M12-0bps,S12-03-09-0bps,0.17281627295407476,0.2812898123082386,-10.847353935416383,0.17281627295407476,0.2812898123082386,-10.847353935416383,-0.046516995119561755,-0.031253624203608554,-1.52633709159532,6.15699739452159,0.6752467929606409,5.481750601560949,5.5300863530592815e-17,2.6616620200244918e-17,2017
12-1,"[3, 9]",0.0,M12-0bps,S12-03-09-0bps,-0.05162731617101046,-0.02012966871738142,-3.149764745362904,-0.05162731617101046,-0.02012966871738142,-3.149764745362904,-0.19946018073892624,-0.19908286425515387,-0.03773164837723719,4.80613199215351,1.3492282957354291,3.456903696418081,1.0597093248251574e-16,0.0,2018
12-1,"[3, 9]",0.0,M12-0bps,S12-03-09-0bps,0.24293277526131685,0.28480073188269217,-4.186795662137532,0.24293277526131685,0.28480073188269217,-4.186795662137532,-0.05168097099949309,-0.04796143151151022,-0.371953948798287,6.168601302627207,2.0070504076028923,4.161550895024314,0.049863029728561346,0.0,2019
12-1,"[3, 9]",0.0,M12-0bps,S12-03-09-0bps,0.19655914901246385,0.19294717506385206,0.3611973948611791,0.19655914901246385,0.19294717506385206,0.3611973948611791,-0.30266992317089536,-0.3034308536452538,0.07609304743584344,2.8494117505060976,1.3882114739588682,1.4612002765472294,0.025768715736776984,3.127724620706981e-17,2020
12-1,"[3, 9]",0.0,M12-0bps,S12-03-09-0bps,0.14769004821368426,0.19789839526016428,-5.020834704648003,0.14769004821368426,0.19789839526016428,-5.020834704648003,-0.08104697811349393,-0.07601731845749049,-0.5029659656003438,2.7870003218848645,2.6666666666666665,0.12033365521819794,1.6289095209530712e-17,2.7788616563091695e-17,2021
12-1,"[3, 9]",0.0,M12-0bps,S12-03-09-0bps,0.13375033000869885,0.027377215345918193,10.637311466278065,0.13375033000869885,0.027377215345918193,10.637311466278065,-0.1381109595439538,-0.130475755711443,-0.7635203832510817,4.987772920237986,2.024262078513293,2.963510841724693,0.027740049322697094,0.0,2022
12-1,"[3, 9]",0.0,M12-0bps,S12-03-09-0bps,0.08917635898654419,0.14915630244909117,-5.997994346254698,0.08917635898654419,0.14915630244909117,-5.997994346254698,-0.11010403647280043,-0.08955556589030433,-2.0548470582496092,6.416739169330028,2.0136600251983428,4.403079144131685,0.07678023953875582,0.33516239167547746,2023
12-1,"[3, 9]",0.0,M12-0bps,S12-03-09-0bps,0.09951987570064325,0.18810816983876166,-8.858829413811842,0.09951987570064325,0.18810816983876166,-8.858829413811842,-0.08313214396788171,-0.09259074113434917,0.9458597166467464,6.487155707072195,1.334071444288773,5.153084262783422,8.00020508681659e-17,3.904418233684981e-17,2024
12-1,"[3, 9]",0.0,M12-0bps,S12-03-09-0bps,0.043981504693428874,0.10045818345387048,-5.64766787604416,0.043981504693428874,0.10045818345387048,-5.64766787604416,-0.14212129532580464,-0.11386723476696115,-2.8254060558843497,4.824147357031187,2.0179783531590876,2.806169003872099,8.624467676266139e-17,1.0018304616114028e-16,2025
12-1,"[4, 10]",0.0,M12-0bps,S12-04-10-0bps,-0.09963303540797208,-0.015214619304285026,-8.441841610368705,-0.09963303540797208,-0.015214619304285026,-8.441841610368705,-0.23910806270786478,-0.1468524753481102,-9.225558735975458,3.8992326317563033,2.366848619203382,1.5323840125529213,0.05320051896001409,0.05135648716873849,2001
12-1,"[4, 10]",0.0,M12-0bps,S12-04-10-0bps,-0.08080462550398315,-0.15169631379764692,7.089168829366377,-0.08080462550398315,-0.15169631379764692,7.089168829366377,-0.2720516490919265,-0.2676946981216949,-0.4356950970231588,3.7878764284914967,1.7027032332395533,2.0851731952519437,0.32528328843056387,0.2042513097893867,2002
12-1,"[4, 10]",0.0,M12-0bps,S12-04-10-0bps,0.16434132035909532,0.10509709058104777,5.924422977804755,0.16434132035909532,0.10509709058104777,5.924422977804755,-0.056015904208169376,-0.03463121633790156,-2.1384687870267816,4.047952245458735,1.3436852654989246,2.70426697995981,0.4681115610628902,0.728676872950735,2003
12-1,"[4, 10]",0.0,M12-0bps,S12-04-10-0bps,0.12240975655059638,0.13582911500108197,-1.3419358450485586,0.12240975655059638,0.13582911500108197,-1.3419358450485586,-0.08974354728733658,-0.07699327611591456,-1.2750271171422023,5.548055059690525,2.0,3.548055059690525,6.056005872919357e-17,0.0,2004
12-1,"[4, 10]",0.0,M12-0bps,S12-04-10-0bps,0.15730426143996024,0.18025068266980182,-2.2946421229841585,0.15730426143996024,0.18025068266980182,-2.2946421229841585,-0.09956633011933524,-0.1103985677770003,1.0832237657665056,3.5953828753179926,1.3505684728198597,2.244814402498133,1.6138526145578435e-17,0.0,2005
12-1,"[4, 10]",0.0,M12-0bps,S12-04-10-0bps,0.07920023541018684,0.11321099877827523,-3.4010763368088393,0.07920023541018684,0.11321099877827523,-3.4010763368088393,-0.13380388670414955,-0.10483283878672012,-2.8971047917429438,8.169390999043845,2.6875179424083413,5.481873056635504,1.3845364438662085e-17,0.0,2006
12-1,"[4, 10]",0.0,M12-0bps,S12-04-10-0bps,0.0963064222201917,0.0731930540037744,2.3113368216417296,0.0963064222201917,0.0731930540037744,2.3113368216417296,-0.11677986501106985,-0.08699678382656506,-2.978308118450479,6.800817671110466,3.335737760366986,3.46507991074348,4.1197322300780757e-17,0.0,2007
12-1,"[4, 10]",0.0,M12-0bps,S12-04-10-0bps,-0.19693188309707244,-0.2854305238341117,8.849864073703928,-0.19693188309707244,-0.2854305238341117,8.849864073703928,-0.2666156987067432,-0.4342713842948227,16.765568558807953,5.278999266765332,1.352346583033635,3.9266526837316973,0.20051826604062656,0.10958776573206463,2008
12-1,"[4, 10]",0.0,M12-0bps,S12-04-10-0bps,0.11727743531941148,0.09358085635477753,2.369657896463395,0.11727743531941148,0.09358085635477753,2.369657896463395,-0.02216741015817647,-0.06707382255926853,4.4906412401092055,1.022798120698004,1.3129311129217918,-0.29013299222378786,0.8040306845603088,0.7329534334806994,2009
12-1,"[4, 10]",0.0,M12-0bps,S12-04-10-0bps,0.15288596170761926,0.17011545091177194,-1.7229489204152681,0.15288596170761926,0.17011545091177194,-1.7229489204152681,-0.15150616847964116,-0.13377512922660018,-1.773103925304098,6.183542526582009,2.6778348180286464,3.505707708553363,1.3745948916114336e-17,3.229620434327218e-17,2010
12-1,"[4, 10]",0.0,M12-0bps,S12-04-10-0bps,0.028673715686122536,0.02295979494982725,0.5713920736295286,0.028673715686122536,0.02295979494982725,0.5713920736295286,-0.1807833719255434,-0.21419279802453406,3.340942609899067,5.602923581524717,3.333333333333333,2.269590248191384,7.868952549378996e-17,0.0,2011
12-1,"[4, 10]",0.0,M12-0bps,S12-04-10-0bps,0.10188490342216316,0.09101435886053943,1.087054456162373,0.10188490342216316,0.09101435886053943,1.087054456162373,-0.060779665194865884,-0.05997556759469036,-0.0804097600175524,5.451421182330785,2.032568204530934,3.418852977799851,4.828079687272256e-17,0.0,2012
12-1,"[4, 10]",0.0,M12-0bps,S12-04-10-0bps,0.3346978422444329,0.3013786257129407,3.331921653149217,0.3346978422444329,0.3013786257129407,3.331921653149217,-0.07331962130465641,-0.06997502980043735,-0.3344591504219063,3.429600342345427,2.005874080521118,1.4237262618243087,5.881480986252851e-17,0.0,2013
12-1,"[4, 10]",0.0,M12-0bps,S12-04-10-0bps,0.12722438065501196,0.157075893318533,-2.985151266352104,0.12722438065501196,0.157075893318533,-2.985151266352104,-0.08168122658023058,-0.07468822283569554,-0.6993003744535042,5.427877517084994,1.3333333333333335,4.09454418375166,4.9747402583233084e-17,0.0,2014
12-1,"[4, 10]",0.0,M12-0bps,S12-04-10-0bps,0.036511345978163634,0.06726975317062167,-3.0758407192458037,0.036511345978163634,0.06726975317062167,-3.0758407192458037,-0.11218104159106457,-0.10819638654898334,-0.3984655042081231,5.510854043148358,1.3590585710711254,4.151795472077232,1.552853745157925e-17,0.0,2015
12-1,"[4, 10]",0.0,M12-0bps,S12-04-10-0bps,0.0046309698132265265,0.029908127119533834,-2.5277157306307307,0.0046309698132265265,0.029908127119533834,-2.5277157306307307,-0.10686150498606828,-0.09141742214913495,-1.5444082836933326,6.810749109789703,1.3498985095343654,5.460850600255338,0.028491869396637903,0.0,2016
12-1,"[4, 10]",0.0,M12-0bps,S12-04-10-0bps,0.17281627295407476,0.2787648668204388,-10.5948593866364,0.17281627295407476,0.2787648668204388,-10.5948593866364,-0.046516995119561755,-0.02626776674280995,-2.0249228376751804,6.15699739452159,2.0250201514443775,4.131977243077213,5.5300863530592815e-17,0.0,2017
12-1,"[4, 10]",0.0,M12-0bps,S12-04-10-0bps,-0.05162731617101046,-0.04793780502420397,-0.368951114680649,-0.05162731617101046,-0.04793780502420397,-0.368951114680649,-0.19946018073892624,-0.2028774494035389,0.34172686646126715,4.80613199215351,1.9999999999999998,2.80613199215351,1.0597093248251574e-16,9.458203637745902e-17,2018
12-1,"[4, 10]",0.0,M12-0bps,S12-04-10-0bps,0.24293277526131685,0.3178789147810328,-7.494613951971596,0.24293277526131685,0.3178789147810328,-7.494613951971596,-0.05168097099949309,-0.03893699514166782,-1.2743975857825274,6.168601302627207,2.0635028248606986,4.105098477766508,0.049863029728561346,1.0975766590713447e-16,2019
12-1,"[4, 10]",0.0,M12-0bps,S12-04-10-0bps,0.19655914901246385,0.1265130086595787,7.0046140352885145,0.19655914901246385,0.1265130086595787,7.0046140352885145,-0.30266992317089536,-0.312632458799595,0.9962535628699642,2.8494117505060976,2.0606532797729686,0.788758470733129,0.025768715736776984,0.1545759780654965,2020
12-1,"[4, 10]",0.0,M12-0bps,S12-04-10-0bps,0.14769004821368426,0.15760794704156855,-0.9917898827884297,0.14769004821368426,0.15760794704156855,-0.9917898827884297,-0.08104697811349393,-0.07612363138275124,-0.49233467307426837,2.7870003218848645,3.3333333333333335,-0.546333011448469,1.6289095209530712e-17,3.24064011339938e-17,2021
12-1,"[4, 10]",0.0,M12-0bps,S12-04-10-0bps,0.13375033000869885,0.14641145885933105,-1.2661128850632197,0.13375033000869885,0.14641145885933105,-1.2661128850632197,-0.1381109595439538,-0.14627369547731672,0.8162735933362919,4.987772920237986,1.1245253851503487,3.863247535087637,0.027740049322697094,0.05557597859645538,2022
12-1,"[4, 10]",0.0,M12-0bps,S12-04-10-0bps,0.08917635898654419,0.1995514810245771,-11.03751220380329,0.08917635898654419,0.1995514810245771,-11.03751220380329,-0.11010403647280043,-0.08469059313663474,-2.5413443336165686,6.416739169330028,1.7323660755411832,4.684373093788845,0.07678023953875582,0.1090315480349493,2023
12-1,"[4, 10]",0.0,M12-0bps,S12-04-10-0bps,0.09951987570064325,0.15991703750319686,-6.039716180255361,0.09951987570064325,0.15991703750319686,-6.039716180255361,-0.08313214396788171,-0.0931280702521563,0.9995926284274592,6.487155707072195,1.350165685087248,5.136990021984947,8.00020508681659e-17,1.76455134653182e-17,2024
12-1,"[4, 10]",0.0,M12-0bps,S12-04-10-0bps,0.043981504693428874,0.04549202587668266,-0.1510521183253788,0.043981504693428874,0.04549202587668266,-0.1510521183253788,-0.14212129532580464,-0.1332613369429978,-0.8859958382806843,4.824147357031187,2.0043328492547863,2.8198145077764005,8.624467676266139e-17,3.554668510750843e-17,2025
12-1,"[5, 11]",0.0,M12-0bps,S12-05-11-0bps,-0.09963303540797208,-0.06294265579513392,-3.6690379612838164,-0.09963303540797208,-0.06294265579513392,-3.6690379612838164,-0.23910806270786478,-0.16056075674075487,-7.85473059671099,3.8992326317563033,3.036301919559648,0.8629307121966554,0.05320051896001409,0.02657705619535825,2001
12-1,"[5, 11]",0.0,M12-0bps,S12-05-11-0bps,-0.08080462550398315,-0.10447436426895984,2.366973876497669,-0.08080462550398315,-0.10447436426895984,2.366973876497669,-0.2720516490919265,-0.26341301336897227,-0.8638635722954202,3.7878764284914967,1.6844257856214422,2.1034506428700546,0.32528328843056387,0.1876173069947886,2002
12-1,"[5, 11]",0.0,M12-0bps,S12-05-11-0bps,0.16434132035909532,0.08640436013135067,7.793696022774466,0.16434132035909532,0.08640436013135067,7.793696022774466,-0.056015904208169376,-0.033596269692538816,-2.241963451563056,4.047952245458735,1.3391338234653114,2.7088184219934233,0.4681115610628902,0.7793353491363751,2003
12-1,"[5, 11]",0.0,M12-0bps,S12-05-11-0bps,0.12240975655059638,0.12756773982025083,-0.5157983269654443,0.12240975655059638,0.12756773982025083,-0.5157983269654443,-0.08974354728733658,-0.09151950917969576,0.1775961892359179,5.548055059690525,2.6666666666666665,2.8813883930238586,6.056005872919357e-17,6.582757389821929e-17,2004
12-1,"[5, 11]",0.0,M12-0bps,S12-05-11-0bps,0.15730426143996024,0.2030886255762434,-4.578436413628317,0.15730426143996024,0.2030886255762434,-4.578436413628317,-0.09956633011933524,-0.10387827954972773,0.4311949430392481,3.5953828753179926,0.7426797958347713,2.8527030794832213,1.6138526145578435e-17,4.677891149300535e-17,2005
12-1,"[5, 11]",0.0,M12-0bps,S12-05-11-0bps,0.07920023541018684,0.1359137449891037,-5.671350957891685,0.07920023541018684,0.1359137449891037,-5.671350957891685,-0.13380388670414955,-0.10217955917024146,-3.162432753390809,8.169390999043845,3.333333333333333,4.836057665710512,1.3845364438662085e-17,0.0,2006
12-1,"[5, 11]",0.0,M12-0bps,S12-05-11-0bps,0.0963064222201917,0.17448015726931887,-7.817373504912717,0.0963064222201917,0.17448015726931887,-7.817373504912717,-0.11677986501106985,-0.07873948865598346,-3.804037635508639,6.800817671110466,2.676163962688735,4.124653708421731,4.1197322300780757e-17,0.0,2007
12-1,"[5, 11]",0.0,M12-0bps,S12-05-11-0bps,-0.19693188309707244,-0.3375551242263971,14.062324112932467,-0.19693188309707244,-0.3375551242263971,14.062324112932467,-0.2666156987067432,-0.4500123560687298,18.33966573619866,5.278999266765332,1.6671495522330377,3.6118497145322945,0.20051826604062656,0.08695652173913052,2008
12-1,"[5, 11]",0.0,M12-0bps,S12-05-11-0bps,0.11727743531941148,0.030318105301756937,8.695933001765454,0.11727743531941148,0.030318105301756937,8.695933001765454,-0.02216741015817647,-0.016746362216439215,-0.5421047941737256,1.022798120698004,1.0,0.02279812069800391,0.8040306845603088,0.9126984126984127,2009
12-1,"[5, 11]",0.0,M12-0bps,S12-05-11-0bps,0.15288596170761926,0.16800835420164328,-1.5122392494024028,0.15288596170761926,0.16800835420164328,-1.5122392494024028,-0.15150616847964116,-0.17987880965100433,2.8372641171363178,6.183542526582009,1.3493347908296198,4.83420773575239,1.3745948916114336e-17,0.0,2010
12-1,"[5, 11]",0.0,M12-0bps,S12-05-11-0bps,0.028673715686122536,0.07741952059221013,-4.87458049060876,0.028673715686122536,0.07741952059221013,-4.87458049060876,-0.1807833719255434,-0.1673930381673564,-1.339033375818699,5.602923581524717,2.0075664774499407,3.5953571040747763,7.868952549378996e-17,0.0,2011
12-1,"[5, 11]",0.0,M12-0bps,S12-05-11-0bps,0.10188490342216316,0.13437961532957798,-3.249471190741482,0.10188490342216316,0.13437961532957798,-3.249471190741482,-0.060779665194865884,-0.07803025382035633,1.7250588625490448,5.451421182330785,2.6731342371830804,2.7782869451477046,4.828079687272256e-17,0.0,2012
12-1,"[5, 11]",0.0,M12-0bps,S12-05-11-0bps,0.3346978422444329,0.36161882104275356,-2.692097879832067,0.3346978422444329,0.36161882104275356,-2.692097879832067,-0.07331962130465641,-0.05497061845688889,-1.8349002847767526,3.429600342345427,1.3733452349815687,2.0562551073638584,5.881480986252851e-17,0.0,2013
12-1,"[5, 11]",0.0,M12-0bps,S12-05-11-0bps,0.12722438065501196,0.15090141460308737,-2.367703394807541,0.12722438065501196,0.15090141460308737,-2.367703394807541,-0.08168122658023058,-0.058052782929989055,-2.3628443650241526,5.427877517084994,1.3405343550598063,4.087343162025188,4.9747402583233084e-17,0.0,2014
12-1,"[5, 11]",0.0,M12-0bps,S12-05-11-0bps,0.036511345978163634,0.0427674022609017,-0.6256056282738065,0.036511345978163634,0.0427674022609017,-0.6256056282738065,-0.11218104159106457,-0.11940075964589214,0.7219718054827573,5.510854043148358,1.3343592167776757,4.176494826370682,1.552853745157925e-17,0.0,2015
12-1,"[5, 11]",0.0,M12-0bps,S12-05-11-0bps,0.0046309698132265265,0.06193775849795724,-5.730678868473071,0.0046309698132265265,0.06193775849795724,-5.730678868473071,-0.10686150498606828,-0.07922720216128498,-2.7634302824783297,6.810749109789703,1.3973356578926803,5.413413451897023,0.028491869396637903,0.0,2016
12-1,"[5, 11]",0.0,M12-0bps,S12-05-11-0bps,0.17281627295407476,0.2663830258078719,-9.356675285379712,0.17281627295407476,0.2663830258078719,-9.356675285379712,-0.046516995119561755,-0.023747818846012514,-2.276917627354924,6.15699739452159,2.6744540348925967,3.4825433596289934,5.5300863530592815e-17,1.0972759887932848e-17,2017
12-1,"[5, 11]",0.0,M12-0bps,S12-05-11-0bps,-0.05162731617101046,-0.060032465495366893,0.8405149324356431,-0.05162731617101046,-0.060032465495366893,0.8405149324356431,-0.19946018073892624,-0.2130130376581847,1.355285691925845,4.80613199215351,2.011761082033569,2.794370910119941,1.0597093248251574e-16,1.3532118623565248e-16,2018
12-1,"[5, 11]",0.0,M12-0bps,S12-05-11-0bps,0.24293277526131685,0.2648789271284091,-2.1946151867092256,0.24293277526131685,0.2648789271284091,-2.1946151867092256,-0.05168097099949309,-0.06732702541774827,1.5646054418255173,6.168601302627207,2.0119293626481554,4.156671939979051,0.049863029728561346,5.50953628266481e-17,2019
12-1,"[5, 11]",0.0,M12-0bps,S12-05-11-0bps,0.19655914901246385,0.1820475788974174,1.4511570115046446,0.19655914901246385,0.1820475788974174,1.4511570115046446,-0.30266992317089536,-0.303775045236652,0.11051220657566363,2.8494117505060976,2.0307417016194167,0.8186700488866809,0.025768715736776984,5.525304797803562e-17,2020
12-1,"[5, 11]",0.0,M12-0bps,S12-05-11-0bps,0.14769004821368426,0.15317840019402817,-0.548835198034392,0.14769004821368426,0.15317840019402817,-0.548835198034392,-0.08104697811349393,-0.08331437803586406,0.2267399922370128,2.7870003218848645,2.6666666666666665,0.12033365521819794,1.6289095209530712e-17,0.0,2021
12-1,"[5, 11]",0.0,M12-0bps,S12-05-11-0bps,0.13375033000869885,0.15208183767566918,-1.8331507666970337,0.13375033000869885,0.15208183767566918,-1.8331507666970337,-0.1381109595439538,-0.13811095954395392,1.1102230246251565e-14,4.987772920237986,1.3652413757357829,3.622531544502203,0.027740049322697094,0.0,2022
12-1,"[5, 11]",0.0,M12-0bps,S12-05-11-0bps,0.08917635898654419,0.04060013404480389,4.85762249417403,0.08917635898654419,0.04060013404480389,4.85762249417403,-0.11010403647280043,-0.11107670411485471,0.09726676420542812,6.416739169330028,2.333333333333333,4.083405835996695,0.07678023953875582,0.02599523333428487,2023
12-1,"[5, 11]",0.0,M12-0bps,S12-05-11-0bps,0.09951987570064325,0.10240650060966794,-0.2886624909024693,0.09951987570064325,0.10240650060966794,-0.2886624909024693,-0.08313214396788171,-0.08278344587897424,-0.03486980889074731,6.487155707072195,2.3544647329051847,4.13269097416701,8.00020508681659e-17,0.13169097770794874,2024
12-1,"[5, 11]",0.0,M12-0bps,S12-05-11-0bps,0.043981504693428874,0.1241314936423803,-8.014998894895143,0.043981504693428874,0.1241314936423803,-8.014998894895143,-0.14212129532580464,-0.13253070673029055,-0.9590588595514093,4.824147357031187,2.003134841647752,2.8210125153834347,8.624467676266139e-17,1.1082697935865842e-16,2025
12-1,"[6, 12]",0.0,M12-0bps,S12-06-12-0bps,-0.09963303540797208,-0.13846018363367196,3.882714822569988,-0.09963303540797208,-0.13846018363367196,3.882714822569988,-0.23910806270786478,-0.2323654374058972,-0.6742625301967564,3.8992326317563033,2.666666666666666,1.2325659650896372,0.05320051896001409,7.55028675594312e-17,2001
12-1,"[6, 12]",0.0,M12-0bps,S12-06-12-0bps,-0.08080462550398315,-0.09465890715821912,1.3854281654235967,-0.08080462550398315,-0.09465890715821912,1.3854281654235967,-0.2720516490919265,-0.23536949014942665,-3.668215894249982,3.7878764284914967,1.3772624706342156,2.410613957857281,0.32528328843056387,0.15982759350329037,2002
12-1,"[6, 12]",0.0,M12-0bps,S12-06-12-0bps,0.16434132035909532,0.12953486375471734,3.4806456604377978,0.16434132035909532,0.12953486375471734,3.4806456604377978,-0.056015904208169376,-0.04169142960681338,-1.4324474601355996,4.047952245458735,1.0202372104633124,3.0277150349954223,0.4681115610628902,0.4893903417023802,2003
12-1,"[6, 12]",0.0,M12-0bps,S12-06-12-0bps,0.12240975655059638,0.11631677521770256,0.6092981332893821,0.12240975655059638,0.11631677521770256,0.6092981332893821,-0.08974354728733658,-0.07785926120443976,-1.1884286082896822,5.548055059690525,3.026865389220596,2.521189670469929,6.056005872919357e-17,7.2167926872579e-17,2004
12-1,"[6, 12]",0.0,M12-0bps,S12-06-12-0bps,0.15730426143996024,0.20080536701837604,-4.35011055784158,0.15730426143996024,0.20080536701837604,-4.35011055784158,-0.09956633011933524,-0.10165702414212663,0.2090694022791384,3.5953828753179926,0.7648733640893619,2.8305095112286307,1.6138526145578435e-17,6.244119967659136e-17,2005
12-1,"[6, 12]",0.0,M12-0bps,S12-06-12-0bps,0.07920023541018684,0.1766870823984934,-9.748684698830656,0.07920023541018684,0.1766870823984934,-9.748684698830656,-0.13380388670414955,-0.07714839270607621,-5.665549399807334,8.169390999043845,2.0602020083561263,6.109188990687718,1.3845364438662085e-17,1.0594255820396177e-16,2006
12-1,"[6, 12]",0.0,M12-0bps,S12-06-12-0bps,0.0963064222201917,0.1103663980005185,-1.4059975780326806,0.0963064222201917,0.1103663980005185,-1.4059975780326806,-0.11677986501106985,-0.07209495222335638,-4.4684912787713476,6.800817671110466,3.3333333333333335,3.4674843377771327,4.1197322300780757e-17,0.0,2007
12-1,"[6, 12]",0.0,M12-0bps,S12-06-12-0bps,-0.19693188309707244,-0.320047250676439,12.311536757936658,-0.19693188309707244,-0.320047250676439,12.311536757936658,-0.2666156987067432,-0.4275667515759598,16.09510528692166,5.278999266765332,2.047244708182374,3.231754558582958,0.20051826604062656,8.624912644081144e-17,2008
12-1,"[6, 12]",0.0,M12-0bps,S12-06-12-0bps,0.11727743531941148,0.005705836109142659,11.157159921026881,0.11727743531941148,0.005705836109142659,11.157159921026881,-0.02216741015817647,0.0,-2.216741015817647,1.022798120698004,1.0,0.02279812069800391,0.8040306845603088,1.0,2009
12-1,"[6, 12]",0.0,M12-0bps,S12-06-12-0bps,0.15288596170761926,0.13142546621767526,2.1460495489944,0.15288596170761926,0.13142546621767526,2.1460495489944,-0.15150616847964116,-0.1814324869524252,2.992631847278404,6.183542526582009,2.333333333333333,3.850209193248676,1.3745948916114336e-17,1.2271445532243505e-16,2010
12-1,"[6, 12]",0.0,M12-0bps,S12-06-12-0bps,0.028673715686122536,0.0700677653769608,-4.139404969083826,0.028673715686122536,0.0700677653769608,-4.139404969083826,-0.1807833719255434,-0.166203141675641,-1.4580230249902404,5.602923581524717,1.3783642044821867,4.22455937704253,7.868952549378996e-17,0.0,2011
12-1,"[6, 12]",0.0,M12-0bps,S12-06-12-0bps,0.10188490342216316,0.08509840163096505,1.6786501791198116,0.10188490342216316,0.08509840163096505,1.6786501791198116,-0.060779665194865884,-0.08188621528022844,2.110655008536255,5.451421182330785,1.3533378128047986,4.098083369525987,4.828079687272256e-17,0.0,2012
12-1,"[6, 12]",0.0,M12-0bps,S12-06-12-0bps,0.3346978422444329,0.3807982686782123,-4.610042643377943,0.3346978422444329,0.3807982686782123,-4.610042643377943,-0.07331962130465641,-0.054685329516608205,-1.8634291788048207,3.429600342345427,2.0,1.4296003423454269,5.881480986252851e-17,0.0,2013
12-1,"[6, 12]",0.0,M12-0bps,S12-06-12-0bps,0.12722438065501196,0.1005927097005479,2.663167095446406,0.12722438065501196,0.1005927097005479,2.663167095446406,-0.08168122658023058,-0.08838849122824954,0.6707264648018962,5.427877517084994,2.004347959319586,3.423529557765408,4.9747402583233084e-17,6.659459517372864e-17,2014
12-1,"[6, 12]",0.0,M12-0bps,S12-06-12-0bps,0.036511345978163634,0.0060090944360775556,3.050225154208608,0.036511345978163634,0.0060090944360775556,3.050225154208608,-0.11218104159106457,-0.12419653987844537,1.20154982873808,5.510854043148358,3.333333333333333,2.177520709815025,1.552853745157925e-17,6.366211529739955e-17,2015
12-1,"[6, 12]",0.0,M12-0bps,S12-06-12-0bps,0.0046309698132265265,0.015437542989989561,-1.0806573176763035,0.0046309698132265265,0.015437542989989561,-1.0806573176763035,-0.10686150498606828,-0.11236286190226075,0.5501356916192468,6.810749109789703,1.3607051948545774,5.450043914935126,0.028491869396637903,6.173621591898654e-17,2016
12-1,"[6, 12]",0.0,M12-0bps,S12-06-12-0bps,0.17281627295407476,0.1445020111797639,2.8314261774310845,0.17281627295407476,0.1445020111797639,2.8314261774310845,-0.046516995119561755,-0.05981246498891646,1.3295469869354704,6.15699739452159,3.333333333333333,2.823664061188257,5.5300863530592815e-17,1.182997776884934e-16,2017
12-1,"[6, 12]",0.0,M12-0bps,S12-06-12-0bps,-0.05162731617101046,-0.07593873406426987,2.4311417893259413,-0.05162731617101046,-0.07593873406426987,2.4311417893259413,-0.19946018073892624,-0.24498573757296316,4.552555683403692,4.80613199215351,1.3484129527128885,3.4577190394406214,1.0597093248251574e-16,0.0,2018
12-1,"[6, 12]",0.0,M12-0bps,S12-06-12-0bps,0.24293277526131685,0.26203810389082305,-1.9105328629506202,0.24293277526131685,0.26203810389082305,-1.9105328629506202,-0.05168097099949309,-0.03893686416122766,-1.2744106838265434,6.168601302627207,2.046291413207307,4.122309889419899,0.049863029728561346,5.232480806474468e-17,2019
12-1,"[6, 12]",0.0,M12-0bps,S12-06-12-0bps,0.19655914901246385,0.20748735987209543,-1.0928210859631582,0.19655914901246385,0.20748735987209543,-1.0928210859631582,-0.30266992317089536,-0.3035234720069214,0.08535488360260635,2.8494117505060976,2.004631605671417,0.8447801448346808,0.025768715736776984,0.0,2020
12-1,"[6, 12]",0.0,M12-0bps,S12-06-12-0bps,0.14769004821368426,0.2131032104982895,-6.541316228460525,0.14769004821368426,0.2131032104982895,-6.541316228460525,-0.08104697811349393,-0.06846003855882754,-1.2586939554666388,2.7870003218848645,2.0,0.7870003218848645,1.6289095209530712e-17,6.606135204653956e-17,2021
12-1,"[6, 12]",0.0,M12-0bps,S12-06-12-0bps,0.13375033000869885,0.05209813378834971,8.165219622034915,0.13375033000869885,0.05209813378834971,8.165219622034915,-0.1381109595439538,-0.19098766968340697,5.2876710139453165,4.987772920237986,2.666666666666666,2.32110625357132,0.027740049322697094,5.860128913244931e-17,2022
12-1,"[6, 12]",0.0,M12-0bps,S12-06-12-0bps,0.08917635898654419,0.039852501278710095,4.93238577078341,0.08917635898654419,0.039852501278710095,4.93238577078341,-0.11010403647280043,-0.14375834069957416,3.3654304226773735,6.416739169330028,2.078507760086579,4.338231409243448,0.07678023953875582,0.0,2023
12-1,"[6, 12]",0.0,M12-0bps,S12-06-12-0bps,0.09951987570064325,0.20493629141045533,-10.54164157098121,0.09951987570064325,0.20493629141045533,-10.54164157098121,-0.08313214396788171,-0.09040645903286804,0.7274315064986325,6.487155707072195,0.6941474372592553,5.7930082698129395,8.00020508681659e-17,0.0,2024
12-1,"[6, 12]",0.0,M12-0bps,S12-06-12-0bps,0.043981504693428874,0.16771095775575628,-12.37294530623274,0.043981504693428874,0.16771095775575628,-12.37294530623274,-0.14212129532580464,-0.1323494469373061,-0.9771848388498539,4.824147357031187,0.6869509469909604,4.137196410040226,8.624467676266139e-17,0.0,2025
12-1,"[1, 7]",5.0,M12-5bps,S12-01-07-5bps,-0.10138676669874269,-0.026532713477177783,-7.485405322156491,-0.10138676669874269,-0.026532713477177783,-7.485405322156491,-0.24018281931008556,-0.1934341587601366,-4.674866054994897,3.8987684178928554,2.671018440647452,1.2277499772454035,0.053200518960014084,0.0,2001
12-1,"[1, 7]",5.0,M12-5bps,S12-01-07-5bps,-0.08254386476465048,-0.08936376352221176,0.6819898757561282,-0.08254386476465048,-0.08936376352221176,0.6819898757561282,-0.27243477145603656,-0.17385650113601403,-9.857827032002254,3.7872012502510612,1.304727294533198,2.4824739557178632,0.3252832884305638,0.45068174271325323,2002
12-1,"[1, 7]",5.0,M12-5bps,S12-01-07-5bps,0.1619869125596305,0.13479995198422956,2.718696057540093,0.1619869125596305,0.13479995198422956,2.718696057540093,-0.056015904208169376,-0.05279437708509793,-0.3221527123071444,4.047443639651716,1.3350980454115096,2.7123455942402064,0.4681115610628902,0.3817533020051214,2003
12-1,"[1, 7]",5.0,M12-5bps,S12-01-07-5bps,0.11930034716522031,0.21729031097373408,-9.798996380851378,0.11930034716522031,0.21729031097373408,-9.798996380851378,-0.09065737313831035,-0.06746587613787469,-2.3191497000435657,5.54714253837983,2.687575107895797,2.8595674304840326,6.016190987802047e-17,6.110479237681506e-17,2004
12-1,"[1, 7]",5.0,M12-5bps,S12-01-07-5bps,0.15522551269406293,0.17448093317219282,-1.9255420478129892,0.15522551269406293,0.17448093317219282,-1.9255420478129892,-0.09986652470839397,-0.10436206348997212,0.44955387815781567,3.595048875933944,1.342971432111712,2.2520774438222317,0.0,0.0,2005
12-1,"[1, 7]",5.0,M12-5bps,S12-01-07-5bps,0.0748015007949634,0.2378340339511802,-16.30325331562168,0.0748015007949634,0.2378340339511802,-16.30325331562168,-0.13585280523398946,-0.06300937369529735,-7.2843431538692105,8.166681915309136,2.0791102389107285,6.087571676398407,0.0,0.0,2006
12-1,"[1, 7]",5.0,M12-5bps,S12-01-07-5bps,0.09258535150961444,0.054393940745040226,3.819141076457422,0.09258535150961444,0.054393940745040226,3.819141076457422,-0.11766832932406379,-0.13776121277586273,2.0092883451798937,6.798556441251051,3.344597246955418,3.453959194295633,0.0,5.958599794599575e-17,2007
12-1,"[1, 7]",5.0,M12-5bps,S12-01-07-5bps,-0.1990488899394124,-0.3629982319235996,16.39493419841872,-0.1990488899394124,-0.3629982319235996,16.39493419841872,-0.267414580927509,-0.4800421466764092,21.26275657489002,5.278182836770085,2.6898479138069407,2.5883349229631447,0.20051826604062656,1.2509320123695074e-17,2008
12-1,"[1, 7]",5.0,M12-5bps,S12-01-07-5bps,0.11670634836354488,-0.042015066770199616,15.87214151337445,0.11670634836354488,-0.042015066770199616,15.87214151337445,-0.02216741015817625,-0.10142594567515217,7.9258535516975925,1.022405108466743,1.0,0.02240510846674293,0.8040306845603088,0.9206349206349206,2009
12-1,"[1, 7]",5.0,M12-5bps,S12-01-07-5bps,0.14932699716743358,0.23145180209401328,-8.21248049265797,0.14932699716743358,0.23145180209401328,-8.21248049265797,-0.15265885220952524,-0.1808586872663147,2.819983505678947,6.18229687262062,2.332611398017039,3.8496854746035813,0.0,0.07539682539682545,2010
12-1,"[1, 7]",5.0,M12-5bps,S12-01-07-5bps,0.025796183634237524,0.04936541848599596,-2.3569234851758436,0.025796183634237524,0.04936541848599596,-2.3569234851758436,-0.1822101549672599,-0.18318186319299856,0.09717082257386656,5.601301730021652,1.3759581972741286,4.225343532747524,0.0,0.0,2011
12-1,"[1, 7]",5.0,M12-5bps,S12-01-07-5bps,0.09888580262708513,0.11930835278967677,-2.0422550162591646,0.09888580262708513,0.11930835278967677,-2.0422550162591646,-0.06078095634738534,-0.0695501024272338,0.8769146079848467,5.449871033552696,0.6802441986639747,4.7696268348887205,2.5465515062628808e-17,0.0,2012
12-1,"[1, 7]",5.0,M12-5bps,S12-01-07-5bps,0.3324110710107502,0.36918157502065907,-3.677050400990889,0.3324110710107502,0.36918157502065907,-3.677050400990889,-0.07362856625504643,-0.054744575789032024,-1.888399046601441,3.429021171370572,1.3338080772833893,2.0952130940871827,5.0203578727462155e-17,0.0,2013
12-1,"[1, 7]",5.0,M12-5bps,S12-01-07-5bps,0.12416927790943122,0.0018755984394818181,12.229367946994941,0.12416927790943122,0.0018755984394818181,12.229367946994941,-0.08168501217270108,-0.12156195625340505,3.987694408070397,5.4268108985058765,2.6690087987915048,2.7578020997143717,0.0,4.758341604818793e-17,2014
12-1,"[1, 7]",5.0,M12-5bps,S12-01-07-5bps,0.03365934746645638,-0.02683149118483863,6.049083865129501,0.03365934746645638,-0.02683149118483863,6.049083865129501,-0.11247853984680489,-0.1154647486642345,0.2986208817429614,5.509730379616429,2.6662222962839524,2.843508083332477,0.0,6.833018296488932e-17,2015
12-1,"[1, 7]",5.0,M12-5bps,S12-01-07-5bps,0.0012154219630671204,0.06432881123748002,-6.31133892744129,0.0012154219630671204,0.06432881123748002,-6.31133892744129,-0.1074689989353983,-0.09357591672977883,-1.3893082205619467,6.809988327777626,2.02229760884375,4.7876907189338755,0.028491869396637892,5.87497153882051e-17,2016
12-1,"[1, 7]",5.0,M12-5bps,S12-01-07-5bps,0.16921117568608013,0.2206244776212063,-5.1413301935126166,0.16921117568608013,0.2206244776212063,-5.1413301935126166,-0.046527309332223155,-0.05472316817609768,0.8195858843874526,6.155537441173601,1.9998889444413592,4.155648496732241,0.0,0.0,2017
12-1,"[1, 7]",5.0,M12-5bps,S12-01-07-5bps,-0.053903587390983776,-0.09244752265055167,3.8543935259567896,-0.053903587390983776,-0.09244752265055167,3.8543935259567896,-0.19947481938482492,-0.24520841374023672,4.57335943554118,4.805352035026714,2.0072732022875366,2.7980788327391775,1.3755429158187363e-17,0.0,2018
12-1,"[1, 7]",5.0,M12-5bps,S12-01-07-5bps,0.23910537495681372,0.250003632611584,-1.089825765477026,0.23910537495681372,0.250003632611584,-1.089825765477026,-0.051997517624091105,-0.04354674262452318,-0.8450774999567923,6.16711972481235,2.022638136207651,4.144481588604699,0.0498630297285613,0.3221316291685661,2019
12-1,"[1, 7]",5.0,M12-5bps,S12-01-07-5bps,0.19485535779935081,0.21543225367316077,-2.0576895873809953,0.19485535779935081,0.21543225367316077,-2.0576895873809953,-0.3026753160366754,-0.30243150459353496,-0.024381144314045144,2.8493359305706614,1.3736298376169622,1.4757060929536991,0.025768715736776967,0.0,2020
12-1,"[1, 7]",5.0,M12-5bps,S12-01-07-5bps,0.14609160062290893,0.25174525582815965,-10.565365520525072,0.14609160062290893,0.25174525582815965,-10.565365520525072,-0.08135867286508625,-0.06844291103178801,-1.2915761833298234,2.786994991932446,1.9998889444413597,0.7871060474910863,0.0,0.0,2021
12-1,"[1, 7]",5.0,M12-5bps,S12-01-07-5bps,0.1309266423667954,-0.036328554269858926,16.725519663665434,0.1309266423667954,-0.036328554269858926,16.725519663665434,-0.1381109595439538,-0.17681936712509405,3.8708407581140247,4.986353253950613,2.666222296283953,2.32013095766666,0.027740049322697063,0.0,2022
12-1,"[1, 7]",5.0,M12-5bps,S12-01-07-5bps,0.0856875821134575,0.030378359352730033,5.530922276072747,0.0856875821134575,0.030378359352730033,5.530922276072747,-0.11070648631255897,-0.09875035163558388,-1.1956134676975094,6.415498343820922,2.0659333121856003,4.349565031635322,0.07678023953875582,0.0,2023
12-1,"[1, 7]",5.0,M12-5bps,S12-01-07-5bps,0.09595928970149292,0.1578239390891969,-6.186464938770397,0.09595928970149292,0.1578239390891969,-6.186464938770397,-0.08314145681236029,-0.0965623214743766,1.3420864662016307,6.485847918963753,2.0076412549957885,4.478206663967964,4.860799652507172e-17,0.0,2024
12-1,"[1, 7]",5.0,M12-5bps,S12-01-07-5bps,0.04146626086950378,0.10643072132020803,-6.496446045070425,0.04146626086950378,0.10643072132020803,-6.496446045070425,-0.14271289960926692,-0.15117126364275124,0.8458364033484322,4.823354373398373,2.0070445484945876,2.8163098249037852,6.923760813003366e-17,0.0,2025
12-1,"[2, 8]",5.0,M12-5bps,S12-02-08-5bps,-0.10138676669874269,-0.07087707496465845,-3.0509691734084243,-0.10138676669874269,-0.07087707496465845,-3.0509691734084243,-0.24018281931008556,-0.26522583552883583,2.504301621875027,3.8987684178928554,2.6679223824146145,1.230846035478241,0.053200518960014084,6.980286314865134e-17,2001
12-1,"[2, 8]",5.0,M12-5bps,S12-02-08-5bps,-0.08254386476465048,-0.06975312692597013,-1.2790737838680344,-0.08254386476465048,-0.06975312692597013,-1.2790737838680344,-0.27243477145603656,-0.17098750446505806,-10.14472669909785,3.7872012502510612,0.9649486715594037,2.8222525786916575,0.3252832884305638,0.5079743901465099,2002
12-1,"[2, 8]",5.0,M12-5bps,S12-02-08-5bps,0.1619869125596305,0.11601931965540846,4.596759290422203,0.1619869125596305,0.11601931965540846,4.596759290422203,-0.056015904208169376,-0.05601590420816949,1.1102230246251565e-14,4.047443639651716,0.9995002498750627,3.0479433897766532,0.4681115610628902,0.6626984126984127,2003
12-1,"[2, 8]",5.0,M12-5bps,S12-02-08-5bps,0.11930034716522031,0.17939781684895428,-6.009746968373397,0.11930034716522031,0.17939781684895428,-6.009746968373397,-0.09065737313831035,-0.08616723405547133,-0.44901390828390175,5.54714253837983,1.9998889444413597,3.54725359393847,6.016190987802047e-17,3.959539536289916e-17,2004
12-1,"[2, 8]",5.0,M12-5bps,S12-02-08-5bps,0.15522551269406293,0.15913227699397936,-0.3906764299916432,0.15522551269406293,0.15913227699397936,-0.3906764299916432,-0.09986652470839397,-0.10346025169436268,0.3593726985968715,3.595048875933944,0.7520315847139774,2.8430172912199665,0.0,1.7013732025297925e-17,2005
12-1,"[2, 8]",5.0,M12-5bps,S12-02-08-5bps,0.0748015007949634,0.19669828566487313,-12.189678486990974,0.0748015007949634,0.19669828566487313,-12.189678486990974,-0.13585280523398946,-0.07662510992093163,-5.922769531305782,8.166681915309136,2.021512265132352,6.145169650176784,0.0,0.0,2006
12-1,"[2, 8]",5.0,M12-5bps,S12-02-08-5bps,0.09258535150961444,0.05626934338450229,3.6316008125112154,0.09258535150961444,0.05626934338450229,3.6316008125112154,-0.11766832932406379,-0.10150823930939312,-1.616009001467067,6.798556441251051,3.37262786089331,3.4259285803577413,0.0,0.0,2007
12-1,"[2, 8]",5.0,M12-5bps,S12-02-08-5bps,-0.1990488899394124,-0.35436843839001575,15.531954845060337,-0.1990488899394124,-0.35436843839001575,15.531954845060337,-0.267414580927509,-0.44746834114357503,18.0053760216066,5.278182836770085,2.0509073171825336,3.2272755195875518,0.20051826604062656,0.0,2008
12-1,"[2, 8]",5.0,M12-5bps,S12-02-08-5bps,0.11670634836354488,-0.15974247834205169,27.644882670559657,0.11670634836354488,-0.15974247834205169,27.644882670559657,-0.02216741015817625,-0.19669632721090513,17.45289170527289,1.022405108466743,1.0,0.02240510846674293,0.8040306845603088,0.8452380952380952,2009
12-1,"[2, 8]",5.0,M12-5bps,S12-02-08-5bps,0.14932699716743358,0.17923462121434697,-2.9907624046913384,0.14932699716743358,0.17923462121434697,-2.9907624046913384,-0.15265885220952524,-0.14440636799666107,-0.8252484212864175,6.18229687262062,1.666278046174446,4.5160188264461745,0.0,0.15079365079365084,2010
12-1,"[2, 8]",5.0,M12-5bps,S12-02-08-5bps,0.025796183634237524,-0.011236433658609934,3.703261729284746,0.025796183634237524,-0.011236433658609934,3.703261729284746,-0.1822101549672599,-0.2167153458830957,3.4505190915835815,5.601301730021652,1.3543493989270257,4.246952331094627,0.0,1.7957026807477096e-17,2011
12-1,"[2, 8]",5.0,M12-5bps,S12-02-08-5bps,0.09888580262708513,0.129156970683312,-3.027116805622687,0.09888580262708513,0.129156970683312,-3.027116805622687,-0.06078095634738534,-0.08147235701516875,2.069140066778341,5.449871033552696,2.0244388216657434,3.4254322118869522,2.5465515062628808e-17,5.5495785488788666e-17,2012
12-1,"[2, 8]",5.0,M12-5bps,S12-02-08-5bps,0.3324110710107502,0.3505446344185439,-1.8133563407793707,0.3324110710107502,0.3505446344185439,-1.8133563407793707,-0.07362856625504643,-0.05355525566372388,-2.0073310591322557,3.429021171370572,1.9998889444413595,1.4291322269292126,5.0203578727462155e-17,0.0,2013
12-1,"[2, 8]",5.0,M12-5bps,S12-02-08-5bps,0.12416927790943122,0.10859812864731411,1.5571149262117112,0.12416927790943122,0.10859812864731411,1.5571149262117112,-0.08168501217270108,-0.08164880104250916,-0.0036211130191921015,5.4268108985058765,2.0011830262661965,3.42562787223968,0.0,0.0,2014
12-1,"[2, 8]",5.0,M12-5bps,S12-02-08-5bps,0.03365934746645638,0.07488247950013727,-4.122313203368089,0.03365934746645638,0.07488247950013727,-4.122313203368089,-0.11247853984680489,-0.10211404330441498,-1.0364496542389912,5.509730379616429,2.0048987655505357,3.5048316140658935,0.0,0.0,2015
12-1,"[2, 8]",5.0,M12-5bps,S12-02-08-5bps,0.0012154219630671204,0.016481649103213147,-1.5266227140146027,0.0012154219630671204,0.016481649103213147,-1.5266227140146027,-0.1074689989353983,-0.08708647086326549,-2.038252807213281,6.809988327777626,1.3483620429315861,5.46162628484604,0.028491869396637892,0.16332821915295748,2016
12-1,"[2, 8]",5.0,M12-5bps,S12-02-08-5bps,0.16921117568608013,0.25724612931903623,-8.80349536329561,0.16921117568608013,0.25724612931903623,-8.80349536329561,-0.046527309332223155,-0.04633125404785898,-0.019605528436417163,6.155537441173601,1.37914703937684,4.77639040179676,0.0,3.606814020313765e-17,2017
12-1,"[2, 8]",5.0,M12-5bps,S12-02-08-5bps,-0.053903587390983776,-0.0493979891486811,-0.45055982423026775,-0.053903587390983776,-0.0493979891486811,-0.45055982423026775,-0.19947481938482492,-0.24630106185371514,4.682624246889022,4.805352035026714,2.0040669720607442,2.80128506296597,1.3755429158187363e-17,1.592591789271587e-17,2018
12-1,"[2, 8]",5.0,M12-5bps,S12-02-08-5bps,0.23910537495681372,0.31528069128716263,-7.617531633034891,0.23910537495681372,0.31528069128716263,-7.617531633034891,-0.051997517624091105,-0.048102923647614815,-0.38945939764762905,6.16711972481235,2.6662222962839524,3.500897428528398,0.0498630297285613,0.0,2019
12-1,"[2, 8]",5.0,M12-5bps,S12-02-08-5bps,0.19485535779935081,0.18471550914100598,1.013984865834483,0.19485535779935081,0.18471550914100598,1.013984865834483,-0.3026753160366754,-0.3031642488925358,0.048893285586038004,2.8493359305706614,1.3982158879307331,1.4511200426399282,0.025768715736776967,0.0,2020
12-1,"[2, 8]",5.0,M12-5bps,S12-02-08-5bps,0.14609160062290893,0.21391450582174798,-6.7822905198839045,0.14609160062290893,0.21391450582174798,-6.7822905198839045,-0.08135867286508625,-0.0722961713403798,-0.9062501524706446,2.786994991932446,2.6669702643477544,0.12002472758469152,0.0,0.0,2021
12-1,"[2, 8]",5.0,M12-5bps,S12-02-08-5bps,0.1309266423667954,0.0159028245899564,11.502381777683901,0.1309266423667954,0.0159028245899564,11.502381777683901,-0.1381109595439538,-0.15300833032240468,1.489737077845088,4.986353253950613,2.035679438922873,2.9506738150277396,0.027740049322697063,5.965082286971008e-17,2022
12-1,"[2, 8]",5.0,M12-5bps,S12-02-08-5bps,0.0856875821134575,0.0632808772664617,2.2406704846995806,0.0856875821134575,0.0632808772664617,2.2406704846995806,-0.11070648631255897,-0.11360167093057738,0.28951846180184093,6.415498343820922,2.0682851056302556,4.347213238190667,0.07678023953875582,6.00203480337507e-17,2023
12-1,"[2, 8]",5.0,M12-5bps,S12-02-08-5bps,0.09595928970149292,0.0986386000460282,-0.26793103445352795,0.09595928970149292,0.0986386000460282,-0.26793103445352795,-0.08314145681236029,-0.1039059730468358,2.0764516234475505,6.485847918963753,2.6662222962839524,3.8196256226798004,4.860799652507172e-17,0.0,2024
12-1,"[2, 8]",5.0,M12-5bps,S12-02-08-5bps,0.04146626086950378,0.16370730538296896,-12.224104451346518,0.04146626086950378,0.16370730538296896,-12.224104451346518,-0.14271289960926692,-0.13674239808856958,-0.5970501520697336,4.823354373398373,2.0138872412293174,2.8094671321690554,6.923760813003366e-17,0.0,2025
12-1,"[3, 9]",5.0,M12-5bps,S12-03-09-5bps,-0.10138676669874269,-0.03821597426503709,-6.317079243370561,-0.10138676669874269,-0.03821597426503709,-6.317079243370561,-0.24018281931008556,-0.22971044355181403,-1.0472375758271535,3.8987684178928554,2.6662222962839524,1.232546121608903,0.053200518960014084,0.0,2001
12-1,"[3, 9]",5.0,M12-5bps,S12-03-09-5bps,-0.08254386476465048,-0.14010561192519244,5.756174716054197,-0.08254386476465048,-0.14010561192519244,5.756174716054197,-0.27243477145603656,-0.28188742247916987,0.9452651023133307,3.7872012502510612,0.7521889311458936,3.0350123191051677,0.3252832884305638,0.0,2002
12-1,"[3, 9]",5.0,M12-5bps,S12-03-09-5bps,0.1619869125596305,0.1294689532007971,3.2517959358833393,0.1619869125596305,0.1294689532007971,3.2517959358833393,-0.056015904208169376,-0.12978543476237603,7.376953055420666,4.047443639651716,1.9995002498750625,2.0479433897766537,0.4681115610628902,0.503968253968254,2003
12-1,"[3, 9]",5.0,M12-5bps,S12-03-09-5bps,0.11930034716522031,0.11357044142673844,0.5729905738481866,0.11930034716522031,0.11357044142673844,0.5729905738481866,-0.09065737313831035,-0.109646829979415,1.8989456841104646,5.54714253837983,2.666222296283953,2.880920242095877,6.016190987802047e-17,3.171330914606643e-17,2004
12-1,"[3, 9]",5.0,M12-5bps,S12-03-09-5bps,0.15522551269406293,0.18219301567713786,-2.696750298307493,0.15522551269406293,0.18219301567713786,-2.696750298307493,-0.09986652470839397,-0.10084175582602217,0.09752311176282058,3.595048875933944,0.7156211183898774,2.8794277575440663,0.0,8.293533921270816e-17,2005
12-1,"[3, 9]",5.0,M12-5bps,S12-03-09-5bps,0.0748015007949634,0.14781337517992643,-7.301187438496304,0.0748015007949634,0.14781337517992643,-7.301187438496304,-0.13585280523398946,-0.10278252614884842,-3.307027908514104,8.166681915309136,2.666222296283953,5.500459619025182,0.0,0.0,2006
12-1,"[3, 9]",5.0,M12-5bps,S12-03-09-5bps,0.09258535150961444,0.050160302228574594,4.242504928103985,0.09258535150961444,0.050160302228574594,4.242504928103985,-0.11766832932406379,-0.09884369871203014,-1.8824630612033655,6.798556441251051,3.357488639320567,3.441067801930484,0.0,0.0,2007
12-1,"[3, 9]",5.0,M12-5bps,S12-03-09-5bps,-0.1990488899394124,-0.21909905580171385,2.005016586230146,-0.1990488899394124,-0.21909905580171385,2.005016586230146,-0.267414580927509,-0.26267784387811977,-0.47367370493892613,5.278182836770085,1.9998889444413597,3.2782938923287257,0.20051826604062656,0.17639597726569642,2008
12-1,"[3, 9]",5.0,M12-5bps,S12-03-09-5bps,0.11670634836354488,-0.0007034536928599566,11.740980205640483,0.11670634836354488,-0.0007034536928599566,11.740980205640483,-0.02216741015817625,-0.06210085714019087,3.993344698201462,1.022405108466743,0.6121689166903816,0.4102361917763613,0.8040306845603088,0.8439701510019979,2009
12-1,"[3, 9]",5.0,M12-5bps,S12-03-09-5bps,0.14932699716743358,0.08273063955207705,6.659635761535654,0.14932699716743358,0.08273063955207705,6.659635761535654,-0.15265885220952524,-0.15344981370987243,0.0790961500347187,6.18229687262062,2.029105489659335,4.153191382961285,0.0,0.15743314463723412,2010
12-1,"[3, 9]",5.0,M12-5bps,S12-03-09-5bps,0.025796183634237524,-0.016555510732572554,4.235169436681008,0.025796183634237524,-0.016555510732572554,4.235169436681008,-0.1822101549672599,-0.196708380300485,1.449822533322509,5.601301730021652,2.7557669588185894,2.845534771203063,0.0,2.6454155690135482e-17,2011
12-1,"[3, 9]",5.0,M12-5bps,S12-03-09-5bps,0.09888580262708513,0.09622314128817377,0.2662661338911354,0.09888580262708513,0.09622314128817377,0.2662661338911354,-0.06078095634738534,-0.06078456642939656,0.0003610082011218374,5.449871033552696,1.3908804103794885,4.058990623173207,2.5465515062628808e-17,2.4840676183256456e-17,2012
12-1,"[3, 9]",5.0,M12-5bps,S12-03-09-5bps,0.3324110710107502,0.299578777186992,3.2832293823758185,0.3324110710107502,0.299578777186992,3.2832293823758185,-0.07362856625504643,-0.07026504304509684,-0.33635232099495926,3.429021171370572,2.0076594183032253,1.4213617530673468,5.0203578727462155e-17,0.0,2013
12-1,"[3, 9]",5.0,M12-5bps,S12-03-09-5bps,0.12416927790943122,0.10839776279224833,1.5771515117182888,0.12416927790943122,0.10839776279224833,1.5771515117182888,-0.08168501217270108,-0.08653824898857243,0.48532368158713535,5.4268108985058765,2.027803646423477,3.3990072520823995,0.0,1.0201610863496683e-16,2014
12-1,"[3, 9]",5.0,M12-5bps,S12-03-09-5bps,0.03365934746645638,0.053265681100028495,-1.9606333633572115,0.03365934746645638,0.053265681100028495,-1.9606333633572115,-0.11247853984680489,-0.11537526357914585,0.28967237323409556,5.509730379616429,1.3625447886667952,4.1471855909496345,0.0,3.045367886755525e-17,2015
12-1,"[3, 9]",5.0,M12-5bps,S12-03-09-5bps,0.0012154219630671204,0.06475899630447701,-6.354357434140989,0.0012154219630671204,0.06475899630447701,-6.354357434140989,-0.1074689989353983,-0.08773377267346394,-1.9735226261934358,6.809988327777626,2.0134809985040087,4.796507329273617,0.028491869396637892,0.0,2016
12-1,"[3, 9]",5.0,M12-5bps,S12-03-09-5bps,0.16921117568608013,0.2808571504435531,-11.164597475747296,0.16921117568608013,0.2808571504435531,-11.164597475747296,-0.046527309332223155,-0.031576593490421634,-1.495071584180152,6.155537441173601,0.6753564928106056,5.480180948362995,0.0,0.0,2017
12-1,"[3, 9]",5.0,M12-5bps,S12-03-09-5bps,-0.053903587390983776,-0.020790590356067118,-3.311299703491666,-0.053903587390983776,-0.020790590356067118,-3.311299703491666,-0.19947481938482492,-0.19908286425515387,-0.039195512967105106,4.805352035026714,1.34922568405352,3.456126350973194,1.3755429158187363e-17,0.0,2018
12-1,"[3, 9]",5.0,M12-5bps,S12-03-09-5bps,0.23910537495681372,0.28351204932661656,-4.440667436980283,0.23910537495681372,0.28351204932661656,-4.440667436980283,-0.051997517624091105,-0.04796143151151011,-0.40360861125809944,6.16711972481235,2.006491532219497,4.160628192592853,0.0498630297285613,0.0,2019
12-1,"[3, 9]",5.0,M12-5bps,S12-03-09-5bps,0.19485535779935081,0.19211930338294447,0.27360544164063416,0.19485535779935081,0.19211930338294447,0.27360544164063416,-0.3026753160366754,-0.3034308536452538,0.07555376085783827,2.8493359305706614,1.3879801439348791,1.4613557866357823,0.025768715736776967,0.0,2020
12-1,"[3, 9]",5.0,M12-5bps,S12-03-09-5bps,0.14609160062290893,0.1963021286551292,-5.021052803222026,0.14609160062290893,0.1963021286551292,-5.021052803222026,-0.08135867286508625,-0.07601731845749038,-0.5341354407595866,2.786994991932446,2.6657782960495084,0.12121669588293749,0.0,0.0,2021
12-1,"[3, 9]",5.0,M12-5bps,S12-03-09-5bps,0.1309266423667954,0.026337784791055086,10.458885757574032,0.1309266423667954,0.026337784791055086,10.458885757574032,-0.1381109595439538,-0.1304757557114431,-0.7635203832510706,4.986353253950613,2.02392475772034,2.962428496230273,0.027740049322697063,0.0,2022
12-1,"[3, 9]",5.0,M12-5bps,S12-03-09-5bps,0.0856875821134575,0.1479998782234171,-6.231229610995959,0.0856875821134575,0.1479998782234171,-6.231229610995959,-0.11070648631255897,-0.08955556589030422,-2.115092042225475,6.415498343820922,2.0130979947318437,4.402400349089079,0.07678023953875582,0.3351623916754774,2023
12-1,"[3, 9]",5.0,M12-5bps,S12-03-09-5bps,0.09595928970149292,0.18731591370146017,-9.135662399996725,0.09595928970149292,0.18731591370146017,-9.135662399996725,-0.08314145681236029,-0.09259074113434906,0.9449284321988771,6.485847918963753,1.3338655096070497,5.1519824093567035,4.860799652507172e-17,0.0,2024
12-1,"[3, 9]",5.0,M12-5bps,S12-03-09-5bps,0.04146626086950378,0.09934826914242789,-5.788200827292411,0.04146626086950378,0.09934826914242789,-5.788200827292411,-0.14271289960926692,-0.11417052741049782,-2.8542372198769095,4.823354373398373,2.0176420794791743,2.8057122939191985,6.923760813003366e-17,3.387688262480212e-17,2025
12-1,"[4, 10]",5.0,M12-5bps,S12-04-10-5bps,-0.10138676669874269,-0.016379305442648318,-8.500746125609437,-0.10138676669874269,-0.016379305442648318,-8.500746125609437,-0.24018281931008556,-0.1468524753481103,-9.333034396197526,3.8987684178928554,2.365943332753044,1.5328250851398115,0.053200518960014084,0.051356487168738536,2001
12-1,"[4, 10]",5.0,M12-5bps,S12-04-10-5bps,-0.08254386476465048,-0.15241834594190928,6.987448117725881,-0.08254386476465048,-0.15241834594190928,6.987448117725881,-0.27243477145603656,-0.26782996643444135,-0.4604805021595215,3.7872012502510612,1.702542619960166,2.084658630290895,0.3252832884305638,0.20425130978938663,2002
12-1,"[4, 10]",5.0,M12-5bps,S12-04-10-5bps,0.1619869125596305,0.10435501028241756,5.763190227721293,0.1619869125596305,0.10435501028241756,5.763190227721293,-0.056015904208169376,-0.03463121633790145,-2.1384687870267927,4.047443639651716,1.3431855153739871,2.704258124277729,0.4681115610628902,0.728676872950735,2003
12-1,"[4, 10]",5.0,M12-5bps,S12-04-10-5bps,0.11930034716522031,0.13469360136262676,-1.5393254197406447,0.11930034716522031,0.13469360136262676,-1.5393254197406447,-0.09065737313831035,-0.07760851139262415,-1.3048861745686202,5.54714253837983,1.9998889444413595,3.5472535939384704,6.016190987802047e-17,0.0,2004
12-1,"[4, 10]",5.0,M12-5bps,S12-04-10-5bps,0.15522551269406293,0.17945381419105888,-2.422830149699595,0.15522551269406293,0.17945381419105888,-2.422830149699595,-0.09986652470839397,-0.11039856777700041,1.0532043068606445,3.595048875933944,1.3505656378123243,2.2444832381216195,0.0,0.0,2005
12-1,"[4, 10]",5.0,M12-5bps,S12-04-10-5bps,0.0748015007949634,0.11171611402919757,-3.6914613234234173,0.0748015007949634,0.11171611402919757,-3.6914613234234173,-0.13585280523398946,-0.10572755858803284,-3.0125246645956616,8.166681915309136,2.6864038749292702,5.480278040379865,0.0,0.0,2006
12-1,"[4, 10]",5.0,M12-5bps,S12-04-10-5bps,0.09258535150961444,0.07140471926798697,2.1180632241627473,0.09258535150961444,0.07140471926798697,2.1180632241627473,-0.11766832932406379,-0.08699678382656528,-3.067154549749851,6.798556441251051,3.334070725004484,3.464485716246567,0.0,0.0,2007
12-1,"[4, 10]",5.0,M12-5bps,S12-04-10-5bps,-0.1990488899394124,-0.2859136138490671,8.686472390965472,-0.1990488899394124,-0.2859136138490671,8.686472390965472,-0.267414580927509,-0.4342713842948227,16.685680336731366,5.278182836770085,1.352343451723781,3.9258393850463045,0.20051826604062656,0.10958776573206463,2008
12-1,"[4, 10]",5.0,M12-5bps,S12-04-10-5bps,0.11670634836354488,0.0928633169590738,2.3843031404471082,0.11670634836354488,0.0928633169590738,2.3843031404471082,-0.02216741015817625,-0.06707382255926853,4.490641240109228,1.022405108466743,1.3124313627968545,-0.29002625433011153,0.8040306845603088,0.7329534334806994,2009
12-1,"[4, 10]",5.0,M12-5bps,S12-04-10-5bps,0.14932699716743358,0.16854981012199244,-1.9222812954558854,0.14932699716743358,0.16854981012199244,-1.9222812954558854,-0.15265885220952524,-0.13435251624261324,-1.8306335966912002,6.18229687262062,2.676940718052334,3.505356154568286,0.0,0.0,2010
12-1,"[4, 10]",5.0,M12-5bps,S12-04-10-5bps,0.025796183634237524,0.021256168344582216,0.4540015289655308,0.025796183634237524,0.021256168344582216,0.4540015289655308,-0.1822101549672599,-0.21497821251926197,3.2768057552002072,5.601301730021652,3.3321116478921016,2.2691900821295508,0.0,0.0,2011
12-1,"[4, 10]",5.0,M12-5bps,S12-04-10-5bps,0.09888580262708513,0.08990601728526904,0.8979785341816093,0.09888580262708513,0.08990601728526904,0.8979785341816093,-0.06078095634738534,-0.06060214611987291,-0.017881022751242703,5.449871033552696,2.0322294996143313,3.4176415339383643,2.5465515062628808e-17,0.0,2012
12-1,"[4, 10]",5.0,M12-5bps,S12-04-10-5bps,0.3324110710107502,0.3000739340291927,3.233713698155749,0.3324110710107502,0.3000739340291927,3.233713698155749,-0.07362856625504643,-0.06997502980043746,-0.36535364546089744,3.429021171370572,2.0055398238838036,1.4234813474867685,5.0203578727462155e-17,2.0293246986705373e-17,2013
12-1,"[4, 10]",5.0,M12-5bps,S12-04-10-5bps,0.12416927790943122,0.15630450941108864,-3.2135231501657424,0.12416927790943122,0.15630450941108864,-3.2135231501657424,-0.08168501217270108,-0.07468822283569554,-0.6996789337005538,5.4268108985058765,1.333555592598766,4.09325530590711,0.0,9.749441584073651e-17,2014
12-1,"[4, 10]",5.0,M12-5bps,S12-04-10-5bps,0.03365934746645638,0.06654463754710438,-3.2885290080648,0.03365934746645638,0.06654463754710438,-3.2885290080648,-0.11247853984680489,-0.10819638654898334,-0.4282153297821556,5.509730379616429,1.3588406741341001,4.150889705482329,0.0,0.0,2015
12-1,"[4, 10]",5.0,M12-5bps,S12-04-10-5bps,0.0012154219630671204,0.02921311007673877,-2.799768811367165,0.0012154219630671204,0.02921311007673877,-2.799768811367165,-0.1074689989353983,-0.09172033349364261,-1.5748665441755683,6.809988327777626,1.3498957861687704,5.460092541608856,0.028491869396637892,0.0,2016
12-1,"[4, 10]",5.0,M12-5bps,S12-04-10-5bps,0.16921117568608013,0.2774706150027435,-10.825943931666338,0.16921117568608013,0.2774706150027435,-10.825943931666338,-0.046527309332223155,-0.02626776674280973,-2.0259542589413426,6.155537441173601,2.02468270432699,4.130854736846611,0.0,0.0,2017
12-1,"[4, 10]",5.0,M12-5bps,S12-04-10-5bps,-0.053903587390983776,-0.048889602783897645,-0.501398460708613,-0.053903587390983776,-0.048889602783897645,-0.501398460708613,-0.19947481938482492,-0.20314320121237217,0.36683818275472513,4.805352035026714,1.9998889444413597,2.8054630905853544,1.3755429158187363e-17,0.0,2018
12-1,"[4, 10]",5.0,M12-5bps,S12-04-10-5bps,0.23910537495681372,0.31652003129463036,-7.741465633781663,0.23910537495681372,0.31652003129463036,-7.741465633781663,-0.051997517624091105,-0.038936995141667596,-1.3060522482423509,6.16711972481235,2.0626964328319035,4.104423291980447,0.0498630297285613,8.544651741333486e-17,2019
12-1,"[4, 10]",5.0,M12-5bps,S12-04-10-5bps,0.19485535779935081,0.12535286692951697,6.950249086983384,0.19485535779935081,0.12535286692951697,6.950249086983384,-0.3026753160366754,-0.3126324587995951,0.9957142762919702,2.8493359305706614,2.0600322558476214,0.78930367472304,0.025768715736776967,0.15457597806549656,2020
12-1,"[4, 10]",5.0,M12-5bps,S12-04-10-5bps,0.14609160062290893,0.1556800788039714,-0.9588478181062454,0.14609160062290893,0.1556800788039714,-0.9588478181062454,-0.08135867286508625,-0.07612363138275124,-0.5235041482335001,2.786994991932446,3.332111647892101,-0.5451166559596552,0.0,3.310592210082759e-17,2021
12-1,"[4, 10]",5.0,M12-5bps,S12-04-10-5bps,0.1309266423667954,0.14576702665404162,-1.484038428724621,0.1309266423667954,0.14576702665404162,-1.484038428724621,-0.1381109595439538,-0.14627369547731683,0.816273593336303,4.986353253950613,1.124406507693926,3.8619467462566868,0.027740049322697063,0.05557597859645539,2022
12-1,"[4, 10]",5.0,M12-5bps,S12-04-10-5bps,0.0856875821134575,0.19851304606171594,-11.282546394825843,0.0856875821134575,0.19851304606171594,-11.282546394825843,-0.11070648631255897,-0.08469059313663485,-2.601589317592412,6.415498343820922,1.7317328006751387,4.683765543145784,0.07678023953875582,0.10903154803494931,2023
12-1,"[4, 10]",5.0,M12-5bps,S12-04-10-5bps,0.09595928970149292,0.15913425999531183,-6.317497029381891,0.09595928970149292,0.15913425999531183,-6.317497029381891,-0.08314145681236029,-0.09312807025215641,0.9986613439796121,6.485847918963753,1.3499406949714197,5.135907223992334,4.860799652507172e-17,0.0,2024
12-1,"[4, 10]",5.0,M12-5bps,S12-04-10-5bps,0.04146626086950378,0.04444467723182166,-0.29784163623178816,0.04146626086950378,0.04444467723182166,-0.29784163623178816,-0.14271289960926692,-0.1332613369429979,-0.9451562666269009,4.823354373398373,2.0039988494465453,2.8193555239518275,6.923760813003366e-17,5.4819876158942513e-17,2025
12-1,"[5, 11]",5.0,M12-5bps,S12-05-11-5bps,-0.10138676669874269,-0.06436413508248806,-3.702263161625463,-0.10138676669874269,-0.06436413508248806,-3.702263161625463,-0.24018281931008556,-0.1611353322431186,-7.9047487066966955,3.8987684178928554,3.0350620737388176,0.8637063441540378,0.053200518960014084,0.026577056195358245,2001
12-1,"[5, 11]",5.0,M12-5bps,S12-05-11-5bps,-0.08254386476465048,-0.10522840942023926,2.268454465558878,-0.08254386476465048,-0.10522840942023926,2.268454465558878,-0.27243477145603656,-0.2635423399891387,-0.8892431466897888,3.7872012502510612,1.6842621255929935,2.102939124658068,0.3252832884305638,0.1876173069947885,2002
12-1,"[5, 11]",5.0,M12-5bps,S12-05-11-5bps,0.1619869125596305,0.0856773032474869,7.630960931214359,0.1619869125596305,0.0856773032474869,7.630960931214359,-0.056015904208169376,-0.033596269692538816,-2.241963451563056,4.047443639651716,1.338634073340374,2.708809566311342,0.4681115610628902,0.7793353491363751,2003
12-1,"[5, 11]",5.0,M12-5bps,S12-05-11-5bps,0.11930034716522031,0.12606519274688277,-0.676484558166246,0.11930034716522031,0.12606519274688277,-0.676484558166246,-0.09065737313831035,-0.09151950917969576,0.08621360413854084,5.54714253837983,2.665778296049508,2.8813642423303216,6.016190987802047e-17,0.0,2004
12-1,"[5, 11]",5.0,M12-5bps,S12-05-11-5bps,0.15522551269406293,0.20264194560319315,-4.741643290913022,0.15522551269406293,0.20264194560319315,-4.741643290913022,-0.09986652470839397,-0.10387827954972795,0.4011754841333981,3.595048875933944,0.7425728649082459,2.852476011025698,0.0,5.2985405912129846e-17,2005
12-1,"[5, 11]",5.0,M12-5bps,S12-05-11-5bps,0.0748015007949634,0.13402200605001702,-5.922050525505362,0.0748015007949634,0.13402200605001702,-5.922050525505362,-0.13585280523398946,-0.10277800638959145,-3.3074798844398012,8.166681915309136,3.3321116478921016,4.834570267417034,0.0,0.0,2006
12-1,"[5, 11]",5.0,M12-5bps,S12-05-11-5bps,0.09258535150961444,0.1729096564534458,-8.032430494383135,0.09258535150961444,0.1729096564534458,-8.032430494383135,-0.11766832932406379,-0.07905089833337975,-3.8617430990684043,6.798556441251051,2.675051787224281,4.12350465402677,0.0,0.0,2007
12-1,"[5, 11]",5.0,M12-5bps,S12-05-11-5bps,-0.1990488899394124,-0.33810717427335757,13.905828433394518,-0.1990488899394124,-0.33810717427335757,13.905828433394518,-0.267414580927509,-0.4501957875020155,18.278120657450646,5.278182836770085,1.6670383791698429,3.6111444576002425,0.20051826604062656,0.08695652173913052,2008
12-1,"[5, 11]",5.0,M12-5bps,S12-05-11-5bps,0.11670634836354488,0.02980320369990741,8.690314466363747,0.11670634836354488,0.02980320369990741,8.690314466363747,-0.02216741015817625,-0.016746362216439326,-0.5421047941736923,1.022405108466743,0.9995002498750625,0.022904858591680455,0.8040306845603088,0.9126984126984127,2009
12-1,"[5, 11]",5.0,M12-5bps,S12-05-11-5bps,0.14932699716743358,0.1672206012123021,-1.7893604044868505,0.14932699716743358,0.1672206012123021,-1.7893604044868505,-0.15265885220952524,-0.18015859917123278,2.749974696170754,6.18229687262062,1.3491099391730912,4.833186933447529,0.0,4.389818330936512e-17,2010
12-1,"[5, 11]",5.0,M12-5bps,S12-05-11-5bps,0.025796183634237524,0.07633844721889327,-5.054226358465574,0.025796183634237524,0.07633844721889327,-5.054226358465574,-0.1822101549672599,-0.16794801697877626,-1.4262137988483636,5.601301730021652,2.007231938793475,3.5940697912281774,0.0,0.0,2011
12-1,"[5, 11]",5.0,M12-5bps,S12-05-11-5bps,0.09888580262708513,0.13286445290444537,-3.3978650277360245,0.09888580262708513,0.13286445290444537,-3.3978650277360245,-0.06078095634738534,-0.07803025382035622,1.7249297472970881,5.449871033552696,2.6722424863226326,2.777628547230063,2.5465515062628808e-17,0.0,2012
12-1,"[5, 11]",5.0,M12-5bps,S12-05-11-5bps,0.3324110710107502,0.3606839995681361,-2.8272928557385946,0.3324110710107502,0.3606839995681361,-2.8272928557385946,-0.07362856625504643,-0.05497061845688889,-1.8657947798157548,3.429021171370572,1.3731297195521135,2.0558914518184586,5.0203578727462155e-17,0.0,2013
12-1,"[5, 11]",5.0,M12-5bps,S12-05-11-5bps,0.12416927790943122,0.15013013308873324,-2.5960855179302023,0.12416927790943122,0.15013013308873324,-2.5960855179302023,-0.08168501217270108,-0.058052782929989055,-2.363222924271202,5.4268108985058765,1.3405331921265518,4.086277706379325,0.0,0.0,2014
12-1,"[5, 11]",5.0,M12-5bps,S12-05-11-5bps,0.03365934746645638,0.04207180522498244,-0.841245775852606,0.03365934746645638,0.04207180522498244,-0.841245775852606,-0.11247853984680489,-0.11940075964589225,0.6922219799087359,5.509730379616429,1.3343590828626315,4.175371296753798,0.0,0.0,2015
12-1,"[5, 11]",5.0,M12-5bps,S12-05-11-5bps,0.0012154219630671204,0.06119619422824285,-5.998077226517573,0.0012154219630671204,0.06119619422824285,-5.998077226517573,-0.1074689989353983,-0.07922720216128487,-2.8241796774113426,6.809988327777626,1.3968686303132505,5.413119697464376,0.028491869396637892,0.0,2016
12-1,"[5, 11]",5.0,M12-5bps,S12-05-11-5bps,0.16921117568608013,0.26469071502498887,-9.547953933890874,0.16921117568608013,0.26469071502498887,-9.547953933890874,-0.046527309332223155,-0.023747818846012736,-2.277949048621042,6.155537441173601,2.6735616244630793,3.4819758167105213,0.0,0.0,2017
12-1,"[5, 11]",5.0,M12-5bps,S12-05-11-5bps,-0.053903587390983776,-0.06097759049541496,0.7074003104431181,-0.053903587390983776,-0.06097759049541496,0.7074003104431181,-0.19947481938482492,-0.21327995006934186,1.3805130684516942,4.805352035026714,2.0114258443928374,2.7939261906338766,1.3755429158187363e-17,1.1216234460418394e-17,2018
12-1,"[5, 11]",5.0,M12-5bps,S12-05-11-5bps,0.23910537495681372,0.2636070016554073,-2.450162669859357,0.23910537495681372,0.2636070016554073,-2.450162669859357,-0.051997517624091105,-0.06732702541774815,1.532950779365705,6.16711972481235,2.011594096965328,4.155525627847022,0.0498630297285613,1.1986714423209031e-16,2019
12-1,"[5, 11]",5.0,M12-5bps,S12-05-11-5bps,0.19485535779935081,0.18084783694269468,1.400752085665613,0.19485535779935081,0.18084783694269468,1.400752085665613,-0.3026753160366754,-0.303775045236652,0.10997291999765846,2.8493359305706614,2.0304033010692386,0.8189326295014228,0.025768715736776967,0.0,2020
12-1,"[5, 11]",5.0,M12-5bps,S12-05-11-5bps,0.14609160062290893,0.15164159756586781,-0.5549996942958879,0.14609160062290893,0.15164159756586781,-0.5549996942958879,-0.08135867286508625,-0.08392539994685488,0.25667270817686383,2.786994991932446,2.666222296283953,0.12077269564849313,0.0,0.0,2021
12-1,"[5, 11]",5.0,M12-5bps,S12-05-11-5bps,0.1309266423667954,0.15129553995657563,-2.036889758978022,0.1309266423667954,0.15129553995657563,-2.036889758978022,-0.1381109595439538,-0.1381109595439538,0.0,4.986353253950613,1.3650245094379754,3.6213287445126374,0.027740049322697063,0.0,2022
12-1,"[5, 11]",5.0,M12-5bps,S12-05-11-5bps,0.0856875821134575,0.039386562966964966,4.630101914649254,0.0856875821134575,0.039386562966964966,4.630101914649254,-0.11070648631255897,-0.11107670411485471,0.037021780229573586,6.415498343820922,2.3331111481419766,4.082387195678946,0.07678023953875582,0.025995233334284874,2023
12-1,"[5, 11]",5.0,M12-5bps,S12-05-11-5bps,0.09595928970149292,0.10110942567185921,-0.5150135970366287,0.09595928970149292,0.10110942567185921,-0.5150135970366287,-0.08314145681236029,-0.08308923569531734,-0.005222111704294985,6.485847918963753,2.353732385243429,4.132115533720324,4.860799652507172e-17,0.1316909777079487,2024
12-1,"[5, 11]",5.0,M12-5bps,S12-05-11-5bps,0.04146626086950378,0.12300603867728666,-8.153977780778288,0.04146626086950378,0.12300603867728666,-8.153977780778288,-0.14271289960926692,-0.13253070673029044,-1.0182192878976482,4.823354373398373,2.0028010414741733,2.8205533319241995,6.923760813003366e-17,7.125689699047859e-17,2025
12-1,"[6, 12]",5.0,M12-5bps,S12-06-12-5bps,-0.10138676669874269,-0.13960832918845656,3.8221562489713867,-0.10138676669874269,-0.13960832918845656,3.8221562489713867,-0.24018281931008556,-0.23338843854176872,-0.6794380768316843,3.8987684178928554,2.6662222962839524,1.232546121608903,0.053200518960014084,7.005232453100468e-17,2001
12-1,"[6, 12]",5.0,M12-5bps,S12-06-12-5bps,-0.08254386476465048,-0.09528223948193171,1.2738374717281231,-0.08254386476465048,-0.09528223948193171,1.2738374717281231,-0.27243477145603656,-0.23551369931220023,-3.692107214383633,3.7872012502510612,1.3771996040335437,2.4100016462175176,0.3252832884305638,0.15982759350329037,2002
12-1,"[6, 12]",5.0,M12-5bps,S12-06-12-5bps,0.1619869125596305,0.12895867081586565,3.302824174376484,0.1619869125596305,0.12895867081586565,3.302824174376484,-0.056015904208169376,-0.0416914296068136,-1.4324474601355774,4.047443639651716,1.020348340096029,3.027095299555687,0.4681115610628902,0.4893903417023802,2003
12-1,"[6, 12]",5.0,M12-5bps,S12-06-12-5bps,0.11930034716522031,0.11462853107329862,0.4671816091921688,0.11930034716522031,0.11462853107329862,0.4671816091921688,-0.09065737313831035,-0.07785926120443976,-1.2798111933870593,5.54714253837983,3.0257968611727244,2.5213456772071052,6.016190987802047e-17,7.252200336540964e-17,2004
12-1,"[6, 12]",5.0,M12-5bps,S12-06-12-5bps,0.15522551269406293,0.20034607810767846,-4.512056541361553,0.15522551269406293,0.20034607810767846,-4.512056541361553,-0.09986652470839397,-0.10165702414212685,0.1790499433732884,3.595048875933944,0.7650008642334009,2.830048011700543,0.0,5.734403965072891e-17,2005
12-1,"[6, 12]",5.0,M12-5bps,S12-06-12-5bps,0.0748015007949634,0.17547572430775182,-10.067422351278843,0.0748015007949634,0.17547572430775182,-10.067422351278843,-0.13585280523398946,-0.07714839270607632,-5.870441252791315,8.166681915309136,2.0594070440684087,6.107274871240727,0.0,0.0,2006
12-1,"[6, 12]",5.0,M12-5bps,S12-06-12-5bps,0.09258535150961444,0.10851720534745257,-1.5931853837838128,0.09258535150961444,0.10851720534745257,-1.5931853837838128,-0.11766832932406379,-0.07271345250516037,-4.495487681890342,6.798556441251051,3.332111647892101,3.46644479335895,0.0,0.0,2007
12-1,"[6, 12]",5.0,M12-5bps,S12-06-12-5bps,-0.1990488899394124,-0.32074298777248567,12.169409783307328,-0.1990488899394124,-0.32074298777248567,12.169409783307328,-0.267414580927509,-0.42777105082978006,16.035646990227104,5.278182836770085,2.046903557589443,3.2312792791806424,0.20051826604062656,0.0,2008
12-1,"[6, 12]",5.0,M12-5bps,S12-06-12-5bps,0.11670634836354488,0.005202983191088251,11.150336517245663,0.11670634836354488,0.005202983191088251,11.150336517245663,-0.02216741015817625,0.0,-2.216741015817625,1.022405108466743,1.0,0.02240510846674293,0.8040306845603088,1.0,2009
12-1,"[6, 12]",5.0,M12-5bps,S12-06-12-5bps,0.14932699716743358,0.13010625513895246,1.922074202848112,0.14932699716743358,0.13010625513895246,1.922074202848112,-0.15265885220952524,-0.18197810769100053,2.9319255481475293,6.18229687262062,2.332611398017039,3.8496854746035813,0.0,0.0,2010
12-1,"[6, 12]",5.0,M12-5bps,S12-06-12-5bps,0.025796183634237524,0.06933066238230912,-4.353447874807159,0.025796183634237524,0.06933066238230912,-4.353447874807159,-0.1822101549672599,-0.166203141675641,-1.600701329161891,5.601301730021652,1.3777050454916462,4.223596684530007,0.0,0.0,2011
12-1,"[6, 12]",5.0,M12-5bps,S12-06-12-5bps,0.09888580262708513,0.08436439579501331,1.4521406832071815,0.09888580262708513,0.08436439579501331,1.4521406832071815,-0.06078095634738534,-0.08188621528022866,2.110525893284332,5.449871033552696,1.3531122940891174,4.096758739463578,2.5465515062628808e-17,0.0,2012
12-1,"[6, 12]",5.0,M12-5bps,S12-06-12-5bps,0.3324110710107502,0.3794178539262636,-4.700678291551341,0.3324110710107502,0.3794178539262636,-4.700678291551341,-0.07362856625504643,-0.054685329516608316,-1.8943236738438118,3.429021171370572,1.9998889444413595,1.4291322269292126,5.0203578727462155e-17,0.0,2013
12-1,"[6, 12]",5.0,M12-5bps,S12-06-12-5bps,0.12416927790943122,0.09949027633905239,2.4679001570378833,0.12416927790943122,0.09949027633905239,2.4679001570378833,-0.08168501217270108,-0.08838849122824943,0.6703479055548356,5.4268108985058765,2.003790582559173,3.4230203159467036,0.0,1.3345394003620727e-16,2014
12-1,"[6, 12]",5.0,M12-5bps,S12-06-12-5bps,0.03365934746645638,0.004333697351206034,2.9325650115250346,0.03365934746645638,0.004333697351206034,2.9325650115250346,-0.11247853984680489,-0.12478031155658031,1.2301771709775422,5.509730379616429,3.3321116478921007,2.1776187317243285,0.0,6.150929552274015e-17,2015
12-1,"[6, 12]",5.0,M12-5bps,S12-06-12-5bps,0.0012154219630671204,0.014746807175901822,-1.3531385212834701,0.0012154219630671204,0.014746807175901822,-1.3531385212834701,-0.1074689989353983,-0.11237501206770073,0.49060131323024336,6.809988327777626,1.360487572400597,5.449500755377029,0.028491869396637892,0.0,2016
12-1,"[6, 12]",5.0,M12-5bps,S12-06-12-5bps,0.16921117568608013,0.14259596943146868,2.6615206254611445,0.16921117568608013,0.14259596943146868,2.6615206254611445,-0.046527309332223155,-0.05981246498891657,1.3285155656693415,6.155537441173601,3.332111647892101,2.8234257932814995,0.0,5.848425697452041e-17,2017
12-1,"[6, 12]",5.0,M12-5bps,S12-06-12-5bps,-0.053903587390983776,-0.07656163601451937,2.26580486235356,-0.053903587390983776,-0.07656163601451937,2.26580486235356,-0.19947481938482492,-0.24498573757296316,4.551091818813823,4.805352035026714,1.3484104768988383,3.456941558127876,1.3755429158187363e-17,0.0,2018
12-1,"[6, 12]",5.0,M12-5bps,S12-06-12-5bps,0.23910537495681372,0.2607475197859068,-2.16421448290931,0.23910537495681372,0.2607475197859068,-2.16421448290931,-0.051997517624091105,-0.03893686416122755,-1.3060653462863558,6.16711972481235,2.0457129271264582,4.121406797685892,0.0498630297285613,5.334914741560928e-17,2019
12-1,"[6, 12]",5.0,M12-5bps,S12-06-12-5bps,0.19485535779935081,0.20627768291194237,-1.1422325112591558,0.19485535779935081,0.20627768291194237,-1.1422325112591558,-0.3026753160366754,-0.3035234720069214,0.08481559702460117,2.8493359305706614,2.0040739390845888,0.8452619914860726,0.025768715736776967,0.0,2020
12-1,"[6, 12]",5.0,M12-5bps,S12-06-12-5bps,0.14609160062290893,0.21189044422721715,-6.579884360430821,0.14609160062290893,0.21189044422721715,-6.579884360430821,-0.08135867286508625,-0.06846003855882754,-1.2898634306258705,2.786994991932446,1.9998889444413597,0.7871060474910863,0.0,0.0,2021
12-1,"[6, 12]",5.0,M12-5bps,S12-06-12-5bps,0.1309266423667954,0.05069603748060025,8.023060488619516,0.1309266423667954,0.05069603748060025,8.023060488619516,-0.1381109595439538,-0.1915269213616717,5.3415961817717905,4.986353253950613,2.6662222962839524,2.3201309576666604,0.027740049322697063,5.992955395439427e-17,2022
12-1,"[6, 12]",5.0,M12-5bps,S12-06-12-5bps,0.0856875821134575,0.038772397791455804,4.69151843220017,0.0856875821134575,0.038772397791455804,4.69151843220017,-0.11070648631255897,-0.14461415445199843,3.390766813943946,6.415498343820922,2.0774951773904307,4.338003166430491,0.07678023953875582,1.2576790418743957e-16,2023
12-1,"[6, 12]",5.0,M12-5bps,S12-06-12-5bps,0.09595928970149292,0.20451816283952584,-10.855887313803292,0.09595928970149292,0.20451816283952584,-10.855887313803292,-0.08314145681236029,-0.09040645903286793,0.7265002220507633,6.485847918963753,0.6940317652983725,5.79181615366538,4.860799652507172e-17,0.0,2024
12-1,"[6, 12]",5.0,M12-5bps,S12-06-12-5bps,0.04146626086950378,0.16730994700522306,-12.584368613571929,0.04146626086950378,0.16730994700522306,-12.584368613571929,-0.14271289960926692,-0.1323494469373061,-1.0363452671960816,4.823354373398373,0.6868364742452526,4.13651789915312,6.923760813003366e-17,0.0,2025
12-1,"[1, 7]",10.0,M12-10bps,S12-01-07-10bps,-0.10313722465080133,-0.027832462480731457,-7.530476217006987,-0.10313722465080133,-0.027832462480731457,-7.530476217006987,-0.2412562412356224,-0.1937051728735404,-4.755106836208201,3.89830479785012,2.669907973231065,1.2283968246190553,0.05320051896001407,6.436739133360322e-17,2001
12-1,"[1, 7]",10.0,M12-10bps,S12-01-07-10bps,-0.0842797886438762,-0.08995805524446998,0.5678266600593784,-0.0842797886438762,-0.08995805524446998,0.5678266600593784,-0.2728178290853359,-0.17398243653271228,-9.883539255262363,3.7865267068264656,1.304778099350559,2.4817486074759065,0.32528328843056387,0.4506817427132532,2002
12-1,"[1, 7]",10.0,M12-10bps,S12-01-07-10bps,0.1596368818756937,0.13404254310807695,2.559433876761674,0.1596368818756937,0.13404254310807695,2.559433876761674,-0.056015904208169376,-0.05279437708509793,-0.3221527123071444,4.046935351385302,1.3348756032180054,2.712059748167296,0.4681115610628902,0.38175330200512136,2003
12-1,"[1, 7]",10.0,M12-10bps,S12-01-07-10bps,0.11619929533209628,0.21565494505033977,-9.94556497182435,0.11619929533209628,0.21565494505033977,-9.94556497182435,-0.09157048502962706,-0.06746587613787469,-2.4104608891752366,5.546230325142363,2.686461881954377,2.859768443187986,3.0958249418488906e-17,4.828231084902978e-17,2004
12-1,"[1, 7]",10.0,M12-10bps,S12-01-07-10bps,0.1531502146619108,0.17369215534765137,-2.0541940685740556,0.1531502146619108,0.17369215534765137,-2.0541940685740556,-0.10016681939568117,-0.10436206348997212,0.4195244094290951,3.594715076237744,1.3429699374144843,2.2517451388232597,0.0,8.6155522186072e-18,2005
12-1,"[1, 7]",10.0,M12-10bps,S12-01-07-10bps,0.07042164782878446,0.23654730070404661,-16.612565287526216,0.07042164782878446,0.23654730070404661,-16.612565287526216,-0.13789688816688228,-0.06304689372931505,-7.484999443756724,8.163975080476165,2.0780983899884657,6.0858766904877,0.0,0.0,2006
12-1,"[1, 7]",10.0,M12-10bps,S12-01-07-10bps,0.08887774117605596,0.05263161905372771,3.624612212232825,0.08887774117605596,0.05263161905372771,3.624612212232825,-0.11855601472191823,-0.13862302108983415,2.006700636791592,6.796427321458796,3.342926618959936,3.45350070249886,0.0,0.0,2007
12-1,"[1, 7]",10.0,M12-10bps,S12-01-07-10bps,-0.20116052363898995,-0.36385473393759393,16.269421029860396,-0.20116052363898995,-0.36385473393759393,16.269421029860396,-0.2682125953875696,-0.48022175463781036,21.200915925024077,5.277366985066583,2.6887343091907607,2.588632675875822,0.20051826604062656,0.0,2008
12-1,"[1, 7]",10.0,M12-10bps,S12-01-07-10bps,0.1161358361808873,-0.04249429885285583,15.863013503374312,0.1161358361808873,-0.04249429885285583,15.863013503374312,-0.02216741015817658,-0.10142594567515206,7.925853551697548,1.0220124495107912,1.0,0.022012449510791177,0.8040306845603088,0.9206349206349206,2009
12-1,"[1, 7]",10.0,M12-10bps,S12-01-07-10bps,0.14577899989440657,0.23001599659031924,-8.423699669591267,0.14577899989440657,0.23001599659031924,-8.423699669591267,-0.15380978983791904,-0.1808586872663147,2.704889742839567,6.181052158237458,2.33189003598867,3.849162122248788,0.0,0.07539682539682539,2010
12-1,"[1, 7]",10.0,M12-10bps,S12-01-07-10bps,0.02292714971249521,0.04864325071951625,-2.571610100702104,0.02292714971249521,0.04864325071951625,-2.571610100702104,-0.18363428586894637,-0.18372649948102382,0.009221361207745193,5.599681106340083,1.3757432296758638,4.223937876664219,0.0,0.0,2011
12-1,"[1, 7]",10.0,M12-10bps,S12-01-07-10bps,0.09589485927489005,0.11892740231242493,-2.303254303753488,0.09589485927489005,0.11892740231242493,-2.303254303753488,-0.060782247069664286,-0.06955010242723392,0.8767855357569632,5.448742960888191,0.6803576105010309,4.7683853503871605,0.0,0.0,2012
12-1,"[1, 7]",10.0,M12-10bps,S12-01-07-10bps,0.33012823207607056,0.3682683100151849,-3.8140077939114336,0.33012823207607056,0.3682683100151849,-3.8140077939114336,-0.07393761422142553,-0.05474457578903191,-1.9193038432393617,3.428442797294648,1.3338081093030607,2.0946346879915874,6.137406602347856e-17,0.0,2013
12-1,"[1, 7]",10.0,M12-10bps,S12-01-07-10bps,0.12112220836638588,0.0005389254125351961,12.058328295385067,0.12112220836638588,0.0005389254125351961,12.058328295385067,-0.08168879650372751,-0.12243995573640976,4.075115923268225,5.425907450182872,2.6678986662038175,2.7580087839790544,0.0,0.0,2014
12-1,"[1, 7]",10.0,M12-10bps,S12-01-07-10bps,0.030815398862559906,-0.028128833044951174,5.894423190751108,0.030815398862559906,-0.028128833044951174,5.894423190751108,-0.11277593896950389,-0.11664393253414851,0.3867993564644623,5.508607325108407,2.6657780739753414,2.842829251133066,0.0,5.1626553946099516e-17,2015
12-1,"[1, 7]",10.0,M12-10bps,S12-01-07-10bps,-0.002188956565520428,0.06325309013909819,-6.544204670461862,-0.002188956565520428,0.06325309013909819,-6.544204670461862,-0.10807607619329263,-0.09388161259483663,-1.4194463598455997,6.809228710644241,2.021512006342491,4.787716704301751,0.02849186939663789,9.500336947239258e-18,2016
12-1,"[1, 7]",10.0,M12-10bps,S12-01-07-10bps,0.1656168885248661,0.21940364960451575,-5.378676107964964,0.1656168885248661,0.21940364960451575,-5.378676107964964,-0.04653762010795903,-0.05472316817609768,0.8185548068138648,6.1540790267162775,1.9997779999753333,4.154301026740944,0.0,0.0,2017
12-1,"[1, 7]",10.0,M12-10bps,S12-01-07-10bps,-0.05617440611131275,-0.09335837451372075,3.7183968402408007,-0.05617440611131275,-0.09335837451372075,3.7183968402408007,-0.1994894627900331,-0.24520841374023672,4.571895095020362,4.804572942736717,2.0069387682318407,2.7976341745048767,0.0,0.0,2018
12-1,"[1, 7]",10.0,M12-10bps,S12-01-07-10bps,0.23529030229080306,0.24873948456472572,-1.3449182273922666,0.23529030229080306,0.24873948456472572,-1.3449182273922666,-0.05231395876830747,-0.04387649659845161,-0.8437462169855858,6.165639406535419,2.0223011421829584,4.143338264352461,0.0498630297285613,0.3221316291685661,2019
12-1,"[1, 7]",10.0,M12-10bps,S12-01-07-10bps,0.1931534558977268,0.21459721415210398,-2.1443758254377165,0.1931534558977268,0.21459721415210398,-2.1443758254377165,-0.3026807071054325,-0.30243150459353507,-0.024920251189741727,2.8492742225777157,1.373414481829358,1.4758597407483576,0.025768715736776932,0.0,2020
12-1,"[1, 7]",10.0,M12-10bps,S12-01-07-10bps,0.14449486774835751,0.25049330184387375,-10.599843409551625,0.14449486774835751,0.25049330184387375,-10.599843409551625,-0.08167046799534272,-0.06844291103178812,-1.3227556963554599,2.7869912021306553,1.9997779999753331,0.7872132021553222,0.0,0.0,2021
12-1,"[1, 7]",10.0,M12-10bps,S12-01-07-10bps,0.1281104538146114,-0.037613235488595964,16.572368930320735,0.1281104538146114,-0.037613235488595964,16.572368930320735,-0.1381109595439538,-0.17791675846460953,3.980579892065572,4.98493506321297,2.6657780739753414,2.3191569892376287,0.02774004932269707,4.945793371873262e-17,2022
12-1,"[1, 7]",10.0,M12-10bps,S12-01-07-10bps,0.08221018591509033,0.029314479985467434,5.289570592962289,0.08221018591509033,0.029314479985467434,5.289570592962289,-0.11130833273753515,-0.09907913196538787,-1.2229200772147286,6.414258756273992,2.0651442491712606,4.3491145071027315,0.07678023953875583,8.94387564218038e-18,2023
12-1,"[1, 7]",10.0,M12-10bps,S12-01-07-10bps,0.09241026241336692,0.15666220619067794,-6.425194377731103,0.09241026241336692,0.15666220619067794,-6.425194377731103,-0.08315076655359155,-0.09716598973359936,1.4015223180007808,6.484541390240614,2.006861745532347,4.477679644708267,0.0,0.0,2024
12-1,"[1, 7]",10.0,M12-10bps,S12-01-07-10bps,0.038956841149446086,0.10532039464940612,-6.636355349996004,0.038956841149446086,0.10532039464940612,-6.636355349996004,-0.14330410282785488,-0.15117126364275124,0.7867160814896357,4.822561657641609,2.0067101525351583,2.8158515051064508,5.0395252778362606e-17,0.0,2025
12-1,"[2, 8]",10.0,M12-10bps,S12-02-08-10bps,-0.10313722465080133,-0.07211607637029216,-3.102114828050917,-0.10313722465080133,-0.07211607637029216,-3.102114828050917,-0.2412562412356224,-0.26620566951858293,2.494942828296054,3.89830479785012,2.6670335323820513,1.2312712654680689,0.05320051896001407,0.0,2001
12-1,"[2, 8]",10.0,M12-10bps,S12-02-08-10bps,-0.0842797886438762,-0.0702021202584876,-1.4077668385388598,-0.0842797886438762,-0.0702021202584876,-1.4077668385388598,-0.2728178290853359,-0.17098750446505795,-10.183032462027796,3.7865267068264656,0.9650598938681074,2.8214668129583584,0.32528328843056387,0.5079743901465098,2002
12-1,"[2, 8]",10.0,M12-10bps,S12-02-08-10bps,0.1596368818756937,0.1154618674477883,4.417501442790539,0.1596368818756937,0.1154618674477883,4.417501442790539,-0.056015904208169376,-0.05601590420816949,1.1102230246251565e-14,4.046935351385302,0.9990009990009989,3.0479343523843028,0.4681115610628902,0.6626984126984127,2003
12-1,"[2, 8]",10.0,M12-10bps,S12-02-08-10bps,0.11619929533209628,0.17821822236757967,-6.2018927035483395,0.11619929533209628,0.17821822236757967,-6.2018927035483395,-0.09157048502962706,-0.08677655755490465,-0.47939274747224037,5.546230325142363,1.9997779999753331,3.54645232516703,3.0958249418488906e-17,8.723101355640998e-17,2004
12-1,"[2, 8]",10.0,M12-10bps,S12-02-08-10bps,0.1531502146619108,0.15869619801214818,-0.5545983350237371,0.1531502146619108,0.15869619801214818,-0.5545983350237371,-0.10016681939568117,-0.10346025169436268,0.3293432298681509,3.594715076237744,0.7521285471722641,2.84258652906548,0.0,0.0,2005
12-1,"[2, 8]",10.0,M12-10bps,S12-02-08-10bps,0.07042164782878446,0.1954892471438845,-12.506759931510004,0.07042164782878446,0.1954892471438845,-12.506759931510004,-0.13789688816688228,-0.0766251099209313,-6.127177824595098,8.163975080476165,2.020725439904356,6.143249640571809,0.0,0.0,2006
12-1,"[2, 8]",10.0,M12-10bps,S12-02-08-10bps,0.08887774117605596,0.05448909265551083,3.438864852054513,0.08887774117605596,0.05448909265551083,3.438864852054513,-0.11855601472191823,-0.10150823930939301,-1.7047775412525223,6.796427321458796,3.3709432315921646,3.4254840898666314,0.0,0.0,2007
12-1,"[2, 8]",10.0,M12-10bps,S12-02-08-10bps,-0.20116052363898995,-0.3550302134100507,15.386968977106076,-0.20116052363898995,-0.3550302134100507,15.386968977106076,-0.2682125953875696,-0.44766240296286497,17.94498075752954,5.277366985066583,2.050116720541256,3.2272502645253267,0.20051826604062656,0.0,2008
12-1,"[2, 8]",10.0,M12-10bps,S12-02-08-10bps,0.1161358361808873,-0.16016281727234605,27.629865345323335,0.1161358361808873,-0.16016281727234605,27.629865345323335,-0.02216741015817658,-0.19709817997368118,17.49307698155046,1.0220124495107912,1.0,0.022012449510791177,0.8040306845603088,0.8452380952380952,2009
12-1,"[2, 8]",10.0,M12-10bps,S12-02-08-10bps,0.14577899989440657,0.17825238345868533,-3.2473383564278757,0.14577899989440657,0.17825238345868533,-3.2473383564278757,-0.15380978983791904,-0.14440636799666107,-0.9403421841257975,6.181052158237458,1.6658899619886616,4.515162196248797,0.0,0.15079365079365087,2010
12-1,"[2, 8]",10.0,M12-10bps,S12-02-08-10bps,0.02292714971249521,-0.011906109408334586,3.4833259120829796,0.02292714971249521,-0.011906109408334586,3.4833259120829796,-0.18363428586894637,-0.21698463087111963,3.3350345002173265,5.599681106340083,1.354346008533894,4.245335097806189,0.0,6.070485947248856e-17,2011
12-1,"[2, 8]",10.0,M12-10bps,S12-02-08-10bps,0.09589485927489005,0.1280145189018651,-3.211965962697505,0.09589485927489005,0.1280145189018651,-3.211965962697505,-0.060782247069664286,-0.08147235701516864,2.0690109945504354,5.448742960888191,2.023652623420831,3.4250903374673602,0.0,5.612851900743282e-17,2012
12-1,"[2, 8]",10.0,M12-10bps,S12-02-08-10bps,0.33012823207607056,0.3491938645808761,-1.906563250480553,0.33012823207607056,0.3491938645808761,-1.906563250480553,-0.07393761422142553,-0.053555255663723766,-2.0382358557701763,3.428442797294648,1.9997779999753331,1.428664797319315,6.137406602347856e-17,0.0,2013
12-1,"[2, 8]",10.0,M12-10bps,S12-02-08-10bps,0.12112220836638588,0.10748887490433945,1.3633333462046426,0.12112220836638588,0.10748887490433945,1.3633333462046426,-0.08168879650372751,-0.08164880104250904,-0.00399954612184672,5.425907450182872,2.000849606901607,3.425057843281265,0.0,0.0,2014
12-1,"[2, 8]",10.0,M12-10bps,S12-02-08-10bps,0.030815398862559906,0.07380496501326461,-4.2989566150704706,0.030815398862559906,0.07380496501326461,-4.2989566150704706,-0.11277593896950389,-0.10241563844418644,-1.0360300525317445,5.508607325108407,2.0045647271024265,3.504042598005981,0.0,1.1601872803093506e-16,2015
12-1,"[2, 8]",10.0,M12-10bps,S12-02-08-10bps,-0.002188956565520428,0.015796100942670366,-1.7985057508190794,-0.002188956565520428,0.015796100942670366,-1.7985057508190794,-0.10807607619329263,-0.08708647086326538,-2.098960533002725,6.809228710644241,1.3484201226319747,5.4608085880122665,0.02849186939663789,0.16332821915295753,2016
12-1,"[2, 8]",10.0,M12-10bps,S12-02-08-10bps,0.1656168885248661,0.256378914420077,-9.076202589521088,0.1656168885248661,0.256378914420077,-9.076202589521088,-0.04653762010795903,-0.04633125404785887,-0.020636606010016045,6.1540790267162775,1.3789172581306923,4.775161768585585,0.0,1.9981585032660565e-17,2017
12-1,"[2, 8]",10.0,M12-10bps,S12-02-08-10bps,-0.05617440611131275,-0.0503505236256393,-0.5823882485673448,-0.05617440611131275,-0.0503505236256393,-0.5823882485673448,-0.1994894627900331,-0.24630106185371514,4.681159906368205,4.804572942736717,2.0037330721986883,2.800839870538029,0.0,0.0,2018
12-1,"[2, 8]",10.0,M12-10bps,S12-02-08-10bps,0.23529030229080306,0.3135272758373737,-7.8236973546570665,0.23529030229080306,0.3135272758373737,-7.8236973546570665,-0.05231395876830747,-0.048102923647614815,-0.4211035120692652,6.165639406535419,2.6657780739753414,3.499861332560078,0.0498630297285613,0.0,2019
12-1,"[2, 8]",10.0,M12-10bps,S12-02-08-10bps,0.1931534558977268,0.18388703901798475,0.9266416879742057,0.1931534558977268,0.18388703901798475,0.9266416879742057,-0.3026807071054325,-0.30318692572714756,0.050621862171507104,2.8492742225777157,1.3979829296021873,1.4512912929755284,0.025768715736776932,0.0,2020
12-1,"[2, 8]",10.0,M12-10bps,S12-02-08-10bps,0.14449486774835751,0.21229617318785232,-6.780130543949481,0.14449486774835751,0.21229617318785232,-6.780130543949481,-0.08167046799534272,-0.0726060106307721,-0.9064457364570622,2.7869912021306553,2.6658604714025933,0.12113073072806202,0.0,6.628269776547092e-17,2021
12-1,"[2, 8]",10.0,M12-10bps,S12-02-08-10bps,0.1281104538146114,0.014869253883761147,11.324119993085024,0.1281104538146114,0.014869253883761147,11.324119993085024,-0.1381109595439538,-0.15330277573937656,1.5191816195422758,4.98493506321297,2.034894061836164,2.950041001376806,0.02774004932269707,0.0,2022
12-1,"[2, 8]",10.0,M12-10bps,S12-02-08-10bps,0.08221018591509033,0.06218130404443767,2.002888187065266,0.08221018591509033,0.06218130404443767,2.002888187065266,-0.11130833273753515,-0.11419270175359941,0.2884369016064259,6.414258756273992,2.0679405063124237,4.346318249961568,0.07678023953875583,3.9490911407055893e-17,2023
12-1,"[2, 8]",10.0,M12-10bps,S12-02-08-10bps,0.09241026241336692,0.09717399259925585,-0.4763730185888937,0.09241026241336692,0.09717399259925585,-0.4763730185888937,-0.08315076655359155,-0.10390597304683591,2.075520649324436,6.484541390240614,2.6657780739753414,3.8187633162652728,0.0,1.759948068448562e-17,2024
12-1,"[2, 8]",10.0,M12-10bps,S12-02-08-10bps,0.038956841149446086,0.16253552028581586,-12.357867913636976,0.038956841149446086,0.16253552028581586,-12.357867913636976,-0.14330410282785488,-0.13731799918596066,-0.5986103641894225,4.822561657641609,2.013551705201122,2.809009952440487,5.0395252778362606e-17,0.0,2025
12-1,"[3, 9]",10.0,M12-10bps,S12-03-09-10bps,-0.10313722465080133,-0.039498139342997396,-6.363908530780393,-0.10313722465080133,-0.039498139342997396,-6.363908530780393,-0.2412562412356224,-0.23022405561039105,-1.1032185625231339,3.89830479785012,2.6657780739753414,1.2325267238747788,0.05320051896001407,3.2400089402879654e-17,2001
12-1,"[3, 9]",10.0,M12-10bps,S12-03-09-10bps,-0.0842797886438762,-0.1404290152942279,5.614922665035172,-0.0842797886438762,-0.1404290152942279,5.614922665035172,-0.2728178290853359,-0.2821575021891176,0.9339673103781698,3.7865267068264656,0.7520912100487811,3.0344354967776845,0.32528328843056387,6.987516539311367e-17,2002
12-1,"[3, 9]",10.0,M12-10bps,S12-03-09-10bps,0.1596368818756937,0.12834004813567668,3.1296833740017016,0.1596368818756937,0.12834004813567668,3.1296833740017016,-0.056015904208169376,-0.12978543476237603,7.376953055420666,4.046935351385302,1.999000999000999,2.0479343523843028,0.4681115610628902,0.503968253968254,2003
12-1,"[3, 9]",10.0,M12-10bps,S12-03-09-10bps,0.11619929533209628,0.11208592817465446,0.4113367157441816,0.11619929533209628,0.11208592817465446,0.4113367157441816,-0.09157048502962706,-0.1102404978030106,1.8670012773383537,5.546230325142363,2.665778073975342,2.8804522511670214,3.0958249418488906e-17,0.0,2004
12-1,"[3, 9]",10.0,M12-10bps,S12-03-09-10bps,0.1531502146619108,0.18176975092934455,-2.8619536267433743,0.1531502146619108,0.18176975092934455,-2.8619536267433743,-0.10016681939568117,-0.10114172516520081,0.09749057695196406,3.594715076237744,0.715740428346261,2.878974647891483,0.0,5.502641663165377e-17,2005
12-1,"[3, 9]",10.0,M12-10bps,S12-03-09-10bps,0.07042164782878446,0.14628321228857777,-7.586156445979331,0.07042164782878446,0.14628321228857777,-7.586156445979331,-0.13789688816688228,-0.10338077093858822,-3.4516117228294063,8.163975080476165,2.665778073975342,5.498197006500823,0.0,0.0,2006
12-1,"[3, 9]",10.0,M12-10bps,S12-03-09-10bps,0.08887774117605596,0.0483982920353232,4.047944914073276,0.08887774117605596,0.0483982920353232,4.047944914073276,-0.11855601472191823,-0.09974440511047178,-1.8811609611446456,6.796427321458796,3.35581157206816,3.440615749390636,0.0,0.0,2007
12-1,"[3, 9]",10.0,M12-10bps,S12-03-09-10bps,-0.20116052363898995,-0.21988008696110473,1.8719563322114774,-0.20116052363898995,-0.21988008696110473,1.8719563322114774,-0.2682125953875696,-0.2629238228716585,-0.5288772515911089,5.277366985066583,1.9997779999753331,3.2775889850912496,0.20051826604062656,0.17639597726569642,2008
12-1,"[3, 9]",10.0,M12-10bps,S12-03-09-10bps,0.1161358361808873,-0.0010092913046181318,11.714512748550543,0.1161358361808873,-0.0010092913046181318,11.714512748550543,-0.02216741015817658,-0.06210085714019098,3.99334469820144,1.0220124495107912,0.6121133889018054,0.40989906060898573,0.8040306845603088,0.8439701510019979,2009
12-1,"[3, 9]",10.0,M12-10bps,S12-03-09-10bps,0.14577899989440657,0.08163263322489334,6.414636666951323,0.14577899989440657,0.08163263322489334,6.414636666951323,-0.15380978983791904,-0.15344981370987243,-0.035997612804661294,6.181052158237458,2.0283150759994113,4.152737082238047,0.0,0.15743314463723412,2010
12-1,"[3, 9]",10.0,M12-10bps,S12-03-09-10bps,0.02292714971249521,-0.017910133603174616,4.083728331566983,0.02292714971249521,-0.017910133603174616,4.083728331566983,-0.18363428586894637,-0.19727961955120898,1.3645333682262617,5.599681106340083,2.7548342303762334,2.8448468759638494,0.0,0.0,2011
12-1,"[3, 9]",10.0,M12-10bps,S12-03-09-10bps,0.09589485927489005,0.09546090453324374,0.04339547416463141,0.09589485927489005,0.09546090453324374,0.04339547416463141,-0.060782247069664286,-0.06078456642939656,0.00023193597322723747,5.448742960888191,1.3906486742231443,4.058094286665047,0.0,0.0,2012
12-1,"[3, 9]",10.0,M12-10bps,S12-03-09-10bps,0.33012823207607056,0.2982742229442181,3.1854009131852434,0.33012823207607056,0.2982742229442181,3.1854009131852434,-0.07393761422142553,-0.07026504304509706,-0.3672571176328465,3.428442797294648,2.0073249198996423,1.4211178773950057,6.137406602347856e-17,0.0,2013
12-1,"[3, 9]",10.0,M12-10bps,S12-03-09-10bps,0.12112220836638588,0.10727396111795628,1.384824724842959,0.12112220836638588,0.10727396111795628,1.384824724842959,-0.08168879650372751,-0.08714732510344503,0.5458528599717516,5.425907450182872,2.027465791767292,3.39844165841558,0.0,3.389499938486385e-17,2014
12-1,"[3, 9]",10.0,M12-10bps,S12-03-09-10bps,0.030815398862559906,0.05254823710736334,-2.173283824480343,0.030815398862559906,0.05254823710736334,-2.173283824480343,-0.11277593896950389,-0.11537526357914574,0.2599324609641851,5.508607325108407,1.362317773540393,4.146289551568014,0.0,9.435149801130707e-17,2015
12-1,"[3, 9]",10.0,M12-10bps,S12-03-09-10bps,-0.002188956565520428,0.0636870625652668,-6.587601913078722,-0.002188956565520428,0.0636870625652668,-6.587601913078722,-0.10807607619329263,-0.08773377267346394,-2.0342303519828686,6.809228710644241,2.0131455301603722,4.796083180483869,0.02849186939663789,9.162551256963643e-17,2016
12-1,"[3, 9]",10.0,M12-10bps,S12-03-09-10bps,0.1656168885248661,0.28042435163802093,-11.480746311315482,0.1656168885248661,0.28042435163802093,-11.480746311315482,-0.04653762010795903,-0.03189967046956155,-1.4637949638397485,6.1540790267162775,0.6754662301925688,5.478612796523708,0.0,2.7506022350199188e-17,2017
12-1,"[3, 9]",10.0,M12-10bps,S12-03-09-10bps,-0.05617440611131275,-0.02145128656841855,-3.47231195428942,-0.05617440611131275,-0.02145128656841855,-3.47231195428942,-0.1994894627900331,-0.19908286425515387,-0.040659853487923225,4.804572942736717,1.3492231473283112,3.4553497954084063,0.0,0.0,2018
12-1,"[3, 9]",10.0,M12-10bps,S12-03-09-10bps,0.23529030229080306,0.28222466019556625,-4.693435790476319,0.23529030229080306,0.28222466019556625,-4.693435790476319,-0.05231395876830747,-0.04796143151151033,-0.4352527256797134,6.165639406535419,2.005933067226991,4.159706339308428,0.0498630297285613,0.0,2019
12-1,"[3, 9]",10.0,M12-10bps,S12-03-09-10bps,0.1931534558977268,0.1912917511754415,0.18617047222853067,0.1931534558977268,0.1912917511754415,0.18617047222853067,-0.3026807071054325,-0.3034308536452538,0.07501465398213059,2.8492742225777157,1.3877488909952034,1.4615253315825123,0.025768715736776932,0.0,2020
12-1,"[3, 9]",10.0,M12-10bps,S12-03-09-10bps,0.14449486774835751,0.1947077227887548,-5.02128550403973,0.14449486774835751,0.1947077227887548,-5.02128550403973,-0.08167046799534272,-0.0760173184574906,-0.565314953785212,2.7869912021306553,2.664890960989661,0.12210024114099438,0.0,0.0,2021
12-1,"[3, 9]",10.0,M12-10bps,S12-03-09-10bps,0.1281104538146114,0.025299173433088296,10.28112803815231,0.1281104538146114,0.025299173433088296,10.28112803815231,-0.1381109595439538,-0.130475755711443,-0.7635203832510817,4.98493506321297,2.023587549330183,2.961347513882787,0.02774004932269707,0.0,2022
12-1,"[3, 9]",10.0,M12-10bps,S12-03-09-10bps,0.08221018591509033,0.14684461449658937,-6.463442858149904,0.08221018591509033,0.14684461449658937,-6.463442858149904,-0.11130833273753515,-0.08955556589030411,-2.175276684723104,6.414258756273992,2.012536673808518,4.401722082465474,0.07678023953875583,0.3351623916754774,2023
12-1,"[3, 9]",10.0,M12-10bps,S12-03-09-10bps,0.09241026241336692,0.18652392177235488,-9.411365935898797,0.09241026241336692,0.18652392177235488,-9.411365935898797,-0.08315076655359155,-0.09259074113434917,0.9439974580757626,6.484541390240614,1.3338655320578572,5.1506758581827565,0.0,0.0,2024
12-1,"[3, 9]",10.0,M12-10bps,S12-03-09-10bps,0.038956841149446086,0.09823922654295081,-5.928238539350472,0.038956841149446086,0.09823922654295081,-5.928238539350472,-0.14330410282785488,-0.11447371899017456,-2.883038383768033,4.822561657641609,2.017305917853137,2.805255739788472,5.0395252778362606e-17,0.0,2025
12-1,"[4, 10]",10.0,M12-10bps,S12-04-10-10bps,-0.10313722465080133,-0.017542527603708558,-8.559469704709278,-0.10313722465080133,-0.017542527603708558,-8.559469704709278,-0.2412562412356224,-0.1468524753481102,-9.44037658875122,3.89830479785012,2.3650387658694463,1.533266031980674,0.05320051896001407,0.05135648716873859,2001
12-1,"[4, 10]",10.0,M12-10bps,S12-04-10-10bps,-0.0842797886438762,-0.15314003302561763,6.886024438174143,-0.0842797886438762,-0.15314003302561763,6.886024438174143,-0.2728178290853359,-0.2679652798516604,-0.4852549233675507,3.7865267068264656,1.7023821012486446,2.084144605577821,0.32528328843056387,0.20425130978938663,2002
12-1,"[4, 10]",10.0,M12-10bps,S12-04-10-10bps,0.1596368818756937,0.1036136713227469,5.602321055294679,0.1596368818756937,0.1036136713227469,5.602321055294679,-0.056015904208169376,-0.03463121633790145,-2.1384687870267927,4.046935351385302,1.3426862644999236,2.704249086885378,0.4681115610628902,0.728676872950735,2003
12-1,"[4, 10]",10.0,M12-10bps,S12-04-10-10bps,0.11619929533209628,0.13355871855116397,-1.7359423219067693,0.11619929533209628,0.13355871855116397,-1.7359423219067693,-0.09157048502962706,-0.07822354165924505,-1.3346943370382003,5.546230325142363,1.999777999975333,3.5464523251670306,3.0958249418488906e-17,1.0515593522089005e-16,2004
12-1,"[4, 10]",10.0,M12-10bps,S12-04-10-10bps,0.1531502146619108,0.17865721802835655,-2.5507003366445735,0.1531502146619108,0.17865721802835655,-2.5507003366445735,-0.10016681939568117,-0.11039856777700019,1.0231748381319017,3.594715076237744,1.3505628778359062,2.2441521984018378,0.0,0.0,2005
12-1,"[4, 10]",10.0,M12-10bps,S12-04-10-10bps,0.07042164782878446,0.11022323214201246,-3.9801584313228,0.07042164782878446,0.11022323214201246,-3.9801584313228,-0.13789688816688228,-0.10662138456337011,-3.1275503603512167,8.163975080476165,2.6852908441282977,5.478684236347867,0.0,0.0,2006
12-1,"[4, 10]",10.0,M12-10bps,S12-04-10-10bps,0.08887774117605596,0.06961960100719522,1.9258140168860738,0.08887774117605596,0.06961960100719522,1.9258140168860738,-0.11855601472191823,-0.08699678382656495,-3.1559230895353285,6.796427321458796,3.332405355011974,3.464021966446822,0.0,0.0,2007
12-1,"[4, 10]",10.0,M12-10bps,S12-04-10-10bps,-0.20116052363898995,-0.28639653835815815,8.52360147191682,-0.20116052363898995,-0.28639653835815815,8.52360147191682,-0.2682125953875696,-0.4342713842948227,16.60587889072531,5.277366985066583,1.352340395543779,3.925026589522804,0.20051826604062656,0.10958776573206463,2008
12-1,"[4, 10]",10.0,M12-10bps,S12-04-10-10bps,0.1161358361808873,0.09214649438594313,2.3989341794944163,0.1161358361808873,0.09214649438594313,2.3989341794944163,-0.02216741015817658,-0.06707382255926853,4.490641240109195,1.0220124495107912,1.311932111922791,-0.28991966241199973,0.8040306845603088,0.7329534334806995,2009
12-1,"[4, 10]",10.0,M12-10bps,S12-04-10-10bps,0.14577899989440657,0.1669862613800055,-2.1207261485598927,0.14577899989440657,0.1669862613800055,-2.1207261485598927,-0.15380978983791904,-0.13492971086042027,-1.888007897749877,6.181052158237458,2.6760473633566155,3.5050047948808425,0.0,3.2964108664917903e-17,2010
12-1,"[4, 10]",10.0,M12-10bps,S12-04-10-10bps,0.02292714971249521,0.01955515159920629,0.3371998113288921,0.02292714971249521,0.01955515159920629,0.3371998113288921,-0.18363428586894637,-0.21576284238412535,3.2128556515178985,5.599681106340083,3.330891034989669,2.2687900713504137,0.0,0.0,2011
12-1,"[4, 10]",10.0,M12-10bps,S12-04-10-10bps,0.09589485927489005,0.08879855319402541,0.7096306080864645,0.09589485927489005,0.08879855319402541,0.7096306080864645,-0.060782247069664286,-0.06122851585514366,0.044626878547937565,5.448742960888191,2.031890907561747,3.4168520533264446,0.0,0.0,2012
12-1,"[4, 10]",10.0,M12-10bps,S12-04-10-10bps,0.33012823207607056,0.2987702600985598,3.135797197751078,0.33012823207607056,0.2987702600985598,3.135797197751078,-0.07393761422142553,-0.06997502980043735,-0.396258442098818,3.428442797294648,2.005205678628242,1.423237118666406,6.137406602347856e-17,2.0605314566647628e-17,2013
12-1,"[4, 10]",10.0,M12-10bps,S12-04-10-10bps,0.12112220836638588,0.15553312563230848,-3.4410917265922603,0.12112220836638588,0.15553312563230848,-3.4410917265922603,-0.08168879650372751,-0.07468822283569565,-0.7000573668031862,5.425907450182872,1.3337779259753249,4.092129524207547,0.0,3.982794786787638e-17,2014
12-1,"[4, 10]",10.0,M12-10bps,S12-04-10-10bps,0.030815398862559906,0.0658197727017018,-3.50043738391419,0.030815398862559906,0.0658197727017018,-3.50043738391419,-0.11277593896950389,-0.10819638654898334,-0.45795524205205496,5.508607325108407,1.3586228526640218,4.149984472444386,0.0,0.0,2015
12-1,"[4, 10]",10.0,M12-10bps,S12-04-10-10bps,-0.002188956565520428,0.028518330316910978,-3.0707286882431406,-0.002188956565520428,0.028518330316910978,-3.0707286882431406,-0.10807607619329263,-0.09202334584226668,-1.6052730351025946,6.809228710644241,1.3498931377970915,5.4593355728471495,0.02849186939663789,0.0,2016
12-1,"[4, 10]",10.0,M12-10bps,S12-04-10-10bps,0.1656168885248661,0.2761773836373165,-11.056049511245035,0.1656168885248661,0.2761773836373165,-11.056049511245035,-0.04653762010795903,-0.02626776674280984,-2.0269853365149193,6.1540790267162775,2.024345369654493,4.129733657061784,0.0,0.0,2017
12-1,"[4, 10]",10.0,M12-10bps,S12-04-10-10bps,-0.05617440611131275,-0.04984087177872398,-0.6333534332588764,-0.05617440611131275,-0.04984087177872398,-0.6333534332588764,-0.1994894627900331,-0.2034090416346801,0.3919578844646998,4.804572942736717,1.9997779999753336,2.804794942761384,0.0,0.0,2018
12-1,"[4, 10]",10.0,M12-10bps,S12-04-10-10bps,0.23529030229080306,0.3151628259138255,-7.987252362302244,0.23529030229080306,0.3151628259138255,-7.987252362302244,-0.05231395876830747,-0.03893699514166771,-1.337696362663976,6.165639406535419,2.061890771504026,4.103748635031393,0.0498630297285613,0.0,2019
12-1,"[4, 10]",10.0,M12-10bps,S12-04-10-10bps,0.1931534558977268,0.1241937936544486,6.895966224327821,0.1931534558977268,0.1241937936544486,6.895966224327821,-0.3026807071054325,-0.3126324587995951,0.9951751694162625,2.8492742225777157,2.0594116237997677,0.789862598777948,0.025768715736776932,0.15457597806549653,2020
12-1,"[4, 10]",10.0,M12-10bps,S12-04-10-10bps,0.14449486774835751,0.1537551639517758,-0.9260296203418283,0.14449486774835751,0.1537551639517758,-0.9260296203418283,-0.08167046799534272,-0.07612363138275124,-0.5546836612591477,2.7869912021306553,3.330891034989669,-0.5438998328590139,0.0,3.382063035071979e-17,2021
12-1,"[4, 10]",10.0,M12-10bps,S12-04-10-10bps,0.1281104538146114,0.14512289872406292,-1.701244490945153,0.1281104538146114,0.14512289872406292,-1.701244490945153,-0.1381109595439538,-0.14627369547731683,0.816273593336303,4.98493506321297,1.1242876698501176,3.8606473933628527,0.02774004932269707,0.05557597859645538,2022
12-1,"[4, 10]",10.0,M12-10bps,S12-04-10-10bps,0.08221018591509033,0.19747580222230732,-11.526561630721698,0.08221018591509033,0.19747580222230732,-11.526561630721698,-0.11130833273753515,-0.08469059313663496,-2.661773960090019,6.414258756273992,1.7311000810240686,4.683158675249923,0.07678023953875583,0.10903154803494931,2023
12-1,"[4, 10]",10.0,M12-10bps,S12-04-10-10bps,0.09241026241336692,0.1583520073902227,-6.594174497685579,0.09241026241336692,0.1583520073902227,-6.594174497685579,-0.08315076655359155,-0.0931280702521563,0.9977303698564755,6.484541390240614,1.3497157798273058,5.1348256104133085,0.0,1.8554957867247497e-17,2024
12-1,"[4, 10]",10.0,M12-10bps,S12-04-10-10bps,0.038956841149446086,0.043398144880422596,-0.4441303730976509,0.038956841149446086,0.043398144880422596,-0.4441303730976509,-0.14330410282785488,-0.1332613369429978,-1.0042765884857086,4.822561657641609,2.0036649609344748,2.8188966967071343,5.0395252778362606e-17,3.737875045611426e-17,2025
12-1,"[5, 11]",10.0,M12-10bps,S12-05-11-10bps,-0.10313722465080133,-0.06578338669822259,-3.735383795257874,-0.10313722465080133,-0.06578338669822259,-3.735383795257874,-0.2412562412356224,-0.16170933374398122,-7.954690749164117,3.89830479785012,3.0338232817098723,0.8644815161402479,0.05320051896001407,0.026577056195358304,2001
12-1,"[5, 11]",10.0,M12-10bps,S12-05-11-10bps,-0.0842797886438762,-0.10598209848531082,2.170230984143462,-0.0842797886438762,-0.10598209848531082,2.170230984143462,-0.2728178290853359,-0.26367170973255294,-0.9146119352782978,3.7865267068264656,1.6840985591164888,2.102428147709977,0.32528328843056387,0.1876173069947886,2002
12-1,"[5, 11]",10.0,M12-10bps,S12-05-11-10bps,0.1596368818756937,0.08495097269417617,7.468590918151752,0.1596368818756937,0.08495097269417617,7.468590918151752,-0.056015904208169376,-0.033596269692538816,-2.241963451563056,4.046935351385302,1.3381348224663103,2.7088005289189914,0.4681115610628902,0.7793353491363751,2003
12-1,"[5, 11]",10.0,M12-10bps,S12-05-11-10bps,0.11619929533209628,0.12456439716503875,-0.8365101832942479,0.11619929533209628,0.12456439716503875,-0.8365101832942479,-0.09157048502962706,-0.09151950917969565,-0.005097584993141169,5.546230325142363,2.664890960989661,2.8813393641527023,3.0958249418488906e-17,7.662545317133254e-17,2004
12-1,"[5, 11]",10.0,M12-10bps,S12-05-11-10bps,0.1531502146619108,0.20219541524924067,-4.904520058732986,0.1531502146619108,0.20219541524924067,-4.904520058732986,-0.10016681939568117,-0.10387827954972784,0.3711460154046664,3.594715076237744,0.742465975223892,2.852249101013852,0.0,4.7335340579481897e-17,2005
12-1,"[5, 11]",10.0,M12-10bps,S12-05-11-10bps,0.07042164782878446,0.13213316514828444,-6.1711517319499976,0.07042164782878446,0.13213316514828444,-6.1711517319499976,-0.13789688816688228,-0.10337625419300711,-3.452063397387517,8.163975080476165,3.3308910349896683,4.833084045486497,0.0,0.0,2006
12-1,"[5, 11]",10.0,M12-10bps,S12-05-11-10bps,0.08887774117605596,0.1713412532036498,-8.246351202759383,0.08887774117605596,0.1713412532036498,-8.246351202759383,-0.11855601472191823,-0.07936220424214024,-3.919381047977799,6.796427321458796,2.6739406478074645,4.1224866736513315,0.0,0.0,2007
12-1,"[5, 11]",10.0,M12-10bps,S12-05-11-10bps,-0.20116052363898995,-0.33865892983437584,13.749840619538588,-0.20116052363898995,-0.33865892983437584,13.749840619538588,-0.2682125953875696,-0.45037915781186455,18.216656242429497,5.277366985066583,1.6669272431519873,3.6104397419145955,0.20051826604062656,0.08695652173913052,2008
12-1,"[5, 11]",10.0,M12-10bps,S12-05-11-10bps,0.1161358361808873,0.029288816485271818,8.684701969561548,0.1161358361808873,0.029288816485271818,8.684701969561548,-0.02216741015817658,-0.016746362216439215,-0.5421047941737367,1.0220124495107912,0.9990009990009989,0.023011450509792253,0.8040306845603088,0.9126984126984127,2009
12-1,"[5, 11]",10.0,M12-10bps,S12-05-11-10bps,0.14577899989440657,0.16643313964458017,-2.0654139750173606,0.14577899989440657,0.16643313964458017,-2.0654139750173606,-0.15380978983791904,-0.18043829545936507,2.662850562144603,6.181052158237458,1.349087904979354,4.8319642532581035,0.0,5.548389878452578e-17,2010
12-1,"[5, 11]",10.0,M12-10bps,S12-05-11-10bps,0.02292714971249521,0.07525821796791043,-5.2331068255415225,0.02292714971249521,0.07525821796791043,-5.2331068255415225,-0.18363428586894637,-0.16850281085890306,-1.5131475010043305,5.599681106340083,2.0068975116127366,3.5927835947273463,0.0,0.0,2011
12-1,"[5, 11]",10.0,M12-10bps,S12-05-11-10bps,0.09589485927489005,0.13135131242519837,-3.545645315030832,0.09589485927489005,0.13135131242519837,-3.545645315030832,-0.060782247069664286,-0.07803025382035633,1.7248006750692046,5.448742960888191,2.6713514783960095,2.777391482492182,0.0,0.0,2012
12-1,"[5, 11]",10.0,M12-10bps,S12-05-11-10bps,0.33012823207607056,0.35974950776019043,-2.9621275684119874,0.33012823207607056,0.35974950776019043,-2.9621275684119874,-0.07393761422142553,-0.05497061845688889,-1.8966995764536643,3.428442797294648,1.3729142803837049,2.055528516910943,6.137406602347856e-17,6.373429995450237e-17,2013
12-1,"[5, 11]",10.0,M12-10bps,S12-05-11-10bps,0.12112220836638588,0.1493591113455639,-2.8236902979178025,0.12112220836638588,0.1493591113455639,-2.8236902979178025,-0.08168879650372751,-0.058052782929989166,-2.3636013573738346,5.425907450182872,1.3405321036672424,4.0853753465156295,0.0,0.0,2014
12-1,"[5, 11]",10.0,M12-10bps,S12-05-11-10bps,0.030815398862559906,0.041376440334124354,-1.0561041471564447,0.030815398862559906,0.041376440334124354,-1.0561041471564447,-0.11277593896950389,-0.11940075964589214,0.6624820676388254,5.508607325108407,1.3343590230786413,4.174248302029766,0.0,0.0,2015
12-1,"[5, 11]",10.0,M12-10bps,S12-05-11-10bps,-0.002188956565520428,0.060455384156848924,-6.264434072236935,-0.002188956565520428,0.060455384156848924,-6.264434072236935,-0.10807607619329263,-0.07922720216128476,-2.8848874032007865,6.809228710644241,1.3964019922619966,5.412826718382245,0.02849186939663789,0.0,2016
12-1,"[5, 11]",10.0,M12-10bps,S12-05-11-10bps,0.1656168885248661,0.2630006634205422,-9.738377489567608,0.1656168885248661,0.2630006634205422,-9.738377489567608,-0.04653762010795903,-0.023747818846012625,-2.2789801261946407,6.1540790267162775,2.6726699576262956,3.481409069089982,0.0,1.1368108615092125e-17,2017
12-1,"[5, 11]",10.0,M12-10bps,S12-05-11-10bps,-0.05617440611131275,-0.061921975779480554,0.5747569668167807,-0.05617440611131275,-0.061921975779480554,0.5747569668167807,-0.1994894627900331,-0.21354677353934226,1.405731074930916,4.804572942736717,2.011090718460749,2.7934822242759685,0.0,7.05267980968951e-17,2018
12-1,"[5, 11]",10.0,M12-10bps,S12-05-11-10bps,0.23529030229080306,0.26233607176757623,-2.7045769476773174,0.23529030229080306,0.26233607176757623,-2.7045769476773174,-0.05231395876830747,-0.06732702541774827,1.5013066649440798,6.165639406535419,2.011258943000489,4.15438046353493,0.0498630297285613,1.2217366466383748e-16,2019
12-1,"[5, 11]",10.0,M12-10bps,S12-05-11-10bps,0.1931534558977268,0.1796490438908882,1.3504412006838606,0.1931534558977268,0.1796490438908882,1.3504412006838606,-0.3026807071054325,-0.303775045236652,0.10943381312195077,2.8492742225777157,2.0300650132816562,0.8192092092960594,0.025768715736776932,0.0,2020
12-1,"[5, 11]",10.0,M12-10bps,S12-05-11-10bps,0.14449486774835751,0.15010633122829575,-0.5611463479938239,0.14449486774835751,0.15010633122829575,-0.5611463479938239,-0.08167046799534272,-0.08453621825174418,0.2865750256401456,2.7869912021306553,2.665778073975342,0.12121312815531349,0.0,0.0,2021
12-1,"[5, 11]",10.0,M12-10bps,S12-05-11-10bps,0.1281104538146114,0.15050951650498723,-2.2399062690375837,0.1281104538146114,0.15050951650498723,-2.2399062690375837,-0.1381109595439538,-0.1381109595439538,0.0,4.98493506321297,1.3648077189507748,3.6201273442621953,0.02774004932269707,0.0,2022
12-1,"[5, 11]",10.0,M12-10bps,S12-05-11-10bps,0.08221018591509033,0.03817391640471346,4.403626951037687,0.08221018591509033,0.03817391640471346,4.403626951037687,-0.11130833273753515,-0.11107670411485471,-0.02316286226804465,6.414258756273992,2.3328890369876705,4.081369719286322,0.07678023953875583,0.02599523333428487,2023
12-1,"[5, 11]",10.0,M12-10bps,S12-05-11-10bps,0.09241026241336692,0.09981377670291347,-0.7403514289546553,0.09241026241336692,0.09981377670291347,-0.7403514289546553,-0.08315076655359155,-0.0833951274755873,0.024436092199575654,6.484541390240614,2.3530009172718964,4.131540472968718,0.0,0.13169097770794874,2024
12-1,"[5, 11]",10.0,M12-10bps,S12-05-11-10bps,0.038956841149446086,0.1218814602840872,-8.29246191346411,0.038956841149446086,0.1218814602840872,-8.29246191346411,-0.14330410282785488,-0.13253070673029055,-1.0773396097564336,4.822561657641609,2.0024673525302426,2.8200943051113665,5.0395252778362606e-17,0.0,2025
12-1,"[6, 12]",10.0,M12-10bps,S12-06-12-10bps,-0.10313722465080133,-0.14075532698023163,3.7618102329430303,-0.10313722465080133,-0.14075532698023163,3.7618102329430303,-0.2412562412356224,-0.23441041701735355,-0.6845824218268848,3.89830479785012,2.665778073975342,1.2325267238747784,0.05320051896001407,7.583307034571559e-17,2001
12-1,"[6, 12]",10.0,M12-10bps,S12-06-12-10bps,-0.0842797886438762,-0.0959053442186395,1.1625555574763302,-0.0842797886438762,-0.0959053442186395,1.1625555574763302,-0.2728178290853359,-0.23565786042127124,-3.715996866406468,3.7865267068264656,1.3771367583814218,2.409389948445044,0.32528328843056387,0.15982759350329034,2002
12-1,"[6, 12]",10.0,M12-10bps,S12-06-12-10bps,0.1596368818756937,0.12838248550037035,3.1254396375323346,0.1596368818756937,0.12838248550037035,3.1254396375323346,-0.056015904208169376,-0.04169142960681349,-1.4324474601355885,4.046935351385302,1.0204595067843083,3.026475844600993,0.4681115610628902,0.4893903417023802,2003
12-1,"[6, 12]",10.0,M12-10bps,S12-06-12-10bps,0.11619929533209628,0.1129427365461746,0.32565587859216816,0.11619929533209628,0.1129427365461746,0.32565587859216816,-0.09157048502962706,-0.07785926120443987,-1.371122382518719,5.546230325142363,3.0247292526592626,2.5215010724831006,3.0958249418488906e-17,0.0,2004
12-1,"[6, 12]",10.0,M12-10bps,S12-06-12-10bps,0.1531502146619108,0.19988667539144722,-4.673646072953641,0.1531502146619108,0.19988667539144722,-4.673646072953641,-0.10016681939568117,-0.10165702414212674,0.1490204746445567,3.594715076237744,0.7651284068916592,2.8295866693460847,0.0,0.0,2005
12-1,"[6, 12]",10.0,M12-10bps,S12-06-12-10bps,0.07042164782878446,0.17426586153542156,-10.38442137066371,0.07042164782878446,0.17426586153542156,-10.38442137066371,-0.13789688816688228,-0.07714839270607632,-6.074849546080596,8.163975080476165,2.058612795808613,6.105362284667552,0.0,0.0,2006
12-1,"[6, 12]",10.0,M12-10bps,S12-06-12-10bps,0.08887774117605596,0.10667084555322948,-1.7793104377173519,0.08887774117605596,0.10667084555322948,-1.7793104377173519,-0.11855601472191823,-0.0733317466889033,-4.522426803301494,6.796427321458796,3.330891034989669,3.465536286469127,0.0,0.0,2007
12-1,"[6, 12]",10.0,M12-10bps,S12-06-12-10bps,-0.20116052363898995,-0.32143816968563943,12.027764604664949,-0.20116052363898995,-0.32143816968563943,12.027764604664949,-0.2682125953875696,-0.42797528200654134,15.976268661897175,5.277366985066583,2.0465625206754825,3.2308044643911003,0.20051826604062656,0.0,2008
12-1,"[6, 12]",10.0,M12-10bps,S12-06-12-10bps,0.1161358361808873,0.00470013027303362,11.143570590785368,0.1161358361808873,0.00470013027303362,11.143570590785368,-0.02216741015817658,0.0,-2.216741015817658,1.0220124495107912,1.0,0.022012449510791177,0.8040306845603088,1.0,2009
12-1,"[6, 12]",10.0,M12-10bps,S12-06-12-10bps,0.14577899989440657,0.12878861300458055,1.6990386889826015,0.14577899989440657,0.12878861300458055,1.6990386889826015,-0.15380978983791904,-0.18252354661660075,2.871375677868171,6.181052158237458,2.33189003598867,3.849162122248788,0.0,0.0,2010
12-1,"[6, 12]",10.0,M12-10bps,S12-06-12-10bps,0.02292714971249521,0.06859387823760521,-4.566672852511,0.02292714971249521,0.06859387823760521,-4.566672852511,-0.18363428586894637,-0.16620314167564088,-1.7431144193305492,5.599681106340083,1.3774367611529843,4.222244345187098,0.0,0.0,2011
12-1,"[6, 12]",10.0,M12-10bps,S12-06-12-10bps,0.09589485927489005,0.08363088273768127,1.2263976537208787,0.09589485927489005,0.08363088273768127,1.2263976537208787,-0.060782247069664286,-0.08188621528022844,2.110396821056415,5.448742960888191,1.3528868505212919,4.095856110366899,0.0,0.0,2012
12-1,"[6, 12]",10.0,M12-10bps,S12-06-12-10bps,0.33012823207607056,0.37803820605448135,-4.790997397841079,0.33012823207607056,0.37803820605448135,-4.790997397841079,-0.07393761422142553,-0.054685329516608316,-1.9252284704817213,3.428442797294648,1.9997779999753331,1.428664797319315,6.137406602347856e-17,0.0,2013
12-1,"[6, 12]",10.0,M12-10bps,S12-06-12-10bps,0.12112220836638588,0.0983889459038998,2.273326246248608,0.12112220836638588,0.0983889459038998,2.273326246248608,-0.08168879650372751,-0.08838849122824965,0.6699694724522143,5.425907450182872,2.003233910692877,3.422673539489995,0.0,0.0,2014
12-1,"[6, 12]",10.0,M12-10bps,S12-06-12-10bps,0.030815398862559906,0.0026608668801706425,2.8154531982389264,0.030815398862559906,0.0026608668801706425,2.8154531982389264,-0.11277593896950389,-0.1253638887089974,1.258794973949351,5.508607325108407,3.330891034989669,2.177716290118738,0.0,0.0,2015
12-1,"[6, 12]",10.0,M12-10bps,S12-06-12-10bps,-0.002188956565520428,0.014056310796712879,-1.6245267362233307,-0.002188956565520428,0.014056310796712879,-1.6245267362233307,-0.10807607619329263,-0.11238716628454659,0.4311090091253966,6.809228710644241,1.3602700255050872,5.448958685139154,0.02849186939663789,0.0,2016
12-1,"[6, 12]",10.0,M12-10bps,S12-06-12-10bps,0.1656168885248661,0.14069284763162404,2.492404089324207,0.1656168885248661,0.14069284763162404,2.492404089324207,-0.04653762010795903,-0.05981246498891668,1.3274844880957648,6.1540790267162775,3.330891034989669,2.8231879917266083,0.0,6.301432253881142e-17,2017
12-1,"[6, 12]",10.0,M12-10bps,S12-06-12-10bps,-0.05617440611131275,-0.07718432575436818,2.100991964305543,-0.05617440611131275,-0.07718432575436818,2.100991964305543,-0.1994894627900331,-0.24498573757296327,4.549627478293017,4.804572942736717,1.3484080759962147,3.4561648667405027,0.0,0.0,2018
12-1,"[6, 12]",10.0,M12-10bps,S12-06-12-10bps,0.23529030229080306,0.25945826386513016,-2.41679615743271,0.23529030229080306,0.25945826386513016,-2.41679615743271,-0.05231395876830747,-0.03893686416122766,-1.337709460707981,6.165639406535419,2.0451348710276047,4.1205045355078145,0.0498630297285613,0.0,2019
12-1,"[6, 12]",10.0,M12-10bps,S12-06-12-10bps,0.1931534558977268,0.20506921814309842,-1.1915762245371608,0.1931534558977268,0.20506921814309842,-1.1915762245371608,-0.3026807071054325,-0.30352347200692154,0.08427649014890459,2.8492742225777157,2.003516681681061,0.8457575408966549,0.025768715736776932,0.0,2020
12-1,"[6, 12]",10.0,M12-10bps,S12-06-12-10bps,0.14449486774835751,0.21067835170032012,-6.618348395196261,0.14449486774835751,0.21067835170032012,-6.618348395196261,-0.08167046799534272,-0.06846003855882754,-1.321042943651518,2.7869912021306553,1.9997779999753331,0.7872132021553222,0.0,0.0,2021
12-1,"[6, 12]",10.0,M12-10bps,S12-06-12-10bps,0.1281104538146114,0.04929534280200065,7.881511101261074,0.1281104538146114,0.04929534280200065,7.881511101261074,-0.1381109595439538,-0.19206599334927377,5.395503380531997,4.98493506321297,2.6657780739753414,2.3191569892376287,0.02774004932269707,6.567676341296668e-17,2022
12-1,"[6, 12]",10.0,M12-10bps,S12-06-12-10bps,0.08221018591509033,0.037693427671447344,4.451675824364298,0.08221018591509033,0.037693427671447344,4.451675824364298,-0.11130833273753515,-0.14546911324562906,3.41607805080939,6.414258756273992,2.076483597555393,4.3377751587186,0.07678023953875583,0.0,2023
12-1,"[6, 12]",10.0,M12-10bps,S12-06-12-10bps,0.09241026241336692,0.20410018051442536,-11.168991810105844,0.09241026241336692,0.20410018051442536,-11.168991810105844,-0.08315076655359155,-0.09040645903286804,0.7255692479276488,6.484541390240614,0.6939161318819613,5.790625258358653,0.0,5.642495352160627e-17,2024
12-1,"[6, 12]",10.0,M12-10bps,S12-06-12-10bps,0.038956841149446086,0.1669090748540072,-12.79522337045611,0.038956841149446086,0.1669090748540072,-12.79522337045611,-0.14330410282785488,-0.1323494469373061,-1.0954655890548781,4.822561657641609,0.6867220396444124,4.135839617997196,5.0395252778362606e-17,0.0,2025
12-1,"[1, 7]",25.0,M12-25bps,S12-01-07-25bps,-0.1083690232209149,-0.031721319777366475,-7.664770344354843,-0.1083690232209149,-0.031721319777366475,-7.664770344354843,-0.24446851496875632,-0.19451767363683947,-4.9950841331916855,3.896917495715749,2.6665827707970995,1.2303347249186496,0.05320051896001407,6.713355175971389e-17,2001
12-1,"[1, 7]",25.0,M12-25bps,S12-01-07-25bps,-0.0894677366328015,-0.09174037440904714,0.2272637776245645,-0.0894677366328015,-0.09174037440904714,0.2272637776245645,-0.27396661430682856,-0.17436049480366844,-9.96061195031601,3.784506877695455,1.304930615497023,2.4795762621984316,0.3252832884305638,0.45068174271325323,2002
12-1,"[1, 7]",25.0,M12-25bps,S12-01-07-25bps,0.15261297249339734,0.13177334421902454,2.08396282743728,0.15261297249339734,0.13177334421902454,2.08396282743728,-0.05601590420816949,-0.05279437708509804,-0.3221527123071444,4.045412389875715,1.3342087211514517,2.711203668724263,0.4681115610628902,0.3817533020051215,2003
12-1,"[1, 7]",25.0,M12-25bps,S12-01-07-25bps,0.1069460637946551,0.2107619800217626,-10.38159162271075,0.1069460637946551,0.2107619800217626,-10.38159162271075,-0.09430554255699664,-0.06746587613787458,-2.6839666419122055,5.54349553235026,2.6831284094577685,2.8603671228924914,4.3097628681639103e-17,1.214117708676905e-16,2004
12-1,"[1, 7]",25.0,M12-25bps,S12-01-07-25bps,0.1469449691984368,0.17132742078591368,-2.438245158747687,0.1469449691984368,0.17132742078591368,-2.438245158747687,-0.10106830454782667,-0.10436206348997223,0.3293758942145564,3.593714874720733,1.3429659009767687,2.2507489737439643,9.358161180570431e-18,8.742274663962301e-18,2005
12-1,"[1, 7]",25.0,M12-25bps,S12-01-07-25bps,0.0573935991547283,0.2326951977204228,-17.530159856569448,0.0573935991547283,0.2326951977204228,-17.530159856569448,-0.14400098510341308,-0.0631593788537812,-8.084160624963188,8.156214088113932,2.075068845964114,6.081145242149819,0.0,0.0,2006
12-1,"[1, 7]",25.0,M12-25bps,S12-01-07-25bps,0.07783379120029132,0.047363677577683116,3.047011362260821,0.07783379120029132,0.047363677577683116,3.047011362260821,-0.1212150272451763,-0.14120328807675164,1.9988260831575344,6.790551867431016,3.337924733744534,3.4526271336864816,0.0,0.0,2007
12-1,"[1, 7]",25.0,M12-25bps,S12-01-07-25bps,-0.20746332301137949,-0.3664173575739059,15.895403456252645,-0.20746332301137949,-0.3664173575739059,15.895403456252645,-0.2706014453604746,-0.48076021960518867,21.01587742447141,5.274922893813063,2.68539970142659,2.5895231923864728,0.20051826604062656,0.0,2008
12-1,"[1, 7]",25.0,M12-25bps,S12-01-07-25bps,0.11442773965075181,-0.04393199510082446,15.835973475157628,0.11442773965075181,-0.04393199510082446,15.835973475157628,-0.02216741015817647,-0.10142594567515217,7.92585355169757,1.0208365872051421,1.0,0.020836587205142143,0.8040306845603088,0.9206349206349206,2009
12-1,"[1, 7]",25.0,M12-25bps,S12-01-07-25bps,0.1352004677107883,0.2257188109977275,-9.05183432869392,0.1352004677107883,0.2257188109977275,-9.05183432869392,-0.15725215723418962,-0.1808586872663147,2.3606530032125095,6.177323641565191,2.3297293817911506,3.84759425977404,0.0,0.07539682539682539,2010
12-1,"[1, 7]",25.0,M12-25bps,S12-01-07-25bps,0.014370768103802112,0.04647828056939862,-3.210751246559651,0.014370768103802112,0.04647828056939862,-3.210751246559651,-0.18789082035765003,-0.1853593199794954,-0.25315003781546386,5.594826585810431,1.3750987850325287,4.2197278007779015,0.0,0.0,2011
12-1,"[1, 7]",25.0,M12-25bps,S12-01-07-25bps,0.08697074589650589,0.11778381856103315,-3.0813072664527263,0.08697074589650589,0.11778381856103315,-3.0813072664527263,-0.060786116657205014,-0.0695501024272338,0.8763985770028793,5.445362353086043,0.6806980730250517,4.764664280060992,0.0,0.0,2012
12-1,"[1, 7]",25.0,M12-25bps,S12-01-07-25bps,0.32330322817097135,0.3655281640260042,-4.222493585503284,0.32330322817097135,0.3655281640260042,-4.222493585503284,-0.07486537673200477,-0.0547445757890318,-2.012080094297297,3.4267124464255683,1.3344453711426187,2.0922670752829493,2.3014251979034198e-17,0.0,2013
12-1,"[1, 7]",25.0,M12-25bps,S12-01-07-25bps,0.11202898077367318,-0.003460414814150381,11.548939558782356,0.11202898077367318,-0.003460414814150381,11.548939558782356,-0.08170014193444841,-0.12506869932567566,4.336855739122725,5.423204277429117,2.664574467586851,2.758629809842266,1.9153212591388024e-17,5.887476597528364e-17,2014
12-1,"[1, 7]",25.0,M12-25bps,S12-01-07-25bps,0.022331616259324782,-0.03201308018823734,5.434469644756213,0.022331616259324782,-0.03201308018823734,5.434469644756213,-0.11366754203460849,-0.12017441414346375,0.6506872108855255,5.505241809324096,2.6644462947543714,2.840795514569724,0.0,0.0,2015
12-1,"[1, 7]",25.0,M12-25bps,S12-01-07-25bps,-0.012337872182412668,0.06003382956873726,-7.2371701751149935,-0.012337872182412668,0.06003382956873726,-7.2371701751149935,-0.10989481500349396,-0.09479808930734823,-1.509672569614573,6.807938765189349,2.019159452672025,4.788779312517324,0.028491869396637896,6.262489536682192e-17,2016
12-1,"[1, 7]",25.0,M12-25bps,S12-01-07-25bps,0.15489855761685178,0.21574523512145038,-6.08466775045986,0.15489855761685178,0.21574523512145038,-6.08466775045986,-0.04656853183078635,-0.05472316817609768,0.8154636345311328,6.1497129963526165,1.9994458329484952,4.150267163404122,0.0,0.0,2017
12-1,"[1, 7]",25.0,M12-25bps,S12-01-07-25bps,-0.06295428711837814,-0.09608666500127305,3.3132377882894914,-0.06295428711837814,-0.09608666500127305,3.3132377882894914,-0.2033405457716051,-0.2452084137402366,4.186786796863151,4.80224084464562,2.005936134375938,2.7963047102696823,0.0,0.0,2018
12-1,"[1, 7]",25.0,M12-25bps,S12-01-07-25bps,0.22391720991931985,0.24495301085665755,-2.10358009373377,0.22391720991931985,0.24495301085665755,-2.10358009373377,-0.053262820922763465,-0.04486509956142215,-0.8397721361341315,6.161667606400843,2.021290833535739,4.140376772865103,0.04986302972856129,0.32213162916856614,2019
12-1,"[1, 7]",25.0,M12-25bps,S12-01-07-25bps,0.1880590681027572,0.21209386287347232,-2.403479477071513,0.1880590681027572,0.21209386287347232,-2.403479477071513,-0.3026968695385437,-0.30243150459353496,-0.02653649450087281,2.8490897149006327,1.3727688718409792,1.4763208430596535,0.025768715736776936,0.0,2020
12-1,"[1, 7]",25.0,M12-25bps,S12-01-07-25bps,0.13971494175018795,0.24674161321482435,-10.70266714646364,0.13971494175018795,0.24674161321482435,-10.70266714646364,-0.08260645614261419,-0.06844291103178812,-1.416354511082607,2.7869807617154154,1.9994458329484952,0.7875349287669202,4.352806408292942e-17,5.058274841032048e-17,2021
12-1,"[1, 7]",25.0,M12-25bps,S12-01-07-25bps,0.11970666131173013,-0.0414595766168151,16.116623792854522,0.11970666131173013,-0.0414595766168151,16.116623792854522,-0.13811095954395392,-0.18120235288396191,4.3091393340008,4.980689323679366,2.6644462947543714,2.3162430289249945,0.027740049322697077,9.283323937193435e-18,2022
12-1,"[1, 7]",25.0,M12-25bps,S12-01-07-25bps,0.07184518492402914,0.026130717074103638,4.57144678499255,0.07184518492402914,0.026130717074103638,4.57144678499255,-0.11311063036480173,-0.1015704043883553,-1.1540225976446439,6.4108102521174075,2.0627812980871267,4.348028954030281,0.07678023953875583,5.2241784856649464e-17,2023
12-1,"[1, 7]",25.0,M12-25bps,S12-01-07-25bps,0.08183000984704014,0.15318551942670644,-7.13555095796663,0.08183000984704014,0.15318551942670644,-7.13555095796663,-0.08317867717330685,-0.09897338153415436,1.5794704360847511,6.481416812248732,2.0045274369581976,4.4768893752905345,0.0,6.36131456051102e-17,2024
12-1,"[1, 7]",25.0,M12-25bps,S12-01-07-25bps,0.03146339401865772,0.10199461311622127,-7.053121909756355,0.03146339401865772,0.10199461311622127,-7.053121909756355,-0.14507530911632271,-0.15121780906935534,0.6142499953032621,4.820185116307558,2.0057076328919266,2.814477483415631,0.0,0.0,2025
12-1,"[2, 8]",25.0,M12-25bps,S12-02-08-25bps,-0.1083690232209149,-0.0758233592579155,-3.2545663962999405,-0.1083690232209149,-0.0758233592579155,-3.2545663962999405,-0.24446851496875632,-0.269137483612082,2.4668968643325684,3.896917495715749,2.664446294754372,1.2324712009613772,0.05320051896001407,0.0,2001
12-1,"[2, 8]",25.0,M12-25bps,S12-02-08-25bps,-0.0894677366328015,-0.07154913306905075,-1.7918603563750746,-0.0894677366328015,-0.07154913306905075,-1.7918603563750746,-0.27396661430682856,-0.17098750446505795,-10.297910984177062,3.784506877695455,0.9653940064261732,2.8191128712692817,0.3252832884305638,0.5079743901465099,2002
12-1,"[2, 8]",25.0,M12-25bps,S12-02-08-25bps,0.15261297249339734,0.11379284719724314,3.8820125296154195,0.15261297249339734,0.11379284719724314,3.8820125296154195,-0.05601590420816949,-0.05601590420816949,0.0,4.045412389875715,0.9975062344139652,3.0479061554617495,0.4681115610628902,0.6626984126984127,2003
12-1,"[2, 8]",25.0,M12-25bps,S12-02-08-25bps,0.1069460637946551,0.17468337104060527,-6.773730724595017,0.1069460637946551,0.17468337104060527,-6.773730724595017,-0.09430554255699664,-0.0886033104209002,-0.5702232136096441,5.54349553235026,1.9994458329484948,3.544049699401765,4.3097628681639103e-17,0.0,2004
12-1,"[2, 8]",25.0,M12-25bps,S12-02-08-25bps,0.1469449691984368,0.15738748348014808,-1.044251428171128,0.1469449691984368,0.15738748348014808,-1.044251428171128,-0.10106830454782667,-0.10346025169436257,0.23919471465359,3.593714874720733,0.7524196854507397,2.841295189269993,9.358161180570431e-18,0.0,2005
12-1,"[2, 8]",25.0,M12-25bps,S12-02-08-25bps,0.0573935991547283,0.19187101226327652,-13.447741310854822,0.0573935991547283,0.19187101226327652,-13.447741310854822,-0.14400098510341308,-0.0766251099209313,-6.737587518248178,8.156214088113932,2.018369228594241,6.137844859519691,0.0,0.0,2006
12-1,"[2, 8]",25.0,M12-25bps,S12-02-08-25bps,0.07783379120029132,0.0491676634513476,2.8666127748943726,0.07783379120029132,0.0491676634513476,2.8666127748943726,-0.1212150272451763,-0.10150823930939301,-1.9706787935783288,6.790551867431016,3.3658994262581112,3.4246524411729045,0.0,0.0,2007
12-1,"[2, 8]",25.0,M12-25bps,S12-02-08-25bps,-0.20746332301137949,-0.35701065162458157,14.954732861320208,-0.20746332301137949,-0.35701065162458157,14.954732861320208,-0.2706014453604746,-0.44824420062026304,17.764275525978846,5.274922893813063,2.0477491957912815,3.2271736980217813,0.20051826604062656,0.0,2008
12-1,"[2, 8]",25.0,M12-25bps,S12-02-08-25bps,0.11442773965075181,-0.16142383406322824,27.585157371398004,0.11442773965075181,-0.16142383406322824,27.585157371398004,-0.02216741015817647,-0.19830373826200887,17.61363281038324,1.0208365872051421,1.0,0.020836587205142143,0.8040306845603088,0.8452380952380952,2009
12-1,"[2, 8]",25.0,M12-25bps,S12-02-08-25bps,0.1352004677107883,0.1753107630242352,-4.01102953134469,0.1352004677107883,0.1753107630242352,-4.01102953134469,-0.15725215723418962,-0.14440636799666107,-1.2845789237528549,6.177323641565191,1.6647289199852746,4.512594721579916,0.0,0.15079365079365079,2010
12-1,"[2, 8]",25.0,M12-25bps,S12-02-08-25bps,0.014370768103802112,-0.013913756805515765,2.8284524909317876,0.014370768103802112,-0.013913756805515765,2.8284524909317876,-0.18789082035765003,-0.21779194771364985,2.9901127355999813,5.594826585810431,1.3543362887967019,4.240490297013729,0.0,0.0,2011
12-1,"[2, 8]",25.0,M12-25bps,S12-02-08-25bps,0.08697074589650589,0.12459555979055192,-3.762481389404604,0.08697074589650589,0.12459555979055192,-3.762481389404604,-0.060786116657205014,-0.08147235701516886,2.0686240357963848,5.445362353086043,2.021298285139574,3.4240640679464693,0.0,5.807027224003253e-17,2012
12-1,"[2, 8]",25.0,M12-25bps,S12-02-08-25bps,0.32330322817097135,0.34514605778921426,-2.184282961824291,0.32330322817097135,0.34514605778921426,-2.184282961824291,-0.07486537673200477,-0.05355525566372388,-2.1310121068280896,3.4267124464255683,1.9994458329484952,1.427266613477073,2.3014251979034198e-17,0.0,2013
12-1,"[2, 8]",25.0,M12-25bps,S12-02-08-25bps,0.11202898077367318,0.10416628987240006,0.7862690901273117,0.11202898077367318,0.10416628987240006,0.7862690901273117,-0.08170014193444841,-0.08164880104250904,-0.005134089193936653,5.423204277429117,1.9998500150913316,3.4233542623377855,1.9153212591388024e-17,0.0,2014
12-1,"[2, 8]",25.0,M12-25bps,S12-02-08-25bps,0.022331616259324782,0.07057746028132428,-4.8245844021999496,0.022331616259324782,0.07057746028132428,-4.8245844021999496,-0.11366754203460849,-0.10331982117546135,-1.0347720859147147,5.505241809324096,2.0035632792787283,3.501678530045367,0.0,0.0,2015
12-1,"[2, 8]",25.0,M12-25bps,S12-02-08-25bps,-0.012337872182412668,0.013740165973577412,-2.607803815599008,-0.012337872182412668,0.013740165973577412,-2.607803815599008,-0.10989481500349396,-0.08708647086326549,-2.2808344140228476,6.807938765189349,1.3485944779894221,5.459344287199928,0.028491869396637896,0.16332821915295748,2016
12-1,"[2, 8]",25.0,M12-25bps,S12-02-08-25bps,0.15489855761685178,0.25377923391966917,-9.88806763028174,0.15489855761685178,0.25377923391966917,-9.88806763028174,-0.04656853183078635,-0.04633125404785898,-0.02372777829273698,6.1497129963526165,1.3782283735720926,4.771484622780524,0.0,3.845908854020402e-17,2017
12-1,"[2, 8]",25.0,M12-25bps,S12-02-08-25bps,-0.06295428711837814,-0.05320367486814248,-0.9750612250235657,-0.06295428711837814,-0.05320367486814248,-0.9750612250235657,-0.2033405457716051,-0.24630106185371514,4.2960516082110045,4.80224084464562,2.002732039856207,2.799508804789413,0.0,1.6981643158487457e-17,2018
12-1,"[2, 8]",25.0,M12-25bps,S12-02-08-25bps,0.22391720991931985,0.308277542392986,-8.436033247366614,0.22391720991931985,0.308277542392986,-8.436033247366614,-0.053262820922763465,-0.048102923647614926,-0.515989727514854,6.161667606400843,2.664446294754372,3.497221311646471,0.04986302972856129,0.0,2019
12-1,"[2, 8]",25.0,M12-25bps,S12-02-08-25bps,0.1880590681027572,0.1814035923311197,0.6655475771637498,0.1880590681027572,0.1814035923311197,0.6655475771637498,-0.3026968695385437,-0.3032549109150764,0.0558041376532703,2.8490897149006327,1.3972845201452673,1.4518051947553654,0.025768715736776936,0.0,2020
12-1,"[2, 8]",25.0,M12-25bps,S12-02-08-25bps,0.13971494175018795,0.20745409695476158,-6.773915520457363,0.13971494175018795,0.20745409695476158,-6.773915520457363,-0.08260645614261419,-0.07353490933933748,-0.9071546803276709,2.7869807617154154,2.662537291034487,0.12444347068092831,4.352806408292942e-17,0.0,2021
12-1,"[2, 8]",25.0,M12-25bps,S12-02-08-25bps,0.11970666131173013,0.011776153017811763,10.793050829391838,0.11970666131173013,0.011776153017811763,10.793050829391838,-0.13811095954395392,-0.15418552358979176,1.6074564045837847,4.980689323679366,2.032542169273112,2.948147154406254,0.027740049322697077,0.0,2022
12-1,"[2, 8]",25.0,M12-25bps,S12-02-08-25bps,0.07184518492402914,0.05888790546403122,1.2957279459997917,0.07184518492402914,0.05888790546403122,1.2957279459997917,-0.11311063036480173,-0.1159646131452502,0.2853982780448461,6.4108102521174075,2.0669073969837077,4.3439028551337,0.07678023953875583,1.0773482972392528e-16,2023
12-1,"[2, 8]",25.0,M12-25bps,S12-02-08-25bps,0.08183000984704014,0.09278895156568612,-1.0958941718645976,0.08183000984704014,0.09278895156568612,-1.0958941718645976,-0.08317867717330685,-0.10390597304683591,2.072729587352906,6.481416812248732,2.664446294754371,3.8169705174943607,0.0,1.882684270578166e-17,2024
12-1,"[2, 8]",25.0,M12-25bps,S12-02-08-25bps,0.03146339401865772,0.1590256723675849,-12.75622783489272,0.03146339401865772,0.1590256723675849,-12.75622783489272,-0.14507530911632271,-0.1390436522344739,-0.6031656881848813,4.820185116307558,2.012545767629831,2.8076393486777267,0.0,0.0,2025
12-1,"[3, 9]",25.0,M12-25bps,S12-03-09-25bps,-0.1083690232209149,-0.04333694713484393,-6.503207608607098,-0.1083690232209149,-0.04333694713484393,-6.503207608607098,-0.24446851496875632,-0.2317638654173131,-1.2704649551443237,3.896917495715749,2.664446294754371,1.232471200961378,0.05320051896001407,1.3697448904645875e-16,2001
12-1,"[3, 9]",25.0,M12-25bps,S12-03-09-25bps,-0.0894677366328015,-0.14139857852863136,5.1930841895829865,-0.0894677366328015,-0.14139857852863136,5.1930841895829865,-0.27396661430682856,-0.2829672011044527,0.9000586797624166,3.784506877695455,0.7517982972592452,3.0327085804362097,0.3252832884305638,3.052448074407517e-17,2002
12-1,"[3, 9]",25.0,M12-25bps,S12-03-09-25bps,0.15261297249339734,0.12496008947935788,2.7652883014039453,0.15261297249339734,0.12496008947935788,2.7652883014039453,-0.05601590420816949,-0.12978543476237603,7.376953055420654,4.045412389875715,1.9975062344139651,2.0479061554617495,0.4681115610628902,0.503968253968254,2003
12-1,"[3, 9]",25.0,M12-25bps,S12-03-09-25bps,0.1069460637946551,0.1076412890738414,-0.06952252791863067,0.1069460637946551,0.1076412890738414,-0.06952252791863067,-0.09430554255699664,-0.11202031492677256,1.7714772369775922,5.54349553235026,2.6644462947543714,2.8790492375958885,4.3097628681639103e-17,0.0,2004
12-1,"[3, 9]",25.0,M12-25bps,S12-03-09-25bps,0.1469449691984368,0.18049922520761097,-3.3554256009174166,0.1469449691984368,0.18049922520761097,-3.3554256009174166,-0.10106830454782667,-0.10204223362178244,0.09739290739557704,3.593714874720733,0.7160985970343411,2.877616277686392,9.358161180570431e-18,0.0,2005
12-1,"[3, 9]",25.0,M12-25bps,S12-03-09-25bps,0.0573935991547283,0.14170189797026267,-8.430829881553436,0.0573935991547283,0.14170189797026267,-8.430829881553436,-0.14400098510341308,-0.10517430981447273,-3.882667528894035,8.156214088113932,2.6644462947543714,5.491767793359561,0.0,0.0,2006
12-1,"[3, 9]",25.0,M12-25bps,S12-03-09-25bps,0.07783379120029132,0.043131330088839404,3.470246111145192,0.07783379120029132,0.043131330088839404,3.470246111145192,-0.1212150272451763,-0.10244113354431095,-1.8773893700865352,6.790551867431016,3.350790407621175,3.4397614598098407,0.0,0.0,2007
12-1,"[3, 9]",25.0,M12-25bps,S12-03-09-25bps,-0.20746332301137949,-0.22222057691233232,1.4757253900952838,-0.20746332301137949,-0.22222057691233232,1.4757253900952838,-0.2706014453604746,-0.2636622522205688,-0.6939193139905764,5.274922893813063,1.9994458329484948,3.275477060864568,0.20051826604062656,0.17639597726569642,2008
12-1,"[3, 9]",25.0,M12-25bps,S12-03-09-25bps,0.11442773965075181,-0.0019261929739743389,11.635393262472615,0.11442773965075181,-0.0019261929739743389,11.635393262472615,-0.02216741015817647,-0.06210085714019098,3.993344698201451,1.0208365872051421,0.6119469164991841,0.40888967070595805,0.8040306845603088,0.8439701510019979,2009
12-1,"[3, 9]",25.0,M12-25bps,S12-03-09-25bps,0.1352004677107883,0.07834669030805563,5.6853777402732675,0.1352004677107883,0.07834669030805563,5.6853777402732675,-0.15725215723418962,-0.15344981370987232,-0.38023435243172976,6.177323641565191,2.0259481204625907,4.1513755211026,0.0,0.15743314463723412,2010
12-1,"[3, 9]",25.0,M12-25bps,S12-03-09-25bps,0.014370768103802112,-0.02196292534303157,3.633369344683368,0.014370768103802112,-0.02196292534303157,3.633369344683368,-0.18789082035765003,-0.19898991841509728,1.1099098057447243,5.594826585810431,2.7520407419726487,2.842785843837782,0.0,0.0,2011
12-1,"[3, 9]",25.0,M12-25bps,S12-03-09-25bps,0.08697074589650589,0.09317730379306521,-0.6206557896559328,0.08697074589650589,0.09317730379306521,-0.6206557896559328,-0.060786116657205014,-0.06078456642939645,-0.00015502278085666177,5.445362353086043,1.389953928840518,4.055408424245526,0.0,0.0,2012
12-1,"[3, 9]",25.0,M12-25bps,S12-03-09-25bps,0.32330322817097135,0.29436667017865825,2.8936557992313094,0.32330322817097135,0.29436667017865825,2.8936557992313094,-0.07486537673200477,-0.07026504304509706,-0.46003336869077094,3.4267124464255683,2.0063220931286687,1.4203903532968996,2.3014251979034198e-17,0.0,2013
12-1,"[3, 9]",25.0,M12-25bps,S12-03-09-25bps,0.11202898077367318,0.10390787877693541,0.8121101996737767,0.11202898077367318,0.10390787877693541,0.8121101996737767,-0.08170014193444841,-0.08897333631011517,0.7273194375666758,5.423204277429117,2.026452902945427,3.3967513744836904,1.9153212591388024e-17,0.0,2014
12-1,"[3, 9]",25.0,M12-25bps,S12-03-09-25bps,0.022331616259324782,0.05039880348325432,-2.8067187223929535,0.022331616259324782,0.05039880348325432,-2.8067187223929535,-0.11366754203460849,-0.11537526357914574,0.1707721544537244,5.505241809324096,1.3616371818133954,4.1436046275107,0.0,0.0,2015
12-1,"[3, 9]",25.0,M12-25bps,S12-03-09-25bps,-0.012337872182412668,0.06047629827594281,-7.281417045835548,-0.012337872182412668,0.06047629827594281,-7.281417045835548,-0.10989481500349396,-0.08773377267346405,-2.216104233002991,6.807938765189349,2.012139795507503,4.795798969681846,0.028491869396637896,9.619142411612085e-17,2016
12-1,"[3, 9]",25.0,M12-25bps,S12-03-09-25bps,0.15489855761685178,0.27912513285444707,-12.42265752375953,0.15489855761685178,0.27912513285444707,-12.42265752375953,-0.04656853183078635,-0.03286954809984943,-1.369898373093692,6.1497129963526165,0.6757956677134986,5.473917328639118,0.0,8.399772501961424e-17,2017
12-1,"[3, 9]",25.0,M12-25bps,S12-03-09-25bps,-0.06295428711837814,-0.02343202374768405,-3.952226337069409,-0.06295428711837814,-0.02343202374768405,-3.952226337069409,-0.2033405457716051,-0.19908286425515387,-0.4257681516451228,4.80224084464562,1.3492159868889737,3.4530248577566467,0.0,0.0,2018
12-1,"[3, 9]",25.0,M12-25bps,S12-03-09-25bps,0.22391720991931985,0.2783702339694951,-5.445302405017527,0.22391720991931985,0.2783702339694951,-5.445302405017527,-0.053262820922763465,-0.04796143151151033,-0.5301389411253132,6.161667606400843,2.0042601291922075,4.157407477208635,0.04986302972856129,0.0,2019
12-1,"[3, 9]",25.0,M12-25bps,S12-03-09-25bps,0.1880590681027572,0.1888110095795683,-0.07519414768111243,0.1880590681027572,0.1888110095795683,-0.07519414768111243,-0.3026968695385437,-0.3034308536452539,0.07339841067102171,2.8490897149006327,1.387055594296954,1.4620341206036787,0.025768715736776936,0.0,2020
12-1,"[3, 9]",25.0,M12-25bps,S12-03-09-25bps,0.13971494175018795,0.18993564310957467,-5.022070135938672,0.13971494175018795,0.18993564310957467,-5.022070135938672,-0.08260645614261419,-0.07601731845749038,-0.6589137685123814,2.7869807617154154,2.66223515439924,0.12474560731617546,4.352806408292942e-17,0.0,2021
12-1,"[3, 9]",25.0,M12-25bps,S12-03-09-25bps,0.11970666131173013,0.02218824808696529,9.751841322476483,0.11970666131173013,0.02218824808696529,9.751841322476483,-0.13811095954395392,-0.130475755711443,-0.7635203832510928,4.980689323679366,2.0225765980149473,2.9581127256644186,0.027740049322697077,0.0,2022
12-1,"[3, 9]",25.0,M12-25bps,S12-03-09-25bps,0.07184518492402914,0.14338576897123678,-7.1540584047207645,0.07184518492402914,0.14338576897123678,-7.1540584047207645,-0.11311063036480173,-0.08955556589030433,-2.35550644744974,6.4108102521174075,2.0108569584208618,4.399953293696546,0.07678023953875583,0.3351623916754774,2023
12-1,"[3, 9]",25.0,M12-25bps,S12-03-09-25bps,0.08183000984704014,0.1841478120274722,-10.231780218043207,0.08183000984704014,0.1841478120274722,-10.231780218043207,-0.08317867717330685,-0.09259074113434906,0.9412063961042216,6.481416812248732,1.334445371142619,5.146971441106112,0.0,0.0,2024
12-1,"[3, 9]",25.0,M12-25bps,S12-03-09-25bps,0.03146339401865772,0.09491732215541027,-6.345392813675255,0.03146339401865772,0.09491732215541027,-6.345392813675255,-0.14507530911632271,-0.11538268785094441,-2.9692621265378305,4.820185116307558,2.0162981047384725,2.8038870115690853,0.0,0.0,2025
12-1,"[4, 10]",25.0,M12-25bps,S12-04-10-25bps,-0.1083690232209149,-0.0210234351230264,-8.734558809788851,-0.1083690232209149,-0.0210234351230264,-8.734558809788851,-0.24446851496875632,-0.1468524753481103,-9.761603962064601,3.896917495715749,2.3623293736948234,1.5345881220209256,0.05320051896001407,0.05135648716873856,2001
12-1,"[4, 10]",25.0,M12-25bps,S12-04-10-25bps,-0.0894677366328015,-0.15530302511479588,6.583528848199438,-0.0894677366328015,-0.15530302511479588,6.583528848199438,-0.27396661430682856,-0.2683714909558622,-0.5595123350966347,3.784506877695455,1.7019011122541365,2.0826057654413184,0.3252832884305638,0.20425130978938663,2002
12-1,"[4, 10]",25.0,M12-25bps,S12-04-10-25bps,0.15261297249339734,0.101394091385139,5.121888110825834,0.15261297249339734,0.101394091385139,5.121888110825834,-0.05601590420816949,-0.03463121633790156,-2.1384687870267927,4.045412389875715,1.3411914999128898,2.7042208899628246,0.4681115610628902,0.728676872950735,2003
12-1,"[4, 10]",25.0,M12-25bps,S12-04-10-25bps,0.1069460637946551,0.13015785318988793,-2.321178939523283,0.1069460637946551,0.13015785318988793,-2.321178939523283,-0.09430554255699664,-0.08006740342277241,-1.4238139134224226,5.54349553235026,1.9994458329484948,3.544049699401765,4.3097628681639103e-17,6.223996588538014e-17,2004
12-1,"[4, 10]",25.0,M12-25bps,S12-04-10-25bps,0.1469449691984368,0.17626906210996873,-2.932409291153193,0.1469449691984368,0.17626906210996873,-2.932409291153193,-0.10106830454782667,-0.1103985677770003,0.933026322917363,3.593714874720733,1.350555048089071,2.243159826631662,9.358161180570431e-18,3.568170837938e-17,2005
12-1,"[4, 10]",25.0,M12-25bps,S12-04-10-25bps,0.0573935991547283,0.10575657114237913,-4.836297198765083,0.0573935991547283,0.10575657114237913,-4.836297198765083,-0.14400098510341308,-0.1092975129074848,-3.4703472195928287,8.156214088113932,2.6819579566630756,5.474256131450857,0.0,0.0,2006
12-1,"[4, 10]",25.0,M12-25bps,S12-04-10-25bps,0.07783379120029132,0.06428347558459091,1.3550315615700415,0.07783379120029132,0.06428347558459091,1.3550315615700415,-0.1212150272451763,-0.08699678382656506,-3.421824341861124,6.790551867431016,3.327419212336146,3.46313265509487,0.0,0.0,2007
12-1,"[4, 10]",25.0,M12-25bps,S12-04-10-25bps,-0.20746332301137949,-0.2878443196544309,8.038099664305143,-0.20746332301137949,-0.2878443196544309,8.038099664305143,-0.2706014453604746,-0.4342713842948227,16.36699389343481,5.274922893813063,1.3523316777781056,3.922591216034957,0.20051826604062656,0.10958776573206463,2008
12-1,"[4, 10]",25.0,M12-25bps,S12-04-10-25bps,0.11442773965075181,0.09000031687646382,2.4427422774288,0.11442773965075181,0.09000031687646382,2.4427422774288,-0.02216741015817647,-0.06707382255926864,4.490641240109216,1.0208365872051421,1.310437347335757,-0.28960076013061475,0.8040306845603088,0.7329534334806994,2009
12-1,"[4, 10]",25.0,M12-25bps,S12-04-10-25bps,0.1352004677107883,0.1623081335046268,-2.71076657938385,0.1352004677107883,0.1623081335046268,-2.71076657938385,-0.15725215723418962,-0.13666014128579573,-2.0592015948393882,6.177323641565191,2.6733717605395926,3.503951881025598,0.0,3.399206637248544e-17,2010
12-1,"[4, 10]",25.0,M12-25bps,S12-04-10-25bps,0.014370768103802112,0.014467716942909714,-0.009694883910760232,0.014370768103802112,0.014467716942909714,-0.009694883910760232,-0.18789082035765003,-0.21811203593962347,3.0221215581973437,5.594826585810431,3.327235616205116,2.2675909696053145,0.0,0.0,2011
12-1,"[4, 10]",25.0,M12-25bps,S12-04-10-25bps,0.08697074589650589,0.08548141890327621,0.14893269932296782,0.08697074589650589,0.08548141890327621,0.14893269932296782,-0.060786116657205014,-0.06310637336456626,0.23202567073612457,5.445362353086043,2.030875808024247,3.4144865450617963,0.0,0.0,2012
12-1,"[4, 10]",25.0,M12-25bps,S12-04-10-25bps,0.32330322817097135,0.29486533682970717,2.8437891341264177,0.32330322817097135,0.29486533682970717,2.8437891341264177,-0.07486537673200477,-0.06997502980043735,-0.4890346931567424,3.4267124464255683,2.0042039105956215,1.4225085358299467,2.3014251979034198e-17,9.415779229338493e-17,2013
12-1,"[4, 10]",25.0,M12-25bps,S12-04-10-25bps,0.11202898077367318,0.15321897635702397,-4.118999558335079,0.11202898077367318,0.15321897635702397,-4.118999558335079,-0.08170014193444841,-0.07468822283569576,-0.701191909875265,5.423204277429117,1.3344453711426185,4.088758906286499,1.9153212591388024e-17,1.2188876522102208e-16,2014
12-1,"[4, 10]",25.0,M12-25bps,S12-04-10-25bps,0.022331616259324782,0.06364668162712483,-4.131506536780005,0.022331616259324782,0.06364668162712483,-4.131506536780005,-0.11366754203460849,-0.10819638654898334,-0.5471155485625157,5.505241809324096,1.3579698406927405,4.147271968631355,0.0,3.568826257932709e-17,2015
12-1,"[4, 10]",25.0,M12-25bps,S12-04-10-25bps,-0.012337872182412668,0.026435413578256073,-3.877328576066874,-0.012337872182412668,0.026435413578256073,-3.877328576066874,-0.10989481500349396,-0.0929329894182771,-1.696182558521686,6.807938765189349,1.3498856426414498,5.458053122547899,0.028491869396637896,0.0,2016
12-1,"[4, 10]",25.0,M12-25bps,S12-04-10-25bps,0.15489855761685178,0.2723038042146695,-11.74052465978177,0.15489855761685178,0.2723038042146695,-11.74052465978177,-0.04656853183078635,-0.02626776674280995,-2.0300765087976402,6.1497129963526165,2.02333403974459,4.1263789566080264,0.0,0.0,2017
12-1,"[4, 10]",25.0,M12-25bps,S12-04-10-25bps,-0.06295428711837814,-0.05269150775724485,-1.026277936113329,-0.06295428711837814,-0.05269150775724485,-1.026277936113329,-0.2033405457716051,-0.20420709502588485,0.08665492542797582,4.80224084464562,1.9994458329484952,2.802795011697125,0.0,0.0,2018
12-1,"[4, 10]",25.0,M12-25bps,S12-04-10-25bps,0.22391720991931985,0.31110125169701974,-8.71840417776999,0.22391720991931985,0.31110125169701974,-8.71840417776999,-0.053262820922763465,-0.03893699514166771,-1.4325825781095758,6.161667606400843,2.0594781611662842,4.102189445234559,0.04986302972856129,7.107844213042523e-17,2019
12-1,"[4, 10]",25.0,M12-25bps,S12-04-10-25bps,0.1880590681027572,0.12072297241742636,6.733609568533083,0.1880590681027572,0.12072297241742636,6.733609568533083,-0.3026968695385437,-0.3126324587995951,0.9935589261051425,2.8490897149006327,2.057552075118024,0.7915376397826086,0.025768715736776936,0.15457597806549656,2020
12-1,"[4, 10]",25.0,M12-25bps,S12-04-10-25bps,0.13971494175018795,0.14799809039203482,-0.8283148641846871,0.13971494175018795,0.14799809039203482,-0.8283148641846871,-0.08260645614261419,-0.07612363138275147,-0.6482824759862726,2.7869807617154154,3.327235616205116,-0.5402548544897008,4.352806408292942e-17,0.0,2021
12-1,"[4, 10]",25.0,M12-25bps,S12-04-10-25bps,0.11970666131173013,0.14319233906588247,-2.3485677754152334,0.11970666131173013,0.14319233906588247,-2.3485677754152334,-0.13811095954395392,-0.1462736954773166,0.8162735933362697,4.980689323679366,1.123931393796483,3.8567579298828827,0.027740049322697077,0.05557597859645538,2022
12-1,"[4, 10]",25.0,M12-25bps,S12-04-10-25bps,0.07184518492402914,0.19437119885566312,-12.252601393163399,0.07184518492402914,0.19437119885566312,-12.252601393163399,-0.11311063036480173,-0.08469059313663485,-2.8420037228166883,6.4108102521174075,1.7292052454394855,4.681605006677922,0.07678023953875583,0.10903154803494931,2023
12-1,"[4, 10]",25.0,M12-25bps,S12-04-10-25bps,0.08183000984704014,0.15600839505084352,-7.417838520380338,0.08183000984704014,0.15600839505084352,-7.417838520380338,-0.08317867717330685,-0.09312807025215641,0.9949393078849567,6.481416812248732,1.3490414838507059,5.132375328398026,0.0,2.0008155572690322e-17,2024
12-1,"[4, 10]",25.0,M12-25bps,S12-04-10-25bps,0.03146339401865772,0.04026343917557185,-0.8800045156914127,0.03146339401865772,0.04026343917557185,-0.8800045156914127,-0.14507530911632271,-0.1332613369429979,-1.1813972173324805,4.820185116307558,2.00266396261927,2.8175211536882876,0.0,1.0100517665958271e-16,2025
12-1,"[5, 11]",25.0,M12-25bps,S12-05-11-25bps,-0.1083690232209149,-0.07002781689807369,-3.8341206322841215,-0.1083690232209149,-0.07002781689807369,-3.8341206322841215,-0.24446851496875632,-0.1634279028261154,-8.10406121426409,3.896917495715749,3.0301132144492042,0.8668042812665449,0.05320051896001407,0.026577056195358318,2001
12-1,"[5, 11]",25.0,M12-25bps,S12-05-11-25bps,-0.0894677366328015,-0.10824103041794386,1.8773293785142364,-0.0894677366328015,-0.10824103041794386,1.8773293785142364,-0.27396661430682856,-0.2640600779180794,-0.9906536388749165,3.784506877695455,1.6836084207264188,2.100898456969036,0.3252832884305638,0.18761730699478854,2002
12-1,"[5, 11]",25.0,M12-25bps,S12-05-11-25bps,0.15261297249339734,0.08277632814977487,6.983664434362247,0.15261297249339734,0.08277632814977487,6.983664434362247,-0.05601590420816949,-0.03359626969253893,-2.241963451563056,4.045412389875715,1.3366400578792765,2.708772331996438,0.4681115610628902,0.7793353491363751,2003
12-1,"[5, 11]",25.0,M12-25bps,S12-05-11-25bps,0.1069460637946551,0.12007249441319856,-1.312643061854346,0.1069460637946551,0.12007249441319856,-1.312643061854346,-0.09430554255699664,-0.09151950917969576,-0.27860333773008783,5.54349553235026,2.6622351543992395,2.8812603779510204,4.3097628681639103e-17,6.708680217786365e-17,2004
12-1,"[5, 11]",25.0,M12-25bps,S12-05-11-25bps,0.1469449691984368,0.20085672115837938,-5.391175195994258,0.1469449691984368,0.20085672115837938,-5.391175195994258,-0.10106830454782667,-0.10387827954972795,0.2809975001901277,3.593714874720733,0.7421455534458812,2.8515693212748516,9.358161180570431e-18,0.0,2005
12-1,"[5, 11]",25.0,M12-25bps,S12-05-11-25bps,0.0573935991547283,0.12648398227584878,-6.909038312112048,0.0573935991547283,0.12648398227584878,-6.909038312112048,-0.14400098510341308,-0.10516980210389615,-3.8831182999516933,8.156214088113932,3.327235616205116,4.828978471908816,0.0,0.0,2006
12-1,"[5, 11]",25.0,M12-25bps,S12-05-11-25bps,0.07783379120029132,0.1666485948286771,-8.881480362838579,0.07783379120029132,0.1666485948286771,-8.881480362838579,-0.1212150272451763,-0.08029549987501527,-4.091952737016102,6.790551867431016,2.6706134307150924,4.119938436715923,0.0,0.0,2007
12-1,"[5, 11]",25.0,M12-25bps,S12-05-11-25bps,-0.20746332301137949,-0.3403134695494159,13.285014653803639,-0.20746332301137949,-0.3403134695494159,13.285014653803639,-0.2706014453604746,-0.450929766650767,18.03283212902924,5.274922893813063,1.6672226855713093,3.6077002082417535,0.20051826604062656,0.08695652173913043,2008
12-1,"[5, 11]",25.0,M12-25bps,S12-05-11-25bps,0.11442773965075181,0.027748733468086817,8.6679006182665,0.11442773965075181,0.027748733468086817,8.6679006182665,-0.02216741015817647,-0.016746362216439215,-0.5421047941737256,1.0208365872051421,0.9975062344139651,0.02333035279117701,0.8040306845603088,0.9126984126984127,2009
12-1,"[5, 11]",25.0,M12-25bps,S12-05-11-25bps,0.1352004677107883,0.16407233122165454,-2.8871863510866236,0.1352004677107883,0.16407233122165454,-2.8871863510866236,-0.15725215723418962,-0.18127682539695877,2.402466816276916,6.177323641565191,1.349080812104887,4.8282428294603035,0.0,0.0,2010
12-1,"[5, 11]",25.0,M12-25bps,S12-05-11-25bps,0.014370768103802112,0.07202258831567154,-5.765182021186943,0.014370768103802112,0.07202258831567154,-5.765182021186943,-0.18789082035765003,-0.17016608383540843,-1.7724736522241602,5.594826585810431,2.005894898367967,3.5889316874424635,0.0,0.0,2011
12-1,"[5, 11]",25.0,M12-25bps,S12-05-11-25bps,0.08697074589650589,0.1268239898736523,-3.98532439771464,0.08697074589650589,0.1268239898736523,-3.98532439771464,-0.060786116657205014,-0.07803025382035633,1.7244137163151319,5.445362353086043,2.6686829018407736,2.7766794512452697,0.0,0.0,2012
12-1,"[5, 11]",25.0,M12-25bps,S12-05-11-25bps,0.32330322817097135,0.3569480087802761,-3.364478060930476,0.32330322817097135,0.3569480087802761,-3.364478060930476,-0.07486537673200477,-0.05497061845688889,-1.9894758275115887,3.4267124464255683,1.372268420086012,2.0544440263395565,2.3014251979034198e-17,1.0289569232263433e-17,2013
12-1,"[5, 11]",25.0,M12-25bps,S12-05-11-25bps,0.11202898077367318,0.14704760345921053,-3.501862268553735,0.11202898077367318,0.14704760345921053,-3.501862268553735,-0.08170014193444841,-0.058052782929989055,-2.3647359004459356,5.423204277429117,1.340529285131482,4.082674992297635,1.9153212591388024e-17,1.0609520158054029e-16,2014
12-1,"[5, 11]",25.0,M12-25bps,S12-05-11-25bps,0.022331616259324782,0.03929151333787373,-1.6959897078548947,0.022331616259324782,0.03929151333787373,-1.6959897078548947,-0.11366754203460849,-0.11940075964589214,0.5733217611283647,5.505241809324096,1.3344453711426187,4.170796438181477,0.0,0.0,2015
12-1,"[5, 11]",25.0,M12-25bps,S12-05-11-25bps,-0.012337872182412668,0.058237467781111496,-7.057533996352417,-0.012337872182412668,0.058237467781111496,-7.057533996352417,-0.10989481500349396,-0.07922720216128498,-3.066761284220898,6.807938765189349,1.395004409833207,5.412934355356143,0.028491869396637896,0.0,2016
12-1,"[5, 11]",25.0,M12-25bps,S12-05-11-25bps,0.15489855761685178,0.25794402703848274,-10.304546942163096,0.15489855761685178,0.25794402703848274,-10.304546942163096,-0.04656853183078635,-0.02570066591198439,-2.0867865918801964,6.1497129963526165,2.669999408284182,3.4797135880684347,0.0,0.0,2017
12-1,"[5, 11]",25.0,M12-25bps,S12-05-11-25bps,-0.06295428711837814,-0.06475069915234766,0.1796412033969519,-0.06295428711837814,-0.06475069915234766,0.1796412033969519,-0.2033405457716051,-0.21434671074673928,1.100616497513418,4.80224084464562,2.010086010358271,2.7921548342873495,0.0,1.2087737273114842e-17,2018
12-1,"[5, 11]",25.0,M12-25bps,S12-05-11-25bps,0.22391720991931985,0.25852924778638475,-3.4612037867064904,0.22391720991931985,0.25852924778638475,-3.4612037867064904,-0.053262820922763465,-0.06732702541774827,1.40642044949848,6.161667606400843,2.010254150855776,4.151413455545066,0.04986302972856129,6.049727430402851e-17,2019
12-1,"[5, 11]",25.0,M12-25bps,S12-05-11-25bps,0.1880590681027572,0.1760583506704474,1.2000717432309793,0.1880590681027572,0.1760583506704474,1.2000717432309793,-0.3026968695385437,-0.303775045236652,0.1078175698108308,2.8490897149006327,2.0290508259311406,0.8200388889694921,0.025768715736776936,9.721665319575113e-18,2020
12-1,"[5, 11]",25.0,M12-25bps,S12-05-11-25bps,0.13971494175018795,0.1455097371699028,-0.5794795419714838,0.13971494175018795,0.1455097371699028,-0.5794795419714838,-0.08260645614261419,-0.08636745254698541,0.37609964043712196,2.7869807617154154,2.664446294754371,0.12253446696104442,4.352806408292942e-17,4.1877755169005356e-17,2021
12-1,"[5, 11]",25.0,M12-25bps,S12-05-11-25bps,0.11970666131173013,0.14815309044635416,-2.844642913462403,0.11970666131173013,0.14815309044635416,-2.844642913462403,-0.13811095954395392,-0.13811095954395392,0.0,4.980689323679366,1.3641578019918144,3.6165315216875515,0.027740049322697077,0.0,2022
12-1,"[5, 11]",25.0,M12-25bps,S12-05-11-25bps,0.07184518492402914,0.034541519192757164,3.7303665731271973,0.07184518492402914,0.034541519192757164,3.7303665731271973,-0.11311063036480173,-0.11107670411485471,-0.20339262499470268,6.4108102521174075,2.332223147377186,4.078587104740222,0.07678023953875583,0.025995233334284874,2023
12-1,"[5, 11]",25.0,M12-25bps,S12-05-11-25bps,0.08183000984704014,0.09593536492358234,-1.4105355076542203,0.08183000984704014,0.09593536492358234,-1.4105355076542203,-0.08317867717330685,-0.08431341511020207,0.11347379368952248,6.481416812248732,2.3508117790760656,4.130605033172666,0.0,0.1316909777079487,2024
12-1,"[5, 11]",25.0,M12-25bps,S12-05-11-25bps,0.03146339401865772,0.1185129776522531,-8.704958363359538,0.03146339401865772,0.1185129776522531,-8.704958363359538,-0.14507530911632271,-0.13253070673029055,-1.2544602386032166,4.820185116307558,2.001466952520652,2.818718163786906,0.0,0.0,2025
12-1,"[6, 12]",25.0,M12-25bps,S12-06-12-25bps,-0.1083690232209149,-0.1441894433323172,3.5820420111402296,-0.1083690232209149,-0.1441894433323172,3.5820420111402296,-0.24446851496875632,-0.23747022499575765,-0.6998289972998673,3.896917495715749,2.664446294754372,1.2324712009613772,0.05320051896001407,0.0,2001
12-1,"[6, 12]",25.0,M12-25bps,S12-06-12-25bps,-0.0894677366328015,-0.09777329404371671,0.830555741091521,-0.0894677366328015,-0.09777329404371671,0.830555741091521,-0.27396661430682856,-0.2360900556663339,-3.787655864049466,3.784506877695455,1.376948347011706,2.407558530683749,0.3252832884305638,0.15982759350329037,2002
12-1,"[6, 12]",25.0,M12-25bps,S12-06-12-25bps,0.15261297249339734,0.12665397533217004,2.5958997161227293,0.15261297249339734,0.12665397533217004,2.5958997161227293,-0.05601590420816949,-0.04169142960681349,-1.4324474601355996,4.045412389875715,1.0207932293679551,3.0246191605077595,0.4681115610628902,0.4893903417023802,2003
12-1,"[6, 12]",25.0,M12-25bps,S12-06-12-25bps,0.1069460637946551,0.10790001020943607,-0.09539464147809706,0.1069460637946551,0.10790001020943607,-0.09539464147809706,-0.09430554255699664,-0.07785926120443976,-1.644628135255688,5.54349553235026,3.0215319313046303,2.5219636010456297,4.3097628681639103e-17,0.0,2004
12-1,"[6, 12]",25.0,M12-25bps,S12-06-12-25bps,0.1469449691984368,0.19850778403702152,-5.156281483858471,0.1469449691984368,0.19850778403702152,-5.156281483858471,-0.10106830454782667,-0.10165702414212663,0.05887195942999579,3.593714874720733,0.7655112901644991,2.828203584556234,9.358161180570431e-18,5.856788049234245e-17,2005
12-1,"[6, 12]",25.0,M12-25bps,S12-06-12-25bps,0.0573935991547283,0.17064522133252202,-11.325162217779372,0.0573935991547283,0.17064522133252202,-11.325162217779372,-0.14400098510341308,-0.07714839270607643,-6.685259239733665,8.156214088113932,2.056234336872922,6.09997975124101,0.0,5.4483895015756475e-17,2006
12-1,"[6, 12]",25.0,M12-25bps,S12-06-12-25bps,0.07783379120029132,0.10114871602060971,-2.3314924820318383,0.07783379120029132,0.10114871602060971,-2.3314924820318383,-0.1212150272451763,-0.07518539368139665,-4.602963356377964,6.790551867431016,3.3272356162051153,3.4633162512259004,0.0,0.0,2007
12-1,"[6, 12]",25.0,M12-25bps,S12-06-12-25bps,-0.20746332301137949,-0.3235203887159289,11.605706570454943,-0.20746332301137949,-0.3235203887159289,11.605706570454943,-0.2706014453604746,-0.4285875674145735,15.79861220540989,5.274922893813063,2.045540091439508,3.229382802373555,0.20051826604062656,0.0,2008
12-1,"[6, 12]",25.0,M12-25bps,S12-06-12-25bps,0.11442773965075181,0.003191571518869729,11.123616813188208,0.11442773965075181,0.003191571518869729,11.123616813188208,-0.02216741015817647,0.0,-2.216741015817647,1.0208365872051421,1.0,0.020836587205142143,0.8040306845603088,1.0,2009
12-1,"[6, 12]",25.0,M12-25bps,S12-06-12-25bps,0.1352004677107883,0.1248450755397581,1.0355392171030209,0.1352004677107883,0.1248450755397581,1.0355392171030209,-0.15725215723418962,-0.18415877342385756,2.6906616189667942,6.177323641565191,2.329729381791151,3.8475942597740396,0.0,6.4854754974992e-17,2010
12-1,"[6, 12]",25.0,M12-25bps,S12-06-12-25bps,0.014370768103802112,0.06638500752626597,-5.201423942246386,0.014370768103802112,0.06638500752626597,-5.201423942246386,-0.18789082035765003,-0.16620314167564088,-2.168767868200916,5.594826585810431,1.3767931639816144,4.2180334218288165,0.0,5.486621093824609e-17,2011
12-1,"[6, 12]",25.0,M12-25bps,S12-06-12-25bps,0.08697074589650589,0.08143329653625431,0.5537449360251578,0.08697074589650589,0.08143329653625431,0.5537449360251578,-0.060786116657205014,-0.08188621528022832,2.110009862302331,5.445362353086043,1.3522109703295242,4.093151382756519,0.0,0.0,2012
12-1,"[6, 12]",25.0,M12-25bps,S12-06-12-25bps,0.32330322817097135,0.3739038614239045,-5.060063325293318,0.32330322817097135,0.3739038614239045,-5.060063325293318,-0.07486537673200477,-0.054685329516608205,-2.018004721539657,3.4267124464255683,1.9994458329484952,1.427266613477073,2.3014251979034198e-17,0.0,2013
12-1,"[6, 12]",25.0,M12-25bps,S12-06-12-25bps,0.11202898077367318,0.09509155566183347,1.693742511183971,0.11202898077367318,0.09509155566183347,1.693742511183971,-0.08170014193444841,-0.08838849122824965,0.6688349293801243,5.423204277429117,2.001568114651528,3.421636162777589,1.9153212591388024e-17,0.0,2014
12-1,"[6, 12]",25.0,M12-25bps,S12-06-12-25bps,0.022331616259324782,-0.002342267707180712,2.4673883966505494,0.022331616259324782,-0.002342267707180712,2.4673883966505494,-0.11366754203460849,-0.12711345398376284,1.3445911949154343,5.505241809324096,3.3272356162051153,2.1780061931189802,0.0,6.532265561748708e-17,2015
12-1,"[6, 12]",25.0,M12-25bps,S12-06-12-25bps,-0.012337872182412668,0.011986257118711707,-2.4324129301124375,-0.012337872182412668,0.011986257118711707,-2.4324129301124375,-0.10989481500349396,-0.11242365326379133,0.25288382602973725,6.807938765189349,1.3596178378071215,5.448320927382228,0.028491869396637896,6.700681557903312e-17,2016
12-1,"[6, 12]",25.0,M12-25bps,S12-06-12-25bps,0.15489855761685178,0.13500095316556382,1.9897604451287965,0.15489855761685178,0.13500095316556382,1.9897604451287965,-0.04656853183078635,-0.05981246498891657,1.3243933158130217,6.1497129963526165,3.3272356162051158,2.8224773801475007,0.0,0.0,2017
12-1,"[6, 12]",25.0,M12-25bps,S12-06-12-25bps,-0.06295428711837814,-0.07905112274844472,1.6096835630066586,-0.06295428711837814,-0.07905112274844472,1.6096835630066586,-0.2033405457716051,-0.24498573757296316,4.164519180135806,4.80224084464562,1.348401322753213,3.4538395218924074,0.0,0.0,2018
12-1,"[6, 12]",25.0,M12-25bps,S12-06-12-25bps,0.22391720991931985,0.25559844514056285,-3.1681235221243,0.22391720991931985,0.25559844514056285,-3.1681235221243,-0.053262820922763465,-0.03893686416122766,-1.4325956761535807,6.161667606400843,2.0434032769272843,4.118264329473559,0.04986302972856129,0.0,2019
12-1,"[6, 12]",25.0,M12-25bps,S12-06-12-25bps,0.1880590681027572,0.20144978865337704,-1.339072055061985,0.1880590681027572,0.20144978865337704,-1.339072055061985,-0.3026968695385437,-0.3035234720069214,0.08266024683777351,2.8490897149006327,2.0022761790146015,0.8468135358860311,0.025768715736776936,0.0,2020
12-1,"[6, 12]",25.0,M12-25bps,S12-06-12-25bps,0.13971494175018795,0.20704611456733257,-6.733117281714462,0.13971494175018795,0.20704611456733257,-6.733117281714462,-0.08260645614261419,-0.06846003855882765,-1.4146417583786541,2.7869807617154154,1.999445832948495,0.7875349287669204,4.352806408292942e-17,0.0,2021
12-1,"[6, 12]",25.0,M12-25bps,S12-06-12-25bps,0.11970666131173013,0.04510165687291656,7.460500443881357,0.11970666131173013,0.04510165687291656,7.460500443881357,-0.13811095954395392,-0.19368213206581064,5.557117252185673,4.980689323679366,2.664446294754371,2.316243028924995,0.027740049322697077,0.0,2022
12-1,"[6, 12]",25.0,M12-25bps,S12-06-12-25bps,0.07184518492402914,0.03446330028570044,3.73818846383287,0.07184518492402914,0.03446330028570044,3.73818846383287,-0.11311063036480173,-0.14802887266615983,3.4918242301358093,6.4108102521174075,2.0734548602549867,4.33735539186242,0.07678023953875583,0.0,2023
12-1,"[6, 12]",25.0,M12-25bps,S12-06-12-25bps,0.08183000984704014,0.20284711024894708,-12.101710040190694,0.08183000984704014,0.20284711024894708,-12.101710040190694,-0.08317867717330685,-0.09040645903286793,0.7227781859561078,6.481416812248732,0.6935694627069997,5.787847349541732,0.0,0.0,2024
12-1,"[6, 12]",25.0,M12-25bps,S12-06-12-25bps,0.03146339401865772,0.16570728927900813,-13.424389526035041,0.03146339401865772,0.16570728927900813,-13.424389526035041,-0.14507530911632271,-0.13234944693730621,-1.27258621790165,4.820185116307558,0.6863789645205266,4.133806151787031,0.0,0.0,2025
mixed,"[1, 7]",0.0,MMIX-0bps,SMIX-01-07-0bps,-0.15328738502759842,-0.0792901171455217,-7.399726788207673,-0.15328738502759842,-0.0792901171455217,-7.399726788207673,-0.22920673918804935,-0.19316305430869474,-3.604368487935461,3.9318756542826736,2.00546327722081,1.9264123770618635,0.13670620148484564,1.1339438035873605e-17,2001
mixed,"[1, 7]",0.0,MMIX-0bps,SMIX-01-07-0bps,-0.08023105259979613,-0.08876937921014272,0.8538326610346592,-0.08023105259979613,-0.08876937921014272,0.8538326610346592,-0.2566216328513121,-0.17373060771778115,-8.289102513353097,3.1167803487041947,1.3046765066507757,1.812103842053419,0.3573197533296108,0.45068174271325323,2002
mixed,"[1, 7]",0.0,MMIX-0bps,SMIX-01-07-0bps,0.17176447960605246,0.16557876828000473,0.6185711326047727,0.17176447960605246,0.16557876828000473,0.6185711326047727,-0.05793598582621051,-0.04844975854958411,-0.9486227276626402,4.070175236037216,2.001987228419078,2.0681880076181383,0.4116599404940028,0.38175330200512136,2003
mixed,"[1, 7]",0.0,MMIX-0bps,SMIX-01-07-0bps,0.14656960084958648,0.21849744455652265,-7.192784370693617,0.14656960084958648,0.21849744455652265,-7.192784370693617,-0.0726099106803334,-0.0674658761378748,-0.5144034542458598,6.85834307605482,2.688689370580363,4.169653705474457,8.939426379938306e-17,1.1236468049179067e-16,2004
mixed,"[1, 7]",0.0,MMIX-0bps,SMIX-01-07-0bps,0.0877396972144242,0.09151230260644638,-0.3772605392022177,0.0877396972144242,0.09151230260644638,-0.3772605392022177,-0.10118638893136711,-0.1043620634899719,0.3175674558604791,4.878709336712983,2.6763063347516303,2.2024030019613523,1.6561005270737166e-17,8.82431673434645e-18,2005
mixed,"[1, 7]",0.0,MMIX-0bps,SMIX-01-07-0bps,0.10665499645480891,0.20339379226096876,-9.673879580615985,0.10665499645480891,0.20339379226096876,-9.673879580615985,-0.12503700566812115,-0.08264384874320096,-4.239315692492019,7.513559272265213,2.0383555851413315,5.475203687123882,3.0972043307071787e-17,0.0,2006
mixed,"[1, 7]",0.0,MMIX-0bps,SMIX-01-07-0bps,0.07583141056204168,0.02525299350792376,5.057841705411792,0.07583141056204168,0.02525299350792376,5.057841705411792,-0.11257038345565284,-0.1465220490079573,3.3951665552304444,6.8367577819079015,3.3333333333333335,3.503424448574568,1.5445944018613345e-17,0.0,2007
mixed,"[1, 7]",0.0,MMIX-0bps,SMIX-01-07-0bps,-0.22849688363846943,-0.3621405797297965,13.364369609132709,-0.22849688363846943,-0.3621405797297965,13.364369609132709,-0.2815401051323966,-0.47986247884568767,19.832237371329107,5.8902464761454345,2.6909625552924923,3.199283920852942,0.20051826604062659,0.0,2008
mixed,"[1, 7]",0.0,MMIX-0bps,SMIX-01-07-0bps,0.259317644751037,0.06445143891669591,19.48662058343411,0.259317644751037,0.06445143891669591,19.48662058343411,-0.06230931297410014,-0.10824311479507776,4.5933801820977616,3.712300874821465,1.6666666666666665,2.0456342081547985,0.5197341909030646,0.6336245501754804,2009
mixed,"[1, 7]",0.0,MMIX-0bps,SMIX-01-07-0bps,0.12383001856239773,0.1862756549242821,-6.244563636188438,0.12383001856239773,0.1862756549242821,-6.244563636188438,-0.16120196730105918,-0.18085868726631493,1.9656719965255753,5.561703717627597,1.691327376475909,3.870376341151688,3.0161375449685166e-17,0.02277556457922072,2010
mixed,"[1, 7]",0.0,MMIX-0bps,SMIX-01-07-0bps,0.030836367764370598,0.08518965180382732,-5.435328403945672,0.030836367764370598,0.08518965180382732,-5.435328403945672,-0.16626712465089377,-0.14749214257403886,-1.8774982076854907,8.792408154029571,2.6666666666666665,6.125741487362905,0.027579937544369545,7.949687726678903e-18,2011
mixed,"[1, 7]",0.0,MMIX-0bps,SMIX-01-07-0bps,0.05561411687926032,0.13041099519033783,-7.479687831107751,0.05561411687926032,0.13041099519033783,-7.479687831107751,-0.0735856563873678,-0.0695501024272338,-0.40355539601339974,5.443786678747093,0.6801308246308639,4.763655854116229,1.0763940615699021e-16,1.5610970000946889e-16,2012
mixed,"[1, 7]",0.0,MMIX-0bps,SMIX-01-07-0bps,0.3356652231580286,0.3929797527873562,-5.731452962932759,0.3356652231580286,0.3929797527873562,-5.731452962932759,-0.07009664224555479,-0.05474457578903191,-1.5352066456522873,4.110781484836607,1.3367023949000458,2.774079089936561,4.935865228353706e-17,6.676758798839364e-17,2013
mixed,"[1, 7]",0.0,MMIX-0bps,SMIX-01-07-0bps,0.12306834129471333,0.00321405609796499,11.985428519674834,0.12306834129471333,0.00321405609796499,11.985428519674834,-0.09043394462952503,-0.12068307877091711,3.0249134141392076,6.085025501799474,2.67011996709122,3.4149055347082538,1.4193305145326365e-17,6.736127545746456e-17,2014
mixed,"[1, 7]",0.0,MMIX-0bps,SMIX-01-07-0bps,0.016880053502358106,-0.012922809839087002,2.9802863341445107,0.016880053502358106,-0.012922809839087002,2.9802863341445107,-0.11218104159106446,-0.10813738854458843,-0.40436530464760256,3.492107674627188,2.6666666666666665,0.8254410079605217,0.02664392826487542,1.1201014543207595e-16,2015
mixed,"[1, 7]",0.0,MMIX-0bps,SMIX-01-07-0bps,0.0894145515999949,0.06540585295337209,2.4008698646622806,0.0894145515999949,0.06540585295337209,2.4008698646622806,-0.08084397421208389,-0.09327011896609994,1.2426144754016044,5.548740469320692,2.023083922027277,3.525656547293415,0.028491869396637906,9.473161589310543e-18,2016
mixed,"[1, 7]",0.0,MMIX-0bps,SMIX-01-07-0bps,0.20794238066899684,0.22184598423771273,-1.3903603568715894,0.20794238066899684,0.22184598423771273,-1.3903603568715894,-0.046516995119561866,-0.05472316817609757,0.8206173056535704,6.139870718412754,2.0,4.139870718412754,1.270085451786703e-17,0.0,2017
mixed,"[1, 7]",0.0,MMIX-0bps,SMIX-01-07-0bps,-0.05619443589607698,-0.08400250750783711,2.7808071611760132,-0.05619443589607698,-0.08400250750783711,2.7808071611760132,-0.18672841587346,-0.24520841374023672,5.847999786677671,5.44957423704046,1.3409410811545845,4.108633155885876,4.5349283250264806e-17,8.801611224044563e-17,2018
mixed,"[1, 7]",0.0,MMIX-0bps,SMIX-01-07-0bps,0.21667810321605674,0.2512687770385198,-3.459067382246306,0.21667810321605674,0.2512687770385198,-3.459067382246306,-0.04840162199094944,-0.043216878732603825,-0.5184743258345614,2.8458564205922716,2.0229752425636853,0.8228811780285863,0.07753732034009586,0.32213162916856614,2019
mixed,"[1, 7]",0.0,MMIX-0bps,SMIX-01-07-0bps,0.11042127869748497,0.21626758797339218,-10.584630927590721,0.11042127869748497,0.21626758797339218,-10.584630927590721,-0.3026699231708956,-0.30243150459353496,-0.023841857736062178,5.4780234349055315,1.373845269693407,4.104178165212124,0.07905138339920956,0.0,2020
mixed,"[1, 7]",0.0,MMIX-0bps,SMIX-01-07-0bps,0.1775167719419617,0.25299790571369507,-7.548113377173338,0.1775167719419617,0.25299790571369507,-7.548113377173338,-0.07628529124925965,-0.06844291103178801,-0.7842380217471634,5.440104771535815,2.0,3.4401047715358146,0.0,0.0,2021
mixed,"[1, 7]",0.0,MMIX-0bps,SMIX-01-07-0bps,0.007953087558577598,-0.027127893882206044,3.5080981440783643,0.007953087558577598,-0.027127893882206044,3.5080981440783643,-0.1381109595439537,-0.1832646862220667,4.5153726678113015,6.892752789484862,3.333333333333333,3.559419456151529,0.05577828260680772,0.0,2022
mixed,"[1, 7]",0.0,MMIX-0bps,SMIX-01-07-0bps,0.02628987809535488,0.051144547153112896,-2.4854669057758016,0.02628987809535488,0.051144547153112896,-2.4854669057758016,-0.13016848732724806,-0.135455525291726,0.5287037964477936,6.804007584151461,2.7297084486041285,4.074299135547332,1.440588135416161e-17,0.0,2023
mixed,"[1, 7]",0.0,MMIX-0bps,SMIX-01-07-0bps,0.13861441224328153,0.14357407685854917,-0.4959664615267645,0.13861441224328153,0.14357407685854917,-0.4959664615267645,-0.08313214396788182,-0.0959580495468948,1.2825905579012975,7.502204253856485,1.3808360712802257,6.121368182576259,5.482854570322339e-17,0.0,2024
mixed,"[1, 7]",0.0,MMIX-0bps,SMIX-01-07-0bps,0.08777076251963756,0.10754191554041248,-1.9771153020774923,0.08777076251963756,0.10754191554041248,-1.9771153020774923,-0.14212129532580442,-0.15117126364275113,0.904996831694671,4.829660160631802,2.0073790559193365,2.822281104712465,4.843119910075828e-17,0.0,2025
mixed,"[2, 8]",0.0,MMIX-0bps,SMIX-02-08-0bps,-0.15328738502759842,-0.0901597823160778,-6.3127602711520625,-0.15328738502759842,-0.0901597823160778,-6.3127602711520625,-0.22920673918804935,-0.22177424428756398,-0.7432494900485365,3.9318756542826736,2.0419354046288785,1.8899402496537951,0.13670620148484564,1.543504923421679e-16,2001
mixed,"[2, 8]",0.0,MMIX-0bps,SMIX-02-08-0bps,-0.08023105259979613,-0.06930413905317323,-1.0926913546622896,-0.08023105259979613,-0.06930413905317323,-1.0926913546622896,-0.2566216328513121,-0.17098750446505795,-8.563412838625418,3.1167803487041947,0.9648375233989057,2.151942825305289,0.3573197533296108,0.5079743901465099,2002
mixed,"[2, 8]",0.0,MMIX-0bps,SMIX-02-08-0bps,0.17176447960605246,0.11657732931523612,5.518715029081633,0.17176447960605246,0.11657732931523612,5.518715029081633,-0.05793598582621051,-0.056015904208169376,-0.19200816180411362,4.070175236037216,1.0,3.0701752360372163,0.4116599404940028,0.6626984126984127,2003
mixed,"[2, 8]",0.0,MMIX-0bps,SMIX-02-08-0bps,0.14656960084958648,0.2141367256874609,-6.7567124837874415,0.14656960084958648,0.2141367256874609,-6.7567124837874415,-0.0726099106803334,-0.05703866867196783,-1.5571242008365571,6.85834307605482,2.014519050796217,4.843824025258603,8.939426379938306e-17,0.0,2004
mixed,"[2, 8]",0.0,MMIX-0bps,SMIX-02-08-0bps,0.0877396972144242,0.17092277468794115,-8.318307747351694,0.0877396972144242,0.17092277468794115,-8.318307747351694,-0.10118638893136711,-0.10423143933146128,0.30450504000941736,4.878709336712983,0.7519346640459965,4.126774672666986,1.6561005270737166e-17,5.125257691742169e-17,2005
mixed,"[2, 8]",0.0,MMIX-0bps,SMIX-02-08-0bps,0.10665499645480891,0.15762937265053645,-5.097437619572753,0.10665499645480891,0.15762937265053645,-5.097437619572753,-0.12503700566812115,-0.08506788667889897,-3.9969118989222174,7.513559272265213,2.668968063074704,4.844591209190509,3.0972043307071787e-17,1.4360891899600083e-16,2006
mixed,"[2, 8]",0.0,MMIX-0bps,SMIX-02-08-0bps,0.07583141056204168,0.032780251733617094,4.3051158828424585,0.07583141056204168,0.032780251733617094,4.3051158828424585,-0.11257038345565284,-0.1074603216853609,-0.511006177029194,6.8367577819079015,2.697565487089686,4.139192294818216,1.5445944018613345e-17,8.692801820399995e-17,2007
mixed,"[2, 8]",0.0,MMIX-0bps,SMIX-02-08-0bps,-0.22849688363846943,-0.36188238604463785,13.338550240616842,-0.22849688363846943,-0.36188238604463785,13.338550240616842,-0.2815401051323966,-0.45652156021436263,17.498145508196604,5.8902464761454345,1.381205003396613,4.509041472748821,0.20051826604062659,6.299091573787237e-17,2008
mixed,"[2, 8]",0.0,MMIX-0bps,SMIX-02-08-0bps,0.259317644751037,-0.03663565674013214,29.595330149116915,0.259317644751037,-0.03663565674013214,29.595330149116915,-0.06230931297410014,-0.21018982790835816,14.788051493425803,3.712300874821465,1.9999999999999998,1.7123008748214652,0.5197341909030646,0.5079365079365079,2009
mixed,"[2, 8]",0.0,MMIX-0bps,SMIX-02-08-0bps,0.12383001856239773,0.15714032078039275,-3.3310302217995025,0.12383001856239773,0.15714032078039275,-3.3310302217995025,-0.16120196730105918,-0.14440636799666118,-1.6795599304398001,5.561703717627597,1.3465391812434844,4.215164536384113,3.0161375449685166e-17,0.0,2010
mixed,"[2, 8]",0.0,MMIX-0bps,SMIX-02-08-0bps,0.030836367764370598,-0.021782675468134616,5.261904323250521,0.030836367764370598,-0.021782675468134616,5.261904323250521,-0.16626712465089377,-0.21965455991432403,5.338743526343026,8.792408154029571,2.6802832686429827,6.112124885386589,0.027579937544369545,0.0,2011
mixed,"[2, 8]",0.0,MMIX-0bps,SMIX-02-08-0bps,0.05561411687926032,0.1618151527047793,-10.620103582551899,0.05561411687926032,0.1618151527047793,-10.620103582551899,-0.0735856563873678,-0.06976250601950762,-0.3823150367860184,5.443786678747093,1.3585590643639114,4.085227614383182,1.0763940615699021e-16,0.0,2012
mixed,"[2, 8]",0.0,MMIX-0bps,SMIX-02-08-0bps,0.3356652231580286,0.4100266135572084,-7.436139039917977,0.3356652231580286,0.4100266135572084,-7.436139039917977,-0.07009664224555479,-0.05474070566580935,-1.5355936579745433,4.110781484836607,1.3430954593975715,2.767686025439035,4.935865228353706e-17,6.720504113681222e-17,2013
mixed,"[2, 8]",0.0,MMIX-0bps,SMIX-02-08-0bps,0.12306834129471333,0.05204963281620523,7.101870847850811,0.12306834129471333,0.05204963281620523,7.101870847850811,-0.09043394462952503,-0.09830313095217236,0.7869186322647326,6.085025501799474,2.001516556770574,4.0835089450289,1.4193305145326365e-17,7.247251891180491e-17,2014
mixed,"[2, 8]",0.0,MMIX-0bps,SMIX-02-08-0bps,0.016880053502358106,0.057516564702033035,-4.063651119967493,0.016880053502358106,0.057516564702033035,-4.063651119967493,-0.11218104159106446,-0.10181234763293012,-1.0368693958134334,3.492107674627188,2.005232915344794,1.486874759282394,0.02664392826487542,3.2983703831823513e-17,2015
mixed,"[2, 8]",0.0,MMIX-0bps,SMIX-02-08-0bps,0.0894145515999949,0.017167315417301543,7.224723618269335,0.0894145515999949,0.017167315417301543,7.224723618269335,-0.08084397421208389,-0.08708647086326549,0.6242496651181595,5.548740469320692,1.3483039825910978,4.200436486729594,0.028491869396637906,0.16332821915295745,2016
mixed,"[2, 8]",0.0,MMIX-0bps,SMIX-02-08-0bps,0.20794238066899684,0.25811367188901824,-5.01712912200214,0.20794238066899684,0.25811367188901824,-5.01712912200214,-0.046516995119561866,-0.046331254047859094,-0.018574107170277188,6.139870718412754,1.379376897216736,4.760493821196018,1.270085451786703e-17,0.0,2017
mixed,"[2, 8]",0.0,MMIX-0bps,SMIX-02-08-0bps,-0.05619443589607698,-0.07741170722313329,2.121727132705631,-0.05619443589607698,-0.07741170722313329,2.121727132705631,-0.18672841587346,-0.24630106185371503,5.957264598025502,5.44957423704046,1.3501188999776002,4.09945533706286,4.5349283250264806e-17,5.0030483091853595e-17,2018
mixed,"[2, 8]",0.0,MMIX-0bps,SMIX-02-08-0bps,0.21667810321605674,0.2845083382218092,-6.783023500575247,0.21667810321605674,0.2845083382218092,-6.783023500575247,-0.04840162199094944,-0.029305132583731353,-1.9096489407218087,2.8458564205922716,2.6772558599249923,0.16860056066727935,0.07753732034009586,0.1671874799717398,2019
mixed,"[2, 8]",0.0,MMIX-0bps,SMIX-02-08-0bps,0.11042127869748497,0.18554430685995738,-7.5123028162472405,0.11042127869748497,0.18554430685995738,-7.5123028162472405,-0.3026699231708956,-0.30314156449897944,0.04716413280838605,5.4780234349055315,1.3984489239120546,4.079574510993477,0.07905138339920956,1.0996025735540493e-16,2020
mixed,"[2, 8]",0.0,MMIX-0bps,SMIX-02-08-0bps,0.1775167719419617,0.23058767017028492,-5.307089822832323,0.1775167719419617,0.23058767017028492,-5.307089822832323,-0.07628529124925965,-0.07582269061744007,-0.046260063181957634,5.440104771535815,1.3439084695843644,4.0961963019514505,0.0,6.932961537057172e-17,2021
mixed,"[2, 8]",0.0,MMIX-0bps,SMIX-02-08-0bps,0.007953087558577598,0.062241135934155256,-5.428804837557766,0.007953087558577598,0.062241135934155256,-5.428804837557766,-0.1381109595439537,-0.14290747733003717,0.4796517786083476,6.892752789484862,2.0559207233598475,4.836832066125014,0.05577828260680772,0.0,2022
mixed,"[2, 8]",0.0,MMIX-0bps,SMIX-02-08-0bps,0.02628987809535488,0.08008909981108392,-5.379922171572904,0.02628987809535488,0.08008909981108392,-5.379922171572904,-0.13016848732724806,-0.13006533509022544,-0.0103152237022619,6.804007584151461,2.666666666666667,4.137340917484794,1.440588135416161e-17,0.0,2023
mixed,"[2, 8]",0.0,MMIX-0bps,SMIX-02-08-0bps,0.13861441224328153,0.14076725641267473,-0.21528441693932088,0.13861441224328153,0.14076725641267473,-0.21528441693932088,-0.08313214396788182,-0.07964934920616595,-0.34827947617158683,7.502204253856485,2.0026676788819717,5.499536574974513,5.482854570322339e-17,0.0,2024
mixed,"[2, 8]",0.0,MMIX-0bps,SMIX-02-08-0bps,0.08777076251963756,0.20187819509488292,-11.410743257524537,0.08777076251963756,0.20187819509488292,-11.410743257524537,-0.14212129532580442,-0.1370729098146286,-0.5048385511175812,4.829660160631802,2.0023584691712495,2.827301691460552,4.843119910075828e-17,0.0,2025
mixed,"[3, 9]",0.0,MMIX-0bps,SMIX-03-09-0bps,-0.15328738502759842,-0.036932526166604585,-11.635485886099383,-0.15328738502759842,-0.036932526166604585,-11.635485886099383,-0.22920673918804935,-0.22919666028921726,-0.001007889883208879,3.9318756542826736,2.6666666666666665,1.265208987616007,0.13670620148484564,0.0,2001
mixed,"[3, 9]",0.0,MMIX-0bps,SMIX-03-09-0bps,-0.08023105259979613,-0.13812907888457482,5.789802628477869,-0.08023105259979613,-0.13812907888457482,5.789802628477869,-0.2566216328513121,-0.25677467222396233,0.015303937265020995,3.1167803487041947,1.3333333333333333,1.7834470153708615,0.3573197533296108,0.1661731146683768,2002
mixed,"[3, 9]",0.0,MMIX-0bps,SMIX-03-09-0bps,0.17176447960605246,0.16325349548138512,0.8510984124667331,0.17176447960605246,0.16325349548138512,0.8510984124667331,-0.05793598582621051,-0.03545249796406591,-2.24834878621446,4.070175236037216,1.3451867979601353,2.724988438077081,0.4116599404940028,0.6637673536583116,2003
mixed,"[3, 9]",0.0,MMIX-0bps,SMIX-03-09-0bps,0.14656960084958648,0.17170987822931139,-2.5140277379724907,0.14656960084958648,0.17170987822931139,-2.5140277379724907,-0.0726099106803334,-0.08756059326236354,1.495068258203014,6.85834307605482,2.6666666666666665,4.191676409388153,8.939426379938306e-17,6.739377476892123e-17,2004
mixed,"[3, 9]",0.0,MMIX-0bps,SMIX-03-09-0bps,0.0877396972144242,0.1579545538560092,-7.0214856641585,0.0877396972144242,0.1579545538560092,-7.0214856641585,-0.10118638893136711,-0.1004815320207918,-0.07048569105753133,4.878709336712983,1.3333333333333335,3.545376003379649,1.6561005270737166e-17,5.065660589134172e-17,2005
mixed,"[3, 9]",0.0,MMIX-0bps,SMIX-03-09-0bps,0.10665499645480891,0.12117031812839163,-1.4515321673582715,0.10665499645480891,0.12117031812839163,-1.4515321673582715,-0.12503700566812115,-0.10016100244779336,-2.487600322032779,7.513559272265213,3.333333333333333,4.18022593893188,3.0972043307071787e-17,4.749807887958761e-17,2006
mixed,"[3, 9]",0.0,MMIX-0bps,SMIX-03-09-0bps,0.07583141056204168,0.10113961320196996,-2.530820263992828,0.07583141056204168,0.10113961320196996,-2.530820263992828,-0.11257038345565284,-0.09043661110250356,-2.2133772353149284,6.8367577819079015,2.684623213149461,4.152134568758441,1.5445944018613345e-17,0.0,2007
mixed,"[3, 9]",0.0,MMIX-0bps,SMIX-03-09-0bps,-0.22849688363846943,-0.21831759050451371,-1.0179293133955714,-0.22849688363846943,-0.21831759050451371,-1.0179293133955714,-0.2815401051323966,-0.26243194687757887,-1.9108158254817709,5.8902464761454345,2.0,3.8902464761454345,0.20051826604062659,0.17639597726569642,2008
mixed,"[3, 9]",0.0,MMIX-0bps,SMIX-03-09-0bps,0.259317644751037,0.057936651448844634,20.13809933021924,0.259317644751037,0.057936651448844634,20.13809933021924,-0.06230931297410014,-0.06468332830649925,0.23740153323991153,3.712300874821465,1.2788911296548875,2.4334097451665775,0.5197341909030646,0.6771625020216003,2009
mixed,"[3, 9]",0.0,MMIX-0bps,SMIX-03-09-0bps,0.12383001856239773,0.13867855284887098,-1.4848534286473258,0.12383001856239773,0.13867855284887098,-1.4848534286473258,-0.16120196730105918,-0.15344981370987232,-0.7752153591186861,5.561703717627597,2.003714407305719,3.557989310321878,3.0161375449685166e-17,4.698773476238487e-17,2010
mixed,"[3, 9]",0.0,MMIX-0bps,SMIX-03-09-0bps,0.030836367764370598,-0.09039918461021934,12.123555237458994,0.030836367764370598,-0.09039918461021934,12.123555237458994,-0.16626712465089377,-0.23365556725288306,6.7388442601989285,8.792408154029571,3.3333333333333335,5.459074820696237,0.027579937544369545,0.0,2011
mixed,"[3, 9]",0.0,MMIX-0bps,SMIX-03-09-0bps,0.05561411687926032,0.06529978823150695,-0.9685671352246628,0.05561411687926032,0.06529978823150695,-0.9685671352246628,-0.0735856563873678,-0.07681507191894843,0.3229415531580626,5.443786678747093,2.009759159242011,3.4340275195050824,1.0763940615699021e-16,0.0,2012
mixed,"[3, 9]",0.0,MMIX-0bps,SMIX-03-09-0bps,0.3356652231580286,0.2893265746782936,4.633864847973501,0.3356652231580286,0.2893265746782936,4.633864847973501,-0.07009664224555479,-0.07026504304509706,0.01684007995422787,4.110781484836607,2.0,2.1107814848366067,4.935865228353706e-17,0.0,2013
mixed,"[3, 9]",0.0,MMIX-0bps,SMIX-03-09-0bps,0.12306834129471333,0.12722647316110858,-0.41581318663952427,0.12306834129471333,0.12722647316110858,-0.41581318663952427,-0.09043394462952503,-0.08206740603245288,-0.8366538597072148,6.085025501799474,1.3333333333333335,4.751692168466141,1.4193305145326365e-17,9.735981899980153e-17,2014
mixed,"[3, 9]",0.0,MMIX-0bps,SMIX-03-09-0bps,0.016880053502358106,0.06660878102240164,-4.972872752004354,0.016880053502358106,0.06660878102240164,-4.972872752004354,-0.11218104159106446,-0.10818085822514445,-0.4000183365920007,3.492107674627188,1.3639298453986368,2.1281778292285516,0.02664392826487542,2.8822166275867745e-17,2015
mixed,"[3, 9]",0.0,MMIX-0bps,SMIX-03-09-0bps,0.0894145515999949,0.0888194048205837,0.05951467794111931,0.0894145515999949,0.0888194048205837,0.05951467794111931,-0.08084397421208389,-0.08773377267346394,0.6889798461380048,5.548740469320692,2.666666666666667,2.882073802654025,0.028491869396637906,0.0,2016
mixed,"[3, 9]",0.0,MMIX-0bps,SMIX-03-09-0bps,0.20794238066899684,0.2792827838107985,-7.134040314180168,0.20794238066899684,0.2792827838107985,-7.134040314180168,-0.046516995119561866,-0.03293390120679163,-1.3583093912770239,6.139870718412754,0.6752467929606412,5.464623925452113,1.270085451786703e-17,0.0,2017
mixed,"[3, 9]",0.0,MMIX-0bps,SMIX-03-09-0bps,-0.05619443589607698,-0.03895625927051449,-1.7238176625562485,-0.05619443589607698,-0.03895625927051449,-1.7238176625562485,-0.18672841587346,-0.20676585689779503,2.0037441024335023,5.44957423704046,1.3347261192864832,4.1148481177539775,4.5349283250264806e-17,4.0364919756563804e-17,2018
mixed,"[3, 9]",0.0,MMIX-0bps,SMIX-03-09-0bps,0.21667810321605674,0.30366603888920496,-8.698793567314823,0.21667810321605674,0.30366603888920496,-8.698793567314823,-0.04840162199094944,-0.0389431526257652,-0.9458469365184241,2.8458564205922716,2.00556743042051,0.8402889901717616,0.07753732034009586,7.302282019750437e-17,2019
mixed,"[3, 9]",0.0,MMIX-0bps,SMIX-03-09-0bps,0.11042127869748497,0.19294717506385162,-8.252589636636664,0.11042127869748497,0.19294717506385162,-8.252589636636664,-0.3026699231708956,-0.3034308536452539,0.07609304743583234,5.4780234349055315,1.3882114739588682,4.089811960946664,0.07905138339920956,6.213610493794006e-17,2020
mixed,"[3, 9]",0.0,MMIX-0bps,SMIX-03-09-0bps,0.1775167719419617,0.2273043978406264,-4.97876258986647,0.1775167719419617,0.2273043978406264,-4.97876258986647,-0.07628529124925965,-0.07601731845749049,-0.026797279176915545,5.440104771535815,2.666666666666666,2.7734381048691485,0.0,2.5983324194616848e-17,2021
mixed,"[3, 9]",0.0,MMIX-0bps,SMIX-03-09-0bps,0.007953087558577598,0.0038648321383327744,0.4088255420244824,0.007953087558577598,0.0038648321383327744,0.4088255420244824,-0.1381109595439537,-0.13047575571144288,-0.7635203832510817,6.892752789484862,2.024262078513293,4.868490710971569,0.05577828260680772,4.606284728384992e-17,2022
mixed,"[3, 9]",0.0,MMIX-0bps,SMIX-03-09-0bps,0.02628987809535488,0.08947620407775503,-6.318632598240015,0.02628987809535488,0.08947620407775503,-6.318632598240015,-0.13016848732724806,-0.09790561583423574,-3.2262871493012324,6.804007584151461,2.0046992586909127,4.799308325460548,1.440588135416161e-17,4.535811679130339e-17,2023
mixed,"[3, 9]",0.0,MMIX-0bps,SMIX-03-09-0bps,0.13861441224328153,0.18886388566535617,-5.024947342207464,0.13861441224328153,0.18886388566535617,-5.024947342207464,-0.08313214396788182,-0.09259074113434917,0.9458597166467353,7.502204253856485,2.000532227926551,5.501672025929934,5.482854570322339e-17,7.351672379300137e-17,2024
mixed,"[3, 9]",0.0,MMIX-0bps,SMIX-03-09-0bps,0.08777076251963756,0.12923412762527442,-4.146336510563686,0.08777076251963756,0.12923412762527442,-4.146336510563686,-0.14212129532580442,-0.10246742821172572,-3.96538671140787,4.829660160631802,1.3812624402875056,3.448397720344296,4.843119910075828e-17,6.498959218586538e-17,2025
mixed,"[4, 10]",0.0,MMIX-0bps,SMIX-04-10-0bps,-0.15328738502759842,-0.09266837763277047,-6.061900739482795,-0.15328738502759842,-0.09266837763277047,-6.061900739482795,-0.22920673918804935,-0.1468524753481102,-8.235426383993916,3.9318756542826736,1.3668486192033813,2.565027035079292,0.13670620148484564,0.10954255332683129,2001
mixed,"[4, 10]",0.0,MMIX-0bps,SMIX-04-10-0bps,-0.08023105259979613,-0.14916415571934605,6.893310311954992,-0.08023105259979613,-0.14916415571934605,6.893310311954992,-0.2566216328513121,-0.2563169496097203,-0.03046832415918299,3.1167803487041947,2.001779952225439,1.1150003964787558,0.3573197533296108,0.32290014498545677,2002
mixed,"[4, 10]",0.0,MMIX-0bps,SMIX-04-10-0bps,0.17176447960605246,0.12440233559390279,4.7362144012149665,0.17176447960605246,0.12440233559390279,4.7362144012149665,-0.05793598582621051,-0.03463121633790145,-2.3304769488309063,4.070175236037216,1.3436852654989249,2.7264899705382915,0.4116599404940028,0.728676872950735,2003
mixed,"[4, 10]",0.0,MMIX-0bps,SMIX-04-10-0bps,0.14656960084958648,0.17683596080104036,-3.026635995145388,0.14656960084958648,0.17683596080104036,-3.026635995145388,-0.0726099106803334,-0.07024335261374504,-0.23665580665883645,6.85834307605482,1.3608463956734935,5.497496680381326,8.939426379938306e-17,0.0,2004
mixed,"[4, 10]",0.0,MMIX-0bps,SMIX-04-10-0bps,0.0877396972144242,0.18025068266980204,-9.251098545537783,0.0877396972144242,0.18025068266980204,-9.251098545537783,-0.10118638893136711,-0.1103985677770003,0.921217884563319,4.878709336712983,1.3505684728198597,3.528140863893123,1.6561005270737166e-17,0.0,2005
mixed,"[4, 10]",0.0,MMIX-0bps,SMIX-04-10-0bps,0.10665499645480891,0.09353774521022129,1.3117251244587624,0.10665499645480891,0.09353774521022129,1.3117251244587624,-0.12503700566812115,-0.10673044262722664,-1.8306563040894508,7.513559272265213,3.333333333333333,4.18022593893188,3.0972043307071787e-17,0.0,2006
mixed,"[4, 10]",0.0,MMIX-0bps,SMIX-04-10-0bps,0.07583141056204168,0.11399518552828858,-3.81637749662469,0.07583141056204168,0.11399518552828858,-3.81637749662469,-0.11257038345565284,-0.09086924035492872,-2.170114310072413,6.8367577819079015,3.3343253018274037,3.502432480080498,1.5445944018613345e-17,2.723199593455773e-17,2007
mixed,"[4, 10]",0.0,MMIX-0bps,SMIX-04-10-0bps,-0.22849688363846943,-0.30966947155172575,8.117258791325632,-0.22849688363846943,-0.30966947155172575,8.117258791325632,-0.2815401051323966,-0.4342713842948226,15.2731279162426,5.8902464761454345,1.9999999999999996,3.890246476145435,0.20051826604062659,0.10958776573206477,2008
mixed,"[4, 10]",0.0,MMIX-0bps,SMIX-04-10-0bps,0.259317644751037,0.06251845583508087,19.679918891595616,0.259317644751037,0.06251845583508087,19.679918891595616,-0.06230931297410014,-0.06707382255926841,0.4764509585168275,3.712300874821465,1.312931112921792,2.399369761899673,0.5197341909030646,0.7329534334806994,2009
mixed,"[4, 10]",0.0,MMIX-0bps,SMIX-04-10-0bps,0.12383001856239773,0.0796238695741891,4.420614898820863,0.12383001856239773,0.0796238695741891,4.420614898820863,-0.16120196730105918,-0.15566347176265516,-0.553849553840402,5.561703717627597,2.0226848666236954,3.5390188510039016,3.0161375449685166e-17,1.5137238692413748e-16,2010
mixed,"[4, 10]",0.0,MMIX-0bps,SMIX-04-10-0bps,0.030836367764370598,0.0012170461665974575,2.961932159777314,0.030836367764370598,0.0012170461665974575,2.961932159777314,-0.16626712465089377,-0.2041273456438324,3.786022099293862,8.792408154029571,2.3351625463844847,6.457245607645087,0.027579937544369545,0.054615370848624695,2011
mixed,"[4, 10]",0.0,MMIX-0bps,SMIX-04-10-0bps,0.05561411687926032,0.04844993141631582,0.7164185462944506,0.05561411687926032,0.04844993141631582,0.7164185462944506,-0.0735856563873678,-0.0735542682505842,-0.0031388136783605525,5.443786678747093,1.6871403041136679,3.7566463746334255,1.0763940615699021e-16,0.10480906707853938,2012
mixed,"[4, 10]",0.0,MMIX-0bps,SMIX-04-10-0bps,0.3356652231580286,0.3013786257129405,3.4286597445088107,0.3356652231580286,0.3013786257129405,3.4286597445088107,-0.07009664224555479,-0.06997502980043724,-0.01216124451175471,4.110781484836607,2.005874080521118,2.1049074043154885,4.935865228353706e-17,0.0,2013
mixed,"[4, 10]",0.0,MMIX-0bps,SMIX-04-10-0bps,0.12306834129471333,0.15707589331853322,-3.4007552023819887,0.12306834129471333,0.15707589331853322,-3.4007552023819887,-0.09043394462952503,-0.07468822283569565,-1.5745721793829381,6.085025501799474,1.3333333333333335,4.751692168466141,1.4193305145326365e-17,2.1295098831720034e-17,2014
mixed,"[4, 10]",0.0,MMIX-0bps,SMIX-04-10-0bps,0.016880053502358106,0.06436180808230696,-4.748175457994885,0.016880053502358106,0.06436180808230696,-4.748175457994885,-0.11218104159106446,-0.10819638654898345,-0.3984655042081009,3.492107674627188,1.6666666666666665,1.8254410079605217,0.02664392826487542,0.05585397546762653,2015
mixed,"[4, 10]",0.0,MMIX-0bps,SMIX-04-10-0bps,0.0894145515999949,0.12600093417649094,-3.6586382576496046,0.0894145515999949,0.12600093417649094,-3.6586382576496046,-0.08084397421208389,-0.0474402199561873,-3.340375425589659,5.548740469320692,1.6900320434485694,3.8587084258721225,0.028491869396637906,0.10945063287041681,2016
mixed,"[4, 10]",0.0,MMIX-0bps,SMIX-04-10-0bps,0.20794238066899684,0.28206658536766405,-7.412420469866721,0.20794238066899684,0.28206658536766405,-7.412420469866721,-0.046516995119561866,-0.02626776674280973,-2.0249228376752137,6.139870718412754,2.0250201514443775,4.114850566968377,1.270085451786703e-17,3.3327384477682826e-17,2017
mixed,"[4, 10]",0.0,MMIX-0bps,SMIX-04-10-0bps,-0.05619443589607698,-0.07476749367852364,1.8573057782446667,-0.05619443589607698,-0.07476749367852364,1.8573057782446667,-0.18672841587346,-0.2028774494035387,1.6149033530078682,5.44957423704046,2.6666666666666665,2.7829075703737938,4.5349283250264806e-17,0.0,2018
mixed,"[4, 10]",0.0,MMIX-0bps,SMIX-04-10-0bps,0.21667810321605674,0.338493932300437,-12.181582908438028,0.21667810321605674,0.338493932300437,-12.181582908438028,-0.04840162199094944,-0.04835643906123188,-0.004518292971755766,2.8458564205922716,1.3524500966057693,1.4934063239865023,0.07753732034009586,2.2981676562472186e-17,2019
mixed,"[4, 10]",0.0,MMIX-0bps,SMIX-04-10-0bps,0.11042127869748497,0.04175160680540002,6.866967189208495,0.11042127869748497,0.04175160680540002,6.866967189208495,-0.3026699231708956,-0.3033212478631231,0.06513246922275062,5.4780234349055315,1.9999999999999998,3.4780234349055315,0.07905138339920956,0.5059288537549408,2020
mixed,"[4, 10]",0.0,MMIX-0bps,SMIX-04-10-0bps,0.1775167719419617,0.13993347946529489,3.7583292476666808,0.1775167719419617,0.13993347946529489,3.7583292476666808,-0.07628529124925965,-0.07639677465968475,0.011148341042510612,5.440104771535815,3.333333333333333,2.1067714382024816,0.0,1.220081560361618e-16,2021
mixed,"[4, 10]",0.0,MMIX-0bps,SMIX-04-10-0bps,0.007953087558577598,0.12441913461919651,-11.646604706061892,0.007953087558577598,0.12441913461919651,-11.646604706061892,-0.1381109595439537,-0.1462736954773166,0.8162735933362919,6.892752789484862,1.3800502826591419,5.51270250682572,0.05577828260680772,0.11259951406771619,2022
mixed,"[4, 10]",0.0,MMIX-0bps,SMIX-04-10-0bps,0.02628987809535488,0.14566407985947794,-11.937420176412306,0.02628987809535488,0.14566407985947794,-11.937420176412306,-0.13016848732724806,-0.08469059313663474,-4.547789419061332,6.804007584151461,1.3505303258762293,5.453477258275232,1.440588135416161e-17,0.21984662676243566,2023
mixed,"[4, 10]",0.0,MMIX-0bps,SMIX-04-10-0bps,0.13861441224328153,0.17577112188129895,-3.7156709638017427,0.13861441224328153,0.17577112188129895,-3.7156709638017427,-0.08313214396788182,-0.09312807025215641,0.9995926284274592,7.502204253856485,2.01490866367996,5.487295590176525,5.482854570322339e-17,8.072964600296984e-17,2024
mixed,"[4, 10]",0.0,MMIX-0bps,SMIX-04-10-0bps,0.08777076251963756,0.05906456510146607,2.8706197418171486,0.08777076251963756,0.05906456510146607,2.8706197418171486,-0.14212129532580442,-0.1332613369429979,-0.885995838280651,4.829660160631802,2.670999515921453,2.158660644710349,4.843119910075828e-17,9.640466148984809e-17,2025
mixed,"[5, 11]",0.0,MMIX-0bps,SMIX-05-11-0bps,-0.15328738502759842,-0.1278380658984063,-2.5449319129192127,-0.15328738502759842,-0.1278380658984063,-2.5449319129192127,-0.22920673918804935,-0.20998968941739116,-1.921704977065819,3.9318756542826736,2.3517619371215353,1.5801137171611384,0.13670620148484564,0.08064516129032265,2001
mixed,"[5, 11]",0.0,MMIX-0bps,SMIX-05-11-0bps,-0.08023105259979613,-0.10101368778883568,2.0782635189039556,-0.08023105259979613,-0.10101368778883568,2.0782635189039556,-0.2566216328513121,-0.23917053589917947,-1.745109695213265,3.1167803487041947,1.6666666666666667,1.450113682037528,0.3573197533296108,0.46880060229978593,2002
mixed,"[5, 11]",0.0,MMIX-0bps,SMIX-05-11-0bps,0.17176447960605246,0.09359345553977372,7.817102406627874,0.17176447960605246,0.09359345553977372,7.817102406627874,-0.05793598582621051,-0.03585640625794484,-2.2079579568265673,4.070175236037216,1.3419149478101904,2.728260288227026,0.4116599404940028,0.6135770046691418,2003
mixed,"[5, 11]",0.0,MMIX-0bps,SMIX-05-11-0bps,0.14656960084958648,0.13345606069226412,1.3113540157322356,0.14656960084958648,0.13345606069226412,1.3113540157322356,-0.0726099106803334,-0.09771086193626433,2.5100951255930926,6.85834307605482,2.6666666666666665,4.191676409388153,8.939426379938306e-17,0.0,2004
mixed,"[5, 11]",0.0,MMIX-0bps,SMIX-05-11-0bps,0.0877396972144242,0.17125126007820968,-8.351156286378547,0.0877396972144242,0.17125126007820968,-8.351156286378547,-0.10118638893136711,-0.10688762878155378,0.5701239850186668,4.878709336712983,1.34835991031547,3.5303494263975126,1.6561005270737166e-17,6.708190574189359e-17,2005
mixed,"[5, 11]",0.0,MMIX-0bps,SMIX-05-11-0bps,0.10665499645480891,0.15750953423418856,-5.085453777937965,0.10665499645480891,0.15750953423418856,-5.085453777937965,-0.12503700566812115,-0.10898324910597379,-1.6053756562147359,7.513559272265213,3.333333333333333,4.18022593893188,3.0972043307071787e-17,5.948581324138752e-17,2006
mixed,"[5, 11]",0.0,MMIX-0bps,SMIX-05-11-0bps,0.07583141056204168,0.17977280994997868,-10.3941399387937,0.07583141056204168,0.17977280994997868,-10.3941399387937,-0.11257038345565284,-0.07585275457527052,-3.6717628880382325,6.8367577819079015,2.6758025446585885,4.160955237249313,1.5445944018613345e-17,1.8271822343481493e-16,2007
mixed,"[5, 11]",0.0,MMIX-0bps,SMIX-05-11-0bps,-0.22849688363846943,-0.4209664493527827,19.24695657143133,-0.22849688363846943,-0.4209664493527827,19.24695657143133,-0.2815401051323966,-0.5328382718045199,25.129816667212335,5.8902464761454345,1.6671495522330382,4.223096923912396,0.20051826604062659,0.0869565217391305,2008
mixed,"[5, 11]",0.0,MMIX-0bps,SMIX-05-11-0bps,0.259317644751037,0.025432947235335845,23.388469751570117,0.259317644751037,0.025432947235335845,23.388469751570117,-0.06230931297410014,-0.016007443185796055,-4.630186978830409,3.712300874821465,0.9999999999999999,2.712300874821465,0.5197341909030646,0.9126984126984127,2009
mixed,"[5, 11]",0.0,MMIX-0bps,SMIX-05-11-0bps,0.12383001856239773,0.1887176876479435,-6.488766908554577,0.12383001856239773,0.1887176876479435,-6.488766908554577,-0.16120196730105918,-0.15890634645679902,-0.229562084426016,5.561703717627597,1.3641594643065114,4.197544253321086,3.0161375449685166e-17,5.4541574707598223e-17,2010
mixed,"[5, 11]",0.0,MMIX-0bps,SMIX-05-11-0bps,0.030836367764370598,0.057225456950042775,-2.6389089185672177,0.030836367764370598,0.057225456950042775,-2.6389089185672177,-0.16626712465089377,-0.166557534554587,0.029040990369322284,8.792408154029571,2.666666666666666,6.125741487362905,0.027579937544369545,1.176004882190802e-16,2011
mixed,"[5, 11]",0.0,MMIX-0bps,SMIX-05-11-0bps,0.05561411687926032,0.15046640755288831,-9.485229067362798,0.05561411687926032,0.15046640755288831,-9.485229067362798,-0.0735856563873678,-0.07803025382035633,0.44445974329885285,5.443786678747093,2.006467570516413,3.4373191082306804,1.0763940615699021e-16,9.99584333622312e-17,2012
mixed,"[5, 11]",0.0,MMIX-0bps,SMIX-05-11-0bps,0.3356652231580286,0.33790076014769266,-0.22355369896640553,0.3356652231580286,0.33790076014769266,-0.22355369896640553,-0.07009664224555479,-0.05252805021476248,-1.7568592030792307,4.110781484836607,2.040011901648236,2.070769583188371,4.935865228353706e-17,0.0,2013
mixed,"[5, 11]",0.0,MMIX-0bps,SMIX-05-11-0bps,0.12306834129471333,0.03693644247772565,8.61318988169877,0.12306834129471333,0.03693644247772565,8.61318988169877,-0.09043394462952503,-0.09886969955619374,0.8435754926668704,6.085025501799474,2.6666666666666665,3.4183588351328074,1.4193305145326365e-17,0.0,2014
mixed,"[5, 11]",0.0,MMIX-0bps,SMIX-05-11-0bps,0.016880053502358106,0.042767402260901255,-2.588734875854315,0.016880053502358106,0.042767402260901255,-2.588734875854315,-0.11218104159106446,-0.11940075964589225,0.7219718054827795,3.492107674627188,1.3343592167776759,2.1577484578495123,0.02664392826487542,1.1496593587878785e-17,2015
mixed,"[5, 11]",0.0,MMIX-0bps,SMIX-05-11-0bps,0.0894145515999949,0.09476570174685683,-0.5351150146861938,0.0894145515999949,0.09476570174685683,-0.5351150146861938,-0.08084397421208389,-0.07922720216128498,-0.16167720507989092,5.548740469320692,2.075225284388427,3.473515184932265,0.028491869396637906,1.17479433947336e-16,2016
mixed,"[5, 11]",0.0,MMIX-0bps,SMIX-05-11-0bps,0.20794238066899684,0.25519841994257475,-4.725603927357791,0.20794238066899684,0.25519841994257475,-4.725603927357791,-0.046516995119561866,-0.026806356604257564,-1.9710638515304302,6.139870718412754,2.6666666666666665,3.473204051746088,1.270085451786703e-17,0.0,2017
mixed,"[5, 11]",0.0,MMIX-0bps,SMIX-05-11-0bps,-0.05619443589607698,-0.08728944674060057,3.1095010844523596,-0.05619443589607698,-0.08728944674060057,3.1095010844523596,-0.18672841587346,-0.20696134904291252,2.0232933169452516,5.44957423704046,3.333333333333333,2.1162409037071273,4.5349283250264806e-17,0.0,2018
mixed,"[5, 11]",0.0,MMIX-0bps,SMIX-05-11-0bps,0.21667810321605674,0.285269038486599,-6.8590935270542275,0.21667810321605674,0.285269038486599,-6.8590935270542275,-0.04840162199094944,-0.049432808173728526,0.10311861827790869,2.8458564205922716,1.3815213153289305,1.464335105263341,0.07753732034009586,0.0,2019
mixed,"[5, 11]",0.0,MMIX-0bps,SMIX-05-11-0bps,0.11042127869748497,0.18204757889741763,-7.162630019993266,0.11042127869748497,0.18204757889741763,-7.162630019993266,-0.3026699231708956,-0.303775045236652,0.11051220657564143,5.4780234349055315,2.0307417016194167,3.4472817332861148,0.07905138339920956,1.2314028288523626e-17,2020
mixed,"[5, 11]",0.0,MMIX-0bps,SMIX-05-11-0bps,0.1775167719419617,0.1472649757890787,3.025179615288298,0.1775167719419617,0.1472649757890787,3.025179615288298,-0.07628529124925965,-0.08331437803586383,0.7029086786604188,5.440104771535815,2.666666666666666,2.7734381048691485,0.0,5.304480712503446e-17,2021
mixed,"[5, 11]",0.0,MMIX-0bps,SMIX-05-11-0bps,0.007953087558577598,-0.12505174072313863,13.300482828171623,0.007953087558577598,-0.12505174072313863,13.300482828171623,-0.1381109595439537,-0.24384151629643924,10.573055675248554,6.892752789484862,2.6666666666666665,4.226086122818195,0.05577828260680772,7.363559553401528e-17,2022
mixed,"[5, 11]",0.0,MMIX-0bps,SMIX-05-11-0bps,0.02628987809535488,0.04726058603159644,-2.097070793624156,0.02628987809535488,0.04726058603159644,-2.097070793624156,-0.13016848732724806,-0.11107670411485482,-1.9091783212393243,6.804007584151461,2.666666666666666,4.137340917484795,1.440588135416161e-17,7.194248502821923e-17,2023
mixed,"[5, 11]",0.0,MMIX-0bps,SMIX-05-11-0bps,0.13861441224328153,0.14267282138304682,-0.40584091397652955,0.13861441224328153,0.14267282138304682,-0.40584091397652955,-0.08313214396788182,-0.08278344587897435,-0.03486980889074731,7.502204253856485,2.666666666666666,4.835537587189819,5.482854570322339e-17,5.913983046382622e-17,2024
mixed,"[5, 11]",0.0,MMIX-0bps,SMIX-05-11-0bps,0.08777076251963756,0.1241314936423803,-3.636073112274274,0.08777076251963756,0.1241314936423803,-3.636073112274274,-0.14212129532580442,-0.13253070673029055,-0.9590588595513871,4.829660160631802,2.0031348416477526,2.826525318984049,4.843119910075828e-17,0.0,2025
mixed,"[6, 12]",0.0,MMIX-0bps,SMIX-06-12-0bps,-0.15328738502759842,-0.11309417485054973,-4.019321017704868,-0.15328738502759842,-0.11309417485054973,-4.019321017704868,-0.22920673918804935,-0.2097642474352286,-1.9442491752820756,3.9318756542826736,2.0,1.9318756542826736,0.13670620148484564,1.337849778691428e-16,2001
mixed,"[6, 12]",0.0,MMIX-0bps,SMIX-06-12-0bps,-0.08023105259979613,-0.12732157782574594,4.70905252259498,-0.08023105259979613,-0.12732157782574594,4.70905252259498,-0.2566216328513121,-0.2749225576337895,1.8300924782477357,3.1167803487041947,2.0156321890661375,1.1011481596380572,0.3573197533296108,1.4607149058229226e-16,2002
mixed,"[6, 12]",0.0,MMIX-0bps,SMIX-06-12-0bps,0.17176447960605246,0.2041943685480998,-3.2429888942047347,0.17176447960605246,0.2041943685480998,-3.2429888942047347,-0.05793598582621051,-0.0580729053021205,0.01369194759099912,4.070175236037216,2.0202372104633124,2.049938025573904,0.4116599404940028,0.3257270820940017,2003
mixed,"[6, 12]",0.0,MMIX-0bps,SMIX-06-12-0bps,0.14656960084958648,0.11822441719307974,2.8345183656506734,0.14656960084958648,0.11822441719307974,2.8345183656506734,-0.0726099106803334,-0.07785926120443976,0.5249350524106355,6.85834307605482,2.6666666666666665,4.191676409388153,8.939426379938306e-17,6.353409205678022e-17,2004
mixed,"[6, 12]",0.0,MMIX-0bps,SMIX-06-12-0bps,0.0877396972144242,0.18373749945087603,-9.599780223645183,0.0877396972144242,0.18373749945087603,-9.599780223645183,-0.10118638893136711,-0.10533392710502176,0.41475381736546524,4.878709336712983,1.333333333333333,3.5453760033796495,1.6561005270737166e-17,5.497102522278095e-17,2005
mixed,"[6, 12]",0.0,MMIX-0bps,SMIX-06-12-0bps,0.10665499645480891,0.1805958336102178,-7.394083715540889,0.10665499645480891,0.1805958336102178,-7.394083715540889,-0.12503700566812115,-0.07714839270607621,-4.7888612962044945,7.513559272265213,2.0532452507696157,5.460314021495597,3.0972043307071787e-17,9.027408490242222e-17,2006
mixed,"[6, 12]",0.0,MMIX-0bps,SMIX-06-12-0bps,0.07583141056204168,0.09296241346711809,-1.713100290507641,0.07583141056204168,0.09296241346711809,-1.713100290507641,-0.11257038345565284,-0.07636405638322441,-3.6206327072428435,6.8367577819079015,2.666666666666666,4.170091115241235,1.5445944018613345e-17,7.99816847263765e-17,2007
mixed,"[6, 12]",0.0,MMIX-0bps,SMIX-06-12-0bps,-0.22849688363846943,-0.3200472506764389,9.155036703796949,-0.22849688363846943,-0.3200472506764389,9.155036703796949,-0.2815401051323966,-0.4275667515759598,14.602664644356322,5.8902464761454345,2.047244708182374,3.8430017679630604,0.20051826604062659,0.0,2008
mixed,"[6, 12]",0.0,MMIX-0bps,SMIX-06-12-0bps,0.259317644751037,0.2835968596042666,-2.427921485322959,0.259317644751037,0.2835968596042666,-2.427921485322959,-0.06230931297410014,-0.06624414338409768,0.3934830409997536,3.712300874821465,2.0,1.712300874821465,0.5197341909030646,0.49206349206349204,2009
mixed,"[6, 12]",0.0,MMIX-0bps,SMIX-06-12-0bps,0.12383001856239773,0.14044110641592011,-1.6611087853522388,0.12383001856239773,0.14044110641592011,-1.6611087853522388,-0.16120196730105918,-0.14650265728398837,-1.469931001707081,5.561703717627597,2.0093111845016374,3.5523925331259596,3.0161375449685166e-17,0.0,2010
mixed,"[6, 12]",0.0,MMIX-0bps,SMIX-06-12-0bps,0.030836367764370598,0.07883470995617925,-4.799834219180865,0.030836367764370598,0.07883470995617925,-4.799834219180865,-0.16626712465089377,-0.17272755880790303,0.6460434157009254,8.792408154029571,2.0,6.792408154029571,0.027579937544369545,0.0,2011
mixed,"[6, 12]",0.0,MMIX-0bps,SMIX-06-12-0bps,0.05561411687926032,0.11487237701747821,-5.925826013821789,0.05561411687926032,0.11487237701747821,-5.925826013821789,-0.0735856563873678,-0.06544012211475059,-0.8145534272617216,5.443786678747093,1.3533378128047984,4.090448865942295,1.0763940615699021e-16,1.3389425630205103e-16,2012
mixed,"[6, 12]",0.0,MMIX-0bps,SMIX-06-12-0bps,0.3356652231580286,0.39079240772600454,-5.512718456797594,0.3356652231580286,0.39079240772600454,-5.512718456797594,-0.07009664224555479,-0.054685329516608316,-1.541131272894647,4.110781484836607,1.3364379454493285,2.774343539387278,4.935865228353706e-17,5.625303225019553e-17,2013
mixed,"[6, 12]",0.0,MMIX-0bps,SMIX-06-12-0bps,0.12306834129471333,0.009682261505161938,11.338607978955139,0.12306834129471333,0.009682261505161938,11.338607978955139,-0.09043394462952503,-0.11428182759444339,2.3847882964918354,6.085025501799474,2.666666666666667,3.418358835132807,1.4193305145326365e-17,0.0,2014
mixed,"[6, 12]",0.0,MMIX-0bps,SMIX-06-12-0bps,0.016880053502358106,0.003018545818812779,1.3861507683545327,0.016880053502358106,0.003018545818812779,1.3861507683545327,-0.11218104159106446,-0.12419653987844526,1.20154982873808,3.492107674627188,3.3333333333333335,0.1587743412938547,0.02664392826487542,9.377999789667409e-17,2015
mixed,"[6, 12]",0.0,MMIX-0bps,SMIX-06-12-0bps,0.0894145515999949,0.04743791428911859,4.197663731087631,0.0894145515999949,0.04743791428911859,4.197663731087631,-0.08084397421208389,-0.08184228867358956,0.09983144615056672,5.548740469320692,1.9999999999999996,3.5487404693206925,0.028491869396637906,1.7932285005482364e-16,2016
mixed,"[6, 12]",0.0,MMIX-0bps,SMIX-06-12-0bps,0.20794238066899684,0.22960133566185092,-2.1658954992854085,0.20794238066899684,0.22960133566185092,-2.1658954992854085,-0.046516995119561866,-0.054317027384265804,0.7800032264703938,6.139870718412754,2.666666666666666,3.4732040517460883,1.270085451786703e-17,0.0,2017
mixed,"[6, 12]",0.0,MMIX-0bps,SMIX-06-12-0bps,-0.05619443589607698,-0.07701019603393566,2.0815760137858685,-0.05619443589607698,-0.07701019603393566,2.0815760137858685,-0.18672841587346,-0.24498573757296327,5.825732169950326,5.44957423704046,1.3484129527128883,4.101161284327572,4.5349283250264806e-17,0.0,2018
mixed,"[6, 12]",0.0,MMIX-0bps,SMIX-06-12-0bps,0.21667810321605674,0.25434168697710935,-3.766358376105261,0.21667810321605674,0.25434168697710935,-3.766358376105261,-0.04840162199094944,-0.04856815698240091,0.016653499145147244,2.8458564205922716,2.666666666666667,0.17918975392560466,0.07753732034009586,6.624997019136253e-17,2019
mixed,"[6, 12]",0.0,MMIX-0bps,SMIX-06-12-0bps,0.11042127869748497,0.15907401430659784,-4.865273560911287,0.11042127869748497,0.15907401430659784,-4.865273560911287,-0.3026699231708956,-0.326113868585583,2.3443945414687417,5.4780234349055315,2.014895281728999,3.4631281531765326,0.07905138339920956,1.238682623069201e-16,2020
mixed,"[6, 12]",0.0,MMIX-0bps,SMIX-06-12-0bps,0.1775167719419617,0.21310321049828929,-3.5586438556327593,0.1775167719419617,0.21310321049828929,-3.5586438556327593,-0.07628529124925965,-0.06846003855882754,-0.7825252690432105,5.440104771535815,1.9999999999999998,3.4401047715358146,0.0,0.0,2021
mixed,"[6, 12]",0.0,MMIX-0bps,SMIX-06-12-0bps,0.007953087558577598,-0.19261877164631358,20.05718592048912,0.007953087558577598,-0.19261877164631358,20.05718592048912,-0.1381109595439537,-0.30652406345549754,16.841310391154384,6.892752789484862,3.3333333333333335,3.5594194561515287,0.05577828260680772,5.699660233207355e-17,2022
mixed,"[6, 12]",0.0,MMIX-0bps,SMIX-06-12-0bps,0.02628987809535488,0.09483600285843696,-6.854612476308208,0.02628987809535488,0.09483600285843696,-6.854612476308208,-0.13016848732724806,-0.12590492694238287,-0.4263560384865195,6.804007584151461,2.030369585063358,4.773637999088103,1.440588135416161e-17,0.0,2023
mixed,"[6, 12]",0.0,MMIX-0bps,SMIX-06-12-0bps,0.13861441224328153,0.21253181770543828,-7.391740546215675,0.13861441224328153,0.21253181770543828,-7.391740546215675,-0.08313214396788182,-0.09040645903286815,0.7274315064986325,7.502204253856485,1.3520889890721985,6.1501152647842865,5.482854570322339e-17,0.0,2024
mixed,"[6, 12]",0.0,MMIX-0bps,SMIX-06-12-0bps,0.08777076251963756,0.16771095775575628,-7.994019523611873,0.08777076251963756,0.16771095775575628,-7.994019523611873,-0.14212129532580442,-0.1323494469373061,-0.9771848388498316,4.829660160631802,0.6869509469909603,4.142709213640842,4.843119910075828e-17,0.0,2025
mixed,"[1, 7]",5.0,MMIX-5bps,SMIX-01-07-5bps,-0.15495025043029598,-0.08021298201970883,-7.473726841058714,-0.15495025043029598,-0.08021298201970883,-7.473726841058714,-0.2300497563530407,-0.1934341587601366,-3.6615597592904114,3.931047572405737,2.0051290890393036,1.9259184833664333,0.1367062014848456,1.1360337926915137e-17,2001
mixed,"[1, 7]",5.0,MMIX-5bps,SMIX-01-07-5bps,-0.08166318142772255,-0.08936376352221165,0.7700582094489095,-0.08166318142772255,-0.08936376352221165,0.7700582094489095,-0.25663732878375933,-0.17385650113601392,-8.278082764774542,3.1160527950598946,1.3047272945331978,1.8113255005266968,0.3573197533296108,0.4506817427132532,2002
mixed,"[1, 7]",5.0,MMIX-5bps,SMIX-01-07-5bps,0.16938212899892413,0.16441274416515506,0.4969384833769075,0.16938212899892413,0.16441274416515506,0.4969384833769075,-0.05795482205340763,-0.04875870702684959,-0.9196115026558038,4.069564828827238,2.001203079613492,2.0683617492137456,0.4116599404940028,0.38175330200512136,2003
mixed,"[1, 7]",5.0,MMIX-5bps,SMIX-01-07-5bps,0.14264442174181746,0.21686046215955845,-7.421604041774099,0.14264442174181746,0.21686046215955845,-7.421604041774099,-0.07322806771370771,-0.0674658761378748,-0.5762191575832909,6.8567666188249135,2.687575107895797,4.169191510929116,3.968742887054963e-17,4.9741990652521096e-17,2004
mixed,"[1, 7]",5.0,MMIX-5bps,SMIX-01-07-5bps,0.08508929844726243,0.09005266780344345,-0.49633693561810244,0.08508929844726243,0.09005266780344345,-0.49633693561810244,-0.10148604341080347,-0.10436206348997235,0.2876020079168873,4.878367325158799,2.675412998635027,2.2029543265237725,0.0,8.876019196021524e-18,2005
mixed,"[1, 7]",5.0,MMIX-5bps,SMIX-01-07-5bps,0.10250581781499069,0.2021678071223758,-9.966198930738512,0.10250581781499069,0.2021678071223758,-9.966198930738512,-0.12533312535215857,-0.08264384874320108,-4.268927660895749,7.510981007640057,2.0380159158220277,5.472965091818029,0.0,0.0,2006
mixed,"[1, 7]",5.0,MMIX-5bps,SMIX-01-07-5bps,0.07216033581162584,0.023545547833646596,4.861478797797925,0.07216033581162584,0.023545547833646596,4.861478797797925,-0.11376623347075032,-0.14737510043323665,3.360886696248633,6.834703442935975,3.332111647892101,3.502591795043874,0.0,0.0,2007
mixed,"[1, 7]",5.0,MMIX-5bps,SMIX-01-07-5bps,-0.23076589648919832,-0.3629982319235995,13.223233543440116,-0.23076589648919832,-0.3629982319235995,13.223233543440116,-0.28278273909951834,-0.4800421466764091,19.725940757689074,5.889545961733909,2.689847913806941,3.1996980479269683,0.20051826604062656,0.0,2008
mixed,"[1, 7]",5.0,MMIX-5bps,SMIX-01-07-5bps,0.2569826991359656,0.06356469163335987,19.341800750260575,0.2569826991359656,0.06356469163335987,19.341800750260575,-0.06277792401209437,-0.10898599790504504,4.620807389295067,3.7110629958900407,1.6664445184938352,2.0446184773962055,0.5197341909030646,0.6336245501754804,2009
mixed,"[1, 7]",5.0,MMIX-5bps,SMIX-01-07-5bps,0.12070939654918567,0.18527277336188286,-6.456337681269719,0.12070939654918567,0.18527277336188286,-6.456337681269719,-0.16178668932724294,-0.1808586872663147,1.9071997939071772,5.560331643443049,1.691045535553317,3.8692861078897316,0.0,0.02277556457922062,2010
mixed,"[1, 7]",5.0,MMIX-5bps,SMIX-01-07-5bps,0.026314369458161346,0.08374345552694273,-5.742908606878139,0.026314369458161346,0.08374345552694273,-5.742908606878139,-0.16796629219481263,-0.14806038643834518,-1.9905905756467446,8.790660746500281,2.6662222962839524,6.124438450216329,0.02757993754436951,0.0,2011
mixed,"[1, 7]",5.0,MMIX-5bps,SMIX-01-07-5bps,0.052744523908904384,0.13002651996706338,-7.7281996058159,0.052744523908904384,0.13002651996706338,-7.7281996058159,-0.07359767106840398,-0.06955010242723392,-0.4047568641170063,5.443106539988557,0.6802441986639748,4.762862341324582,3.5618553211645347e-17,0.0,2012
mixed,"[1, 7]",5.0,MMIX-5bps,SMIX-01-07-5bps,0.3329227243800663,0.3920489098061384,-5.912618542607206,0.3329227243800663,0.3920489098061384,-5.912618542607206,-0.07011686328854083,-0.05474457578903191,-1.5372287499508919,4.109668885232568,1.3364796482919972,2.773189236940571,4.230141135343911e-17,0.0,2013
mixed,"[1, 7]",5.0,MMIX-5bps,SMIX-01-07-5bps,0.11965630241898717,0.0018755984394820402,11.778070397950513,0.11965630241898717,0.0018755984394820402,11.778070397950513,-0.09104333509053586,-0.12156195625340493,3.0518621162869075,6.084078237961741,2.6690087987915048,3.415069439170236,8.20482948470867e-18,0.0,2014
mixed,"[1, 7]",5.0,MMIX-5bps,SMIX-01-07-5bps,0.015106062458801972,-0.014238145397996171,2.9344207856798143,0.015106062458801972,-0.014238145397996171,2.9344207856798143,-0.11247853984680467,-0.10813738854458843,-0.43411513022162396,3.4916203316086296,2.665778296049508,0.8258420355591216,0.026643928264875404,6.160408392750253e-17,2015
mixed,"[1, 7]",5.0,MMIX-5bps,SMIX-01-07-5bps,0.08639642532980085,0.06432881123748002,2.206761409232083,0.08639642532980085,0.06432881123748002,2.206761409232083,-0.0808666523452396,-0.09357591672977916,1.2709264384539565,5.547309214222357,2.02229760884375,3.5250116053786065,0.02849186939663789,0.0,2016
mixed,"[1, 7]",5.0,MMIX-5bps,SMIX-01-07-5bps,0.20423962434710496,0.22062447762120696,-1.6384853274101996,0.20423962434710496,0.22062447762120696,-1.6384853274101996,-0.046527309332223155,-0.05472316817609757,0.8195858843874415,6.138190296619479,1.9998889444413597,4.13830135217812,0.0,0.0,2017
mixed,"[1, 7]",5.0,MMIX-5bps,SMIX-01-07-5bps,-0.05876281437640385,-0.08461655333918394,2.5853738962780093,-0.05876281437640385,-0.08461655333918394,2.5853738962780093,-0.18700475576131947,-0.24520841374023683,5.820365797891736,5.448895662556254,1.340939850444944,4.10795581211131,2.3682169824136106e-17,0.0,2018
mixed,"[1, 7]",5.0,MMIX-5bps,SMIX-01-07-5bps,0.2149478165384,0.2500036326115833,-3.505581607318331,0.2149478165384,0.2500036326115833,-3.505581607318331,-0.04840601552041868,-0.04354674262452374,-0.48592728958949394,2.845907176665983,2.022638136207651,0.823269040458332,0.0775373203400958,0.3221316291685661,2019
mixed,"[1, 7]",5.0,MMIX-5bps,SMIX-01-07-5bps,0.10738373105545129,0.2154322536731612,-10.804852261770993,0.10738373105545129,0.2154322536731612,-10.804852261770993,-0.3026753160366754,-0.30243150459353496,-0.024381144314045144,5.477408016800366,1.3736298376169622,4.103778179183404,0.0790513833992095,0.0,2020
mixed,"[1, 7]",5.0,MMIX-5bps,SMIX-01-07-5bps,0.17431821270155567,0.25174525582815943,-7.742704312660376,0.17431821270155567,0.25174525582815943,-7.742704312660376,-0.07629064664838137,-0.06844291103178801,-0.7847735616593354,5.438982285884769,1.9998889444413595,3.43909334144341,8.349304150818972e-18,6.114675007116358e-17,2021
mixed,"[1, 7]",5.0,MMIX-5bps,SMIX-01-07-5bps,0.004485383848562119,-0.028748104971307753,3.323348881986987,0.004485383848562119,-0.028748104971307753,3.323348881986987,-0.1381109595439538,-0.18408101337226979,4.597005382831599,6.890950285991315,3.332111647892101,3.558838638099214,0.05577828260680771,5.771784105212014e-17,2022
mixed,"[1, 7]",5.0,MMIX-5bps,SMIX-01-07-5bps,0.02280446066879538,0.049710860554624814,-2.6906399885829435,0.02280446066879538,0.049710860554624814,-2.6906399885829435,-0.1313293206818692,-0.13663470262803323,0.5305381946164034,6.802250920846848,2.728587350545787,4.07366357030106,0.0,1.0613821679954012e-16,2023
mixed,"[1, 7]",5.0,MMIX-5bps,SMIX-01-07-5bps,0.13435134562139694,0.1427849355729287,-0.8433589951531761,0.13435134562139694,0.1427849355729287,-0.8433589951531761,-0.08314145681236029,-0.09656232147437616,1.3420864662015863,7.50072459542983,1.3801604369542133,6.1205641584756165,0.0,8.900839221094906e-18,2024
mixed,"[1, 7]",5.0,MMIX-5bps,SMIX-01-07-5bps,0.08514726766437741,0.10643072132020803,-2.128345365583062,0.08514726766437741,0.10643072132020803,-2.128345365583062,-0.1427128996092668,-0.15117126364275113,0.8458364033484322,4.828637442135667,2.0070445484945876,2.8215928936410797,0.0,0.0,2025
mixed,"[2, 8]",5.0,MMIX-5bps,SMIX-02-08-5bps,-0.15495025043029598,-0.09108812816572387,-6.386212226457211,-0.15495025043029598,-0.09108812816572387,-6.386212226457211,-0.2300497563530407,-0.22256829871202377,-0.7481457641016931,3.931047572405737,2.041150275838148,1.889897296567589,0.1367062014848456,1.7460357998248497e-17,2001
mixed,"[2, 8]",5.0,MMIX-5bps,SMIX-02-08-5bps,-0.08166318142772255,-0.06975312692597002,-1.1910054501752532,-0.08166318142772255,-0.06975312692597002,-1.1910054501752532,-0.25663732878375933,-0.17098750446505795,-8.564982431870138,3.1160527950598946,0.9649486715594036,2.151104123500491,0.3573197533296108,0.5079743901465099,2002
mixed,"[2, 8]",5.0,MMIX-5bps,SMIX-02-08-5bps,0.16938212899892413,0.11601931965540846,5.336280934351567,0.16938212899892413,0.11601931965540846,5.336280934351567,-0.05795482205340763,-0.05601590420816949,-0.19389178452381417,4.069564828827238,0.9995002498750626,3.070064578952175,0.4116599404940028,0.6626984126984127,2003
mixed,"[2, 8]",5.0,MMIX-5bps,SMIX-02-08-5bps,0.14264442174181746,0.21291439194730466,-7.02699702054872,0.14264442174181746,0.21291439194730466,-7.02699702054872,-0.07322806771370771,-0.057981158758252715,-1.5246908955454996,6.8567666188249135,2.0135171311077826,4.843249487717131,3.968742887054963e-17,0.0,2004
mixed,"[2, 8]",5.0,MMIX-5bps,SMIX-02-08-5bps,0.08508929844726243,0.17048250587340186,-8.539320742613942,0.08508929844726243,0.17048250587340186,-8.539320742613942,-0.10148604341080347,-0.1042314393314614,0.27453959206579226,4.878367325158799,0.7520315847139774,4.126335740444822,0.0,0.0,2005
mixed,"[2, 8]",5.0,MMIX-5bps,SMIX-02-08-5bps,0.10250581781499069,0.1560855647382624,-5.357974692327172,0.10250581781499069,0.1560855647382624,-5.357974692327172,-0.12533312535215857,-0.0850678866788992,-4.026523867325937,7.510981007640057,2.668078394260289,4.842902613379768,0.0,0.0,2006
mixed,"[2, 8]",5.0,MMIX-5bps,SMIX-02-08-5bps,0.07216033581162584,0.03138819168616469,4.077214412546115,0.07216033581162584,0.03138819168616469,4.077214412546115,-0.11376623347075032,-0.1074603216853608,-0.6305911785389529,6.834703442935975,2.6964497452988865,4.138253697637088,0.0,0.0,2007
mixed,"[2, 8]",5.0,MMIX-5bps,SMIX-02-08-5bps,-0.23076589648919832,-0.3623229880506569,13.155709156145857,-0.23076589648919832,-0.3623229880506569,13.155709156145857,-0.28278273909951834,-0.45653456665690006,17.375182755738173,5.889545961733909,1.3809748409231257,4.5085711208107835,0.20051826604062656,6.887729004734227e-17,2008
mixed,"[2, 8]",5.0,MMIX-5bps,SMIX-02-08-5bps,0.2569826991359656,-0.03759853964194115,29.458123877790676,0.2569826991359656,-0.03759853964194115,29.458123877790676,-0.06277792401209437,-0.21097924337271767,14.820131936062332,3.7110629958900407,1.9995002498750627,1.711562746014978,0.5197341909030646,0.5079365079365079,2009
mixed,"[2, 8]",5.0,MMIX-5bps,SMIX-02-08-5bps,0.12070939654918567,0.15636138576009362,-3.5651989210907953,0.12070939654918567,0.15636138576009362,-3.5651989210907953,-0.16178668932724294,-0.14440636799666096,-1.7380321330581983,5.560331643443049,1.346537017672639,4.21379462577041,0.0,0.0,2010
mixed,"[2, 8]",5.0,MMIX-5bps,SMIX-02-08-5bps,0.026314369458161346,-0.023092748411020714,4.940711786918206,0.026314369458161346,-0.023092748411020714,4.940711786918206,-0.16796629219481263,-0.22017984039410543,5.22135481992928,8.790660746500281,2.67938794505317,6.111272801447111,0.02757993754436951,0.0,2011
mixed,"[2, 8]",5.0,MMIX-5bps,SMIX-02-08-5bps,0.052744523908904384,0.16102634989594367,-10.828182598703929,0.052744523908904384,0.16102634989594367,-10.828182598703929,-0.07359767106840398,-0.06976250601950762,-0.38351650488963607,5.443106539988557,1.3578863729702921,4.0852201670182655,3.5618553211645347e-17,0.0,2012
mixed,"[2, 8]",5.0,MMIX-5bps,SMIX-02-08-5bps,0.3329227243800663,0.4090798734705996,-7.615714909053328,0.3329227243800663,0.4090798734705996,-7.615714909053328,-0.07011686328854083,-0.054740705665809464,-1.5376157622731368,4.109668885232568,1.3428749014984402,2.7667939837341278,4.230141135343911e-17,0.0,2013
mixed,"[2, 8]",5.0,MMIX-5bps,SMIX-02-08-5bps,0.11965630241898717,0.05099719512476519,6.865910729422198,0.11965630241898717,0.05099719512476519,6.865910729422198,-0.09104333509053586,-0.09890416202635877,0.7860826935822907,6.084078237961741,2.0011830262661965,4.082895211695544,8.20482948470867e-18,5.586725068281372e-17,2014
mixed,"[2, 8]",5.0,MMIX-5bps,SMIX-02-08-5bps,0.015106062458801972,0.0564566946438565,-4.1350632185054526,0.015106062458801972,0.0564566946438565,-4.1350632185054526,-0.11247853984680467,-0.10211404330441465,-1.0364496542390023,3.4916203316086296,2.0048987655505357,1.486721566058094,0.026643928264875404,3.553531438138383e-17,2015
mixed,"[2, 8]",5.0,MMIX-5bps,SMIX-02-08-5bps,0.08639642532980085,0.016481649103213147,6.9914776226587705,0.08639642532980085,0.016481649103213147,6.9914776226587705,-0.0808666523452396,-0.08708647086326549,0.6219818518025888,5.547309214222357,1.3483620429315861,4.19894717129077,0.02849186939663789,0.16332821915295748,2016
mixed,"[2, 8]",5.0,MMIX-5bps,SMIX-02-08-5bps,0.20423962434710496,0.25724612931903623,-5.300650497193127,0.20423962434710496,0.25724612931903623,-5.300650497193127,-0.046527309332223155,-0.046331254047859094,-0.01960552843640606,6.138190296619479,1.3791470393768401,4.759043257242639,0.0,0.0,2017
mixed,"[2, 8]",5.0,MMIX-5bps,SMIX-02-08-5bps,-0.05876281437640385,-0.0780344028045663,1.9271588428162456,-0.05876281437640385,-0.0780344028045663,1.9271588428162456,-0.18700475576131947,-0.24630106185371503,5.929630609239556,5.448895662556254,1.3501161398863857,4.098779522669868,2.3682169824136106e-17,5.0871375851154e-17,2018
mixed,"[2, 8]",5.0,MMIX-5bps,SMIX-02-08-5bps,0.2149478165384,0.2827898649397331,-6.784204840133312,0.2149478165384,0.2827898649397331,-6.784204840133312,-0.04840601552041868,-0.02930513258373124,-1.9100882936687436,2.845907176665983,2.6765320860279482,0.1693750906380349,0.0775373203400958,0.16718747997173983,2019
mixed,"[2, 8]",5.0,MMIX-5bps,SMIX-02-08-5bps,0.10738373105545129,0.18471550914100598,-7.733177808555469,0.10738373105545129,0.18471550914100598,-7.733177808555469,-0.3026753160366754,-0.3031642488925358,0.048893285586038004,5.477408016800366,1.398215887930733,4.079192128869633,0.0790513833992095,7.080311972947104e-17,2020
mixed,"[2, 8]",5.0,MMIX-5bps,SMIX-02-08-5bps,0.17431821270155567,0.22976091370392981,-5.544270100237414,0.17431821270155567,0.22976091370392981,-5.544270100237414,-0.07629064664838137,-0.07582757645361737,-0.04630701947639926,5.438982285884769,1.3436845221640041,4.095297763720765,8.349304150818972e-18,0.0,2021
mixed,"[2, 8]",5.0,MMIX-5bps,SMIX-02-08-5bps,0.004485383848562119,0.06114974974682852,-5.66643658982664,0.004485383848562119,0.06114974974682852,-5.66643658982664,-0.1381109595439538,-0.14290747733003717,0.4796517786083365,6.890950285991315,2.0549305447841446,4.836019741207171,0.05577828260680771,0.0,2022
mixed,"[2, 8]",5.0,MMIX-5bps,SMIX-02-08-5bps,0.02280446066879538,0.0786497008707665,-5.5845240201971125,0.02280446066879538,0.0786497008707665,-5.5845240201971125,-0.1313293206818692,-0.13064519489019832,-0.06841257916708754,6.802250920846848,2.666222296283953,4.136028624562895,0.0,0.0,2023
mixed,"[2, 8]",5.0,MMIX-5bps,SMIX-02-08-5bps,0.13435134562139694,0.13962541233907078,-0.5274066717673831,0.13435134562139694,0.13962541233907078,-0.5274066717673831,-0.08314145681236029,-0.07964934920616584,-0.349210760619445,7.50072459542983,2.0023339565558795,5.49839063887395,0.0,4.654180185828142e-17,2024
mixed,"[2, 8]",5.0,MMIX-5bps,SMIX-02-08-5bps,0.08514726766437741,0.2006753680588691,-11.552810039449168,0.08514726766437741,0.2006753680588691,-11.552810039449168,-0.1427128996092668,-0.13736152166951765,-0.5351377939749158,4.828637442135667,2.002024798371521,2.8266126437641463,0.0,2.144456619142274e-17,2025
mixed,"[3, 9]",5.0,MMIX-5bps,SMIX-03-09-5bps,-0.15495025043029598,-0.0382159742650372,-11.673427616525878,-0.15495025043029598,-0.0382159742650372,-11.673427616525878,-0.2300497563530407,-0.22971044355181403,-0.03393128012266766,3.931047572405737,2.666222296283953,1.2648252761217842,0.1367062014848456,0.0,2001
mixed,"[3, 9]",5.0,MMIX-5bps,SMIX-03-09-5bps,-0.08166318142772255,-0.1387036594826857,5.704047805496315,-0.08166318142772255,-0.1387036594826857,5.704047805496315,-0.25663732878375933,-0.25677467222396233,0.013734344020299716,3.1160527950598946,1.3335555925987665,1.782497202461128,0.3573197533296108,0.1661731146683768,2002
mixed,"[3, 9]",5.0,MMIX-5bps,SMIX-03-09-5bps,0.16938212899892413,0.16247148986179383,0.6910639137130303,0.16938212899892413,0.16247148986179383,0.6910639137130303,-0.05795482205340763,-0.0354524979640658,-2.250232408934183,4.069564828827238,1.344687047835198,2.7248777809920397,0.4116599404940028,0.6637673536583116,2003
mixed,"[3, 9]",5.0,MMIX-5bps,SMIX-03-09-5bps,0.14264442174181746,0.17014837931465832,-2.7503957572840854,0.14264442174181746,0.17014837931465832,-2.7503957572840854,-0.07322806771370771,-0.08816878483492663,1.4940717121218916,6.8567666188249135,2.6662222962839524,4.190544322540961,3.968742887054963e-17,0.0,2004
mixed,"[3, 9]",5.0,MMIX-5bps,SMIX-03-09-5bps,0.08508929844726243,0.15718258417488928,-7.2093285727626855,0.08508929844726243,0.15718258417488928,-7.2093285727626855,-0.10148604341080347,-0.10078142149169711,-0.0704621919106363,4.878367325158799,1.333555592598766,3.5448117325600332,0.0,0.0,2005
mixed,"[3, 9]",5.0,MMIX-5bps,SMIX-03-09-5bps,0.10250581781499069,0.11930313273908943,-1.679731492409875,0.10250581781499069,0.11930313273908943,-1.679731492409875,-0.12533312535215857,-0.10106039175069415,-2.4272733601464425,7.510981007640057,3.332111647892101,4.178869359747956,0.0,0.0,2006
mixed,"[3, 9]",5.0,MMIX-5bps,SMIX-03-09-5bps,0.07216033581162584,0.0996625305067631,-2.750219469513726,0.07216033581162584,0.0996625305067631,-2.750219469513726,-0.11376623347075032,-0.09043661110250345,-2.332962236824687,6.834703442935975,2.6835096280448703,4.151193814891105,0.0,0.0,2007
mixed,"[3, 9]",5.0,MMIX-5bps,SMIX-03-09-5bps,-0.23076589648919832,-0.21909905580171407,-1.1666840687484248,-0.23076589648919832,-0.21909905580171407,-1.1666840687484248,-0.28278273909951834,-0.26267784387811977,-2.0104895221398578,5.889545961733909,1.9998889444413592,3.88965701729255,0.20051826604062656,0.17639597726569642,2008
mixed,"[3, 9]",5.0,MMIX-5bps,SMIX-03-09-5bps,0.2569826991359656,0.057260496626618584,19.972220250934704,0.2569826991359656,0.057260496626618584,19.972220250934704,-0.06277792401209437,-0.06528111351132015,0.25031894992257886,3.7110629958900407,1.2783913795299502,2.4326716163600905,0.5197341909030646,0.6771625020216002,2009
mixed,"[3, 9]",5.0,MMIX-5bps,SMIX-03-09-5bps,0.12070939654918567,0.1375382040033113,-1.6828807454125627,0.12070939654918567,0.1375382040033113,-1.6828807454125627,-0.16178668932724294,-0.15344981370987243,-0.8336875617370509,5.560331643443049,2.00338051055396,3.556951132889089,0.0,0.0,2010
mixed,"[3, 9]",5.0,MMIX-5bps,SMIX-03-09-5bps,0.026314369458161346,-0.09191402434967,11.822839380783135,0.026314369458161346,-0.09191402434967,11.822839380783135,-0.16796629219481263,-0.2344215287049043,6.645523651009166,8.790660746500281,3.332111647892101,5.45854909860818,0.02757993754436951,0.0,2011
mixed,"[3, 9]",5.0,MMIX-5bps,SMIX-03-09-5bps,0.052744523908904384,0.06422970873345868,-1.1485184824554295,0.052744523908904384,0.06422970873345868,-1.1485184824554295,-0.07359767106840398,-0.07681507191894821,0.32174008505442275,5.443106539988557,2.0094242551994776,3.4336822847890796,3.5618553211645347e-17,0.0,2012
mixed,"[3, 9]",5.0,MMIX-5bps,SMIX-03-09-5bps,0.3329227243800663,0.2880376062140819,4.4885118165984395,0.3329227243800663,0.2880376062140819,4.4885118165984395,-0.07011686328854083,-0.07026504304509684,0.014817975655601057,4.109668885232568,1.9998889444413597,2.1097799407912086,4.230141135343911e-17,0.0,2013
mixed,"[3, 9]",5.0,MMIX-5bps,SMIX-03-09-5bps,0.11965630241898717,0.1264749888665493,-0.6818686447562117,0.11965630241898717,0.1264749888665493,-0.6818686447562117,-0.09104333509053586,-0.08237343456853141,-0.8669900522004448,6.084078237961741,1.3335555925987665,4.750522645362974,8.20482948470867e-18,9.889672445472792e-17,2014
mixed,"[3, 9]",5.0,MMIX-5bps,SMIX-03-09-5bps,0.015106062458801972,0.06588151789801322,-5.077545543921125,0.015106062458801972,0.06588151789801322,-5.077545543921125,-0.11247853984680467,-0.10818085822514445,-0.4297681621660221,3.4916203316086296,1.363712760476002,2.127907571132628,0.026643928264875404,2.928374125507567e-17,2015
mixed,"[3, 9]",5.0,MMIX-5bps,SMIX-03-09-5bps,0.08639642532980085,0.08736837129217379,-0.09719459623729332,0.08639642532980085,0.08736837129217379,-0.09719459623729332,-0.0808666523452396,-0.08773377267346383,0.686712032822423,5.547309214222357,2.6662222962839524,2.881086917938404,0.02849186939663789,0.0,2016
mixed,"[3, 9]",5.0,MMIX-5bps,SMIX-03-09-5bps,0.20423962434710496,0.27885079967310644,-7.461117532600148,0.20423962434710496,0.27885079967310644,-7.461117532600148,-0.046527309332223155,-0.03325631030790621,-1.3270999024316943,6.138190296619479,0.675356492810606,5.4628338038088735,0.0,0.0,2017
mixed,"[3, 9]",5.0,MMIX-5bps,SMIX-03-09-5bps,-0.05876281437640385,-0.0395975172623213,-1.9165297114082547,-0.05876281437640385,-0.0395975172623213,-1.9165297114082547,-0.18700475576131947,-0.2070303123547389,2.0025556593419425,5.448895662556254,1.3347259242312108,4.114169738325042,2.3682169824136106e-17,0.0,2018
mixed,"[3, 9]",5.0,MMIX-5bps,SMIX-03-09-5bps,0.2149478165384,0.3023593983454862,-8.74115818070862,0.2149478165384,0.3023593983454862,-8.74115818070862,-0.04840601552041868,-0.03894315262576542,-0.9462862894653257,2.845907176665983,2.0050094442292616,0.8408977324367215,0.0775373203400958,0.0,2019
mixed,"[3, 9]",5.0,MMIX-5bps,SMIX-03-09-5bps,0.10738373105545129,0.19211930338294447,-8.473557232749318,0.10738373105545129,0.19211930338294447,-8.473557232749318,-0.3026753160366754,-0.3034308536452538,0.07555376085783827,5.477408016800366,1.3879801439348793,4.089427872865487,0.0790513833992095,0.0,2020
mixed,"[3, 9]",5.0,MMIX-5bps,SMIX-03-09-5bps,0.17431821270155567,0.2256688099525448,-5.135059725098912,0.17431821270155567,0.2256688099525448,-5.135059725098912,-0.07629064664838137,-0.07601731845749038,-0.02733281908909868,5.438982285884769,2.666222296283953,2.7727599896008166,8.349304150818972e-18,0.0,2021
mixed,"[3, 9]",5.0,MMIX-5bps,SMIX-03-09-5bps,0.004485383848562119,0.002849189817390352,0.1636194031171767,0.004485383848562119,0.002849189817390352,0.1636194031171767,-0.1381109595439538,-0.130475755711443,-0.7635203832510817,6.890950285991315,2.02392475772034,4.867025528270975,0.05577828260680771,0.0,2022
mixed,"[3, 9]",5.0,MMIX-5bps,SMIX-03-09-5bps,0.02280446066879538,0.08838459371524943,-6.558013304645405,0.02280446066879538,0.08838459371524943,-6.558013304645405,-0.1313293206818692,-0.09850691187433958,-3.2822408807529624,6.802250920846848,2.0043651978246086,4.7978857230222385,0.0,0.0,2023
mixed,"[3, 9]",5.0,MMIX-5bps,SMIX-03-09-5bps,0.13435134562139694,0.1876752998048159,-5.332395418341895,0.13435134562139694,0.1876752998048159,-5.332395418341895,-0.08314145681236029,-0.09259074113434917,0.9449284321988882,7.50072459542983,1.9999767580783787,5.500747837351451,0.0,0.0,2024
mixed,"[3, 9]",5.0,MMIX-5bps,SMIX-03-09-5bps,0.08514726766437741,0.12845439127599767,-4.330712361162026,0.08514726766437741,0.12845439127599767,-4.330712361162026,-0.1427128996092668,-0.10248893359480915,-4.022396601445766,4.828637442135667,1.3810322682427985,3.447605173892869,0.0,6.663334761415283e-17,2025
mixed,"[4, 10]",5.0,MMIX-5bps,SMIX-04-10-5bps,-0.15495025043029598,-0.09328825594354972,-6.166199448674625,-0.15495025043029598,-0.09328825594354972,-6.166199448674625,-0.2300497563530407,-0.1468524753481102,-8.319728100493052,3.931047572405737,1.366609832817839,2.564437739587898,0.1367062014848456,0.10954255332683123,2001
mixed,"[4, 10]",5.0,MMIX-5bps,SMIX-04-10-5bps,-0.08166318142772255,-0.15001532295113806,6.8352141523415515,-0.08166318142772255,-0.15001532295113806,6.8352141523415515,-0.25663732878375933,-0.2563169496097203,-0.03203791740390427,3.1160527950598946,2.0012238588268922,1.1148289362330024,0.3573197533296108,0.3229001449854568,2002
mixed,"[4, 10]",5.0,MMIX-5bps,SMIX-04-10-5bps,0.16938212899892413,0.12364729169043942,4.573483730848471,0.16938212899892413,0.12364729169043942,4.573483730848471,-0.05795482205340763,-0.03463121633790156,-2.332360571550607,4.069564828827238,1.3431855153739873,2.7263793134532506,0.4116599404940028,0.728676872950735,2003
mixed,"[4, 10]",5.0,MMIX-5bps,SMIX-04-10-5bps,0.14264442174181746,0.17603535314516594,-3.339093140334848,0.14264442174181746,0.17603535314516594,-3.339093140334848,-0.07322806771370771,-0.0705660079466186,-0.2662059767089109,6.8567666188249135,1.3608418479642657,5.495924770860648,3.968742887054963e-17,0.0,2004
mixed,"[4, 10]",5.0,MMIX-5bps,SMIX-04-10-5bps,0.08508929844726243,0.17945381419105932,-9.436451574379689,0.08508929844726243,0.17945381419105932,-9.436451574379689,-0.10148604341080347,-0.11039856777700019,0.8912524366196717,4.878367325158799,1.350565637812324,3.527801687346475,0.0,0.0,2005
mixed,"[4, 10]",5.0,MMIX-5bps,SMIX-04-10-5bps,0.10250581781499069,0.09171657882051854,1.078923899447215,0.10250581781499069,0.09171657882051854,1.078923899447215,-0.12533312535215857,-0.10673044262722664,-1.860268272493193,7.510981007640057,3.332111647892101,4.178869359747956,0.0,0.0,2006
mixed,"[4, 10]",5.0,MMIX-5bps,SMIX-04-10-5bps,0.07216033581162584,0.11213964497651285,-3.997930916488701,0.07216033581162584,0.11213964497651285,-3.997930916488701,-0.11376623347075032,-0.09086924035492872,-2.2896993115821607,6.834703442935975,3.3326589723412328,3.5020444705947424,0.0,0.0,2007
mixed,"[4, 10]",5.0,MMIX-5bps,SMIX-04-10-5bps,-0.23076589648919832,-0.31035961034086446,7.959371385166614,-0.23076589648919832,-0.31035961034086446,7.959371385166614,-0.28278273909951834,-0.4342713842948227,15.148864519530436,5.889545961733909,1.9998889444413595,3.88965701729255,0.20051826604062656,0.10958776573206463,2008
mixed,"[4, 10]",5.0,MMIX-5bps,SMIX-04-10-5bps,0.2569826991359656,0.06182129764481603,19.516140149114957,0.2569826991359656,0.06182129764481603,19.516140149114957,-0.06277792401209437,-0.06707382255926853,0.42958985471741595,3.7110629958900407,1.3124313627968545,2.3986316330931863,0.5197341909030646,0.7329534334806994,2009
mixed,"[4, 10]",5.0,MMIX-5bps,SMIX-04-10-5bps,0.12070939654918567,0.07853266978936735,4.217672675981832,0.12070939654918567,0.07853266978936735,4.217672675981832,-0.16178668932724294,-0.1562330930235709,-0.5553596303672026,5.560331643443049,2.021898125130268,3.5384335183127806,0.0,0.0,2010
mixed,"[4, 10]",5.0,MMIX-5bps,SMIX-04-10-5bps,0.026314369458161346,4.871195281319629e-05,2.626565750534815,0.026314369458161346,4.871195281319629e-05,2.626565750534815,-0.16796629219481263,-0.2046583898016473,3.6692097606834673,8.790660746500281,2.3344952987351175,6.456165447765164,0.02757993754436951,0.05461537084862464,2011
mixed,"[4, 10]",5.0,MMIX-5bps,SMIX-04-10-5bps,0.052744523908904384,0.04756569955534573,0.5178824353558653,0.052744523908904384,0.04756569955534573,0.5178824353558653,-0.07359767106840398,-0.07355426825058409,-0.004340281781989308,5.443106539988557,1.687081383148576,3.756025156839981,3.5618553211645347e-17,0.10480906707853938,2012
mixed,"[4, 10]",5.0,MMIX-5bps,SMIX-04-10-5bps,0.3329227243800663,0.3000739340291929,3.2848790350873402,0.3329227243800663,0.3000739340291929,3.2848790350873402,-0.07011686328854083,-0.06997502980043735,-0.014183348810348217,4.109668885232568,2.005539823883804,2.104129061348764,4.230141135343911e-17,0.0,2013
mixed,"[4, 10]",5.0,MMIX-5bps,SMIX-04-10-5bps,0.11965630241898717,0.15630450941108864,-3.6648206992101473,0.11965630241898717,0.15630450941108864,-3.6648206992101473,-0.09104333509053586,-0.07468822283569565,-1.635511225484021,6.084078237961741,1.3335555925987665,4.750522645362974,8.20482948470867e-18,0.0,2014
mixed,"[4, 10]",5.0,MMIX-5bps,SMIX-04-10-5bps,0.015106062458801972,0.06347501728283578,-4.8368954824033805,0.015106062458801972,0.06347501728283578,-4.8368954824033805,-0.11247853984680467,-0.10819638654898334,-0.4282153297821334,3.4916203316086296,1.6665556296358077,1.825064701972822,0.026643928264875404,0.05585397546762656,2015
mixed,"[4, 10]",5.0,MMIX-5bps,SMIX-04-10-5bps,0.08639642532980085,0.12504979760080293,-3.8653372271002073,0.08639642532980085,0.12504979760080293,-3.8653372271002073,-0.0808666523452396,-0.0474402199561873,-3.3426432389052296,5.547309214222357,1.6897504183788397,3.857558795843517,0.02849186939663789,0.10945063287041684,2016
mixed,"[4, 10]",5.0,MMIX-5bps,SMIX-04-10-5bps,0.20423962434710496,0.2807691341050056,-7.652950975790063,0.20423962434710496,0.2807691341050056,-7.652950975790063,-0.046527309332223155,-0.02626776674280973,-2.0259542589413426,6.138190296619479,2.0244524437533675,4.1137378528661115,0.0,3.3884340068649526e-17,2017
mixed,"[4, 10]",5.0,MMIX-5bps,SMIX-04-10-5bps,-0.05876281437640385,-0.07600041773750787,1.7237603361104026,-0.05876281437640385,-0.07600041773750787,1.7237603361104026,-0.18700475576131947,-0.2031432012123724,1.6138445451052919,5.448895662556254,2.6657782960495084,2.7831173665067452,2.3682169824136106e-17,0.0,2018
mixed,"[4, 10]",5.0,MMIX-5bps,SMIX-04-10-5bps,0.2149478165384,0.33758896853151166,-12.264115199311165,0.2149478165384,0.33758896853151166,-12.264115199311165,-0.04840601552041868,-0.04835643906123166,-0.004957645918701736,2.845907176665983,1.352224725818133,1.4936824508478501,0.0775373203400958,0.0,2019
mixed,"[4, 10]",5.0,MMIX-5bps,SMIX-04-10-5bps,0.10738373105545129,0.04071037581409054,6.667335524136075,0.10738373105545129,0.04071037581409054,6.667335524136075,-0.3026753160366754,-0.303321247863123,0.06459318264475655,5.477408016800366,1.9995002498750625,3.477907766925304,0.0790513833992095,0.5059288537549407,2020
mixed,"[4, 10]",5.0,MMIX-5bps,SMIX-04-10-5bps,0.17431821270155567,0.13803504610221062,3.628316659934505,0.17431821270155567,0.13803504610221062,3.628316659934505,-0.07629064664838137,-0.07639677465968475,0.010612801130338578,5.438982285884769,3.332111647892101,2.1068706379926683,8.349304150818972e-18,6.165383638793959e-17,2021
mixed,"[4, 10]",5.0,MMIX-5bps,SMIX-04-10-5bps,0.004485383848562119,0.12364339519318635,-11.915801134462424,0.004485383848562119,0.12364339519318635,-11.915801134462424,-0.1381109595439538,-0.14627369547731672,0.8162735933362919,6.890950285991315,1.380042534835436,5.510907751155879,0.05577828260680771,0.11259951406771616,2022
mixed,"[4, 10]",5.0,MMIX-5bps,SMIX-04-10-5bps,0.02280446066879538,0.1448908421467885,-12.208638147799311,0.02280446066879538,0.1448908421467885,-12.208638147799311,-0.1313293206818692,-0.08469059313663485,-4.663872754523435,6.802250920846848,1.3500784939573025,5.452172426889545,0.0,0.2198466267624357,2023
mixed,"[4, 10]",5.0,MMIX-5bps,SMIX-04-10-5bps,0.13435134562139694,0.1745870505975382,-4.023570497614126,0.13435134562139694,0.1745870505975382,-4.023570497614126,-0.08314145681236029,-0.09312807025215641,0.9986613439796121,7.50072459542983,2.014572901529705,5.4861516939001245,0.0,0.0,2024
mixed,"[4, 10]",5.0,MMIX-5bps,SMIX-04-10-5bps,0.08514726766437741,0.057651128187361955,2.7496139477015458,0.08514726766437741,0.057651128187361955,2.7496139477015458,-0.1427128996092668,-0.1332613369429979,-0.9451562666268898,4.828637442135667,2.669888201054694,2.158749241080973,0.0,0.0,2025
mixed,"[5, 11]",5.0,MMIX-5bps,SMIX-05-11-5bps,-0.15495025043029598,-0.1288630353351582,-2.6087215095137783,-0.15495025043029598,-0.1288630353351582,-2.6087215095137783,-0.2300497563530407,-0.2105233755082353,-1.9526380844805402,3.931047572405737,2.351086393924573,1.579961178481164,0.1367062014848456,0.08064516129032258,2001
mixed,"[5, 11]",5.0,MMIX-5bps,SMIX-05-11-5bps,-0.08166318142772255,-0.10176251858562235,2.00993371578998,-0.08166318142772255,-0.10176251858562235,2.00993371578998,-0.25663732878375933,-0.23955076051891988,-1.7086568264839452,3.1160527950598946,1.6662780461744453,1.4497747488854493,0.3573197533296108,0.468800602299786,2002
mixed,"[5, 11]",5.0,MMIX-5bps,SMIX-05-11-5bps,0.16938212899892413,0.0928599461473485,7.652218285157564,0.16938212899892413,0.0928599461473485,7.652218285157564,-0.05795482205340763,-0.03585640625794495,-2.209841579546268,4.069564828827238,1.3416913325880924,2.7278734962391455,0.4116599404940028,0.6135770046691418,2003
mixed,"[5, 11]",5.0,MMIX-5bps,SMIX-05-11-5bps,0.14264442174181746,0.13194566710202538,1.0698754639792085,0.14264442174181746,0.13194566710202538,1.0698754639792085,-0.07322806771370771,-0.09771086193626433,2.4482794222556614,6.8567666188249135,2.665778296049508,4.1909883227754055,3.968742887054963e-17,0.0,2004
mixed,"[5, 11]",5.0,MMIX-5bps,SMIX-05-11-5bps,0.08508929844726243,0.1704617604732841,-8.537246202602166,0.08508929844726243,0.1704617604732841,-8.537246202602166,-0.10148604341080347,-0.10688762878155378,0.5401585370750306,4.878367325158799,1.3483574433403462,3.530009881818453,0.0,0.0,2005
mixed,"[5, 11]",5.0,MMIX-5bps,SMIX-05-11-5bps,0.10250581781499069,0.15558182989225755,-5.3076012077266865,0.10250581781499069,0.15558182989225755,-5.3076012077266865,-0.12533312535215857,-0.10957716128787287,-1.57559640642857,7.510981007640057,3.3321116478921016,4.178869359747955,0.0,0.0,2006
mixed,"[5, 11]",5.0,MMIX-5bps,SMIX-05-11-5bps,0.07216033581162584,0.17819544480925953,-10.603510899763368,0.07216033581162584,0.17819544480925953,-10.603510899763368,-0.11376623347075032,-0.0761649730689038,-3.7601260401846526,6.834703442935975,2.6746904294204352,4.16001301351554,0.0,0.0,2007
mixed,"[5, 11]",5.0,MMIX-5bps,SMIX-05-11-5bps,-0.23076589648919832,-0.42144898836926037,19.068309188006204,-0.23076589648919832,-0.42144898836926037,19.068309188006204,-0.28278273909951834,-0.5329940792055128,25.021134010599443,5.889545961733909,1.667038379169843,4.2225075825640666,0.20051826604062656,0.08695652173913043,2008
mixed,"[5, 11]",5.0,MMIX-5bps,SMIX-05-11-5bps,0.2569826991359656,0.02492048699184002,23.206221214412558,0.2569826991359656,0.02492048699184002,23.206221214412558,-0.06277792401209437,-0.016007443185795833,-4.677048082629853,3.7110629958900407,0.9995002498750625,2.7115627460149785,0.5197341909030646,0.9126984126984127,2009
mixed,"[5, 11]",5.0,MMIX-5bps,SMIX-05-11-5bps,0.12070939654918567,0.18790716068277602,-6.719776413359035,0.12070939654918567,0.18790716068277602,-6.719776413359035,-0.16178668932724294,-0.15919835190250098,-0.258833742474196,5.560331643443049,1.3639321422827977,4.196399501160251,0.0,1.2328381181636378e-16,2010
mixed,"[5, 11]",5.0,MMIX-5bps,SMIX-05-11-5bps,0.026314369458161346,0.05581652762867706,-2.9502158170515713,0.026314369458161346,0.05581652762867706,-2.9502158170515713,-0.16796629219481263,-0.1671130702755972,-0.08532219192154411,8.790660746500281,2.666222296283953,6.124438450216328,0.02757993754436951,0.0,2011
mixed,"[5, 11]",5.0,MMIX-5bps,SMIX-05-11-5bps,0.052744523908904384,0.14931279882871595,-9.656827491981158,0.052744523908904384,0.14931279882871595,-9.656827491981158,-0.07359767106840398,-0.07803025382035622,0.4432582751952241,5.443106539988557,2.0059091344800395,3.4371974055085177,3.5618553211645347e-17,0.0,2012
mixed,"[5, 11]",5.0,MMIX-5bps,SMIX-05-11-5bps,0.3329227243800663,0.33653663586752414,-0.36139114874578215,0.3329227243800663,0.33653663586752414,-0.36139114874578215,-0.07011686328854083,-0.05252805021476237,-1.7588813073778464,4.109668885232568,2.0396719563221817,2.0699969289103866,4.230141135343911e-17,0.0,2013
mixed,"[5, 11]",5.0,MMIX-5bps,SMIX-05-11-5bps,0.11965630241898717,0.035554551653403266,8.41017507655839,0.11965630241898717,0.035554551653403266,8.41017507655839,-0.09104333509053586,-0.09886969955619362,0.7826364465657765,6.084078237961741,2.666222296283953,3.417855941677788,8.20482948470867e-18,0.0,2014
mixed,"[5, 11]",5.0,MMIX-5bps,SMIX-05-11-5bps,0.015106062458801972,0.04207180522498266,-2.696574276618069,0.015106062458801972,0.04207180522498266,-2.696574276618069,-0.11247853984680467,-0.11940075964589214,0.692221979908747,3.4916203316086296,1.3343590828626315,2.157261248745998,0.026643928264875404,6.981655337985683e-17,2015
mixed,"[5, 11]",5.0,MMIX-5bps,SMIX-05-11-5bps,0.08639642532980085,0.09363035413506915,-0.7233928805268297,0.08639642532980085,0.09363035413506915,-0.7233928805268297,-0.0808666523452396,-0.07922720216128487,-0.1639450183954727,5.547309214222357,2.07463233860184,3.4726768756205164,0.02849186939663789,7.464144429297796e-17,2016
mixed,"[5, 11]",5.0,MMIX-5bps,SMIX-05-11-5bps,0.20423962434710496,0.25352565861587517,-4.928603426877021,0.20423962434710496,0.25352565861587517,-4.928603426877021,-0.046527309332223155,-0.026806356604257564,-1.972095272796559,6.138190296619479,2.6662222962839524,3.4719680003355267,0.0,4.7512911451381756e-17,2017
mixed,"[5, 11]",5.0,MMIX-5bps,SMIX-05-11-5bps,-0.05876281437640385,-0.08880946540516255,3.0046651028758697,-0.05876281437640385,-0.08880946540516255,3.0046651028758697,-0.18700475576131947,-0.20828206736579036,2.1277311604470883,5.448895662556254,3.332111647892101,2.1167840146641526,2.3682169824136106e-17,0.0,2018
mixed,"[5, 11]",5.0,MMIX-5bps,SMIX-05-11-5bps,0.2149478165384,0.2843813937824833,-6.943357724408328,0.2149478165384,0.2843813937824833,-6.943357724408328,-0.04840601552041868,-0.049432808173728415,0.10267926533097382,2.845907176665983,1.3812911001455732,1.46461607652041,0.0775373203400958,0.0,2019
mixed,"[5, 11]",5.0,MMIX-5bps,SMIX-05-11-5bps,0.10738373105545129,0.18084783694269446,-7.346410588724317,0.10738373105545129,0.18084783694269446,-7.346410588724317,-0.3026753160366754,-0.3037750452366519,0.10997291999764736,5.477408016800366,2.0304033010692386,3.4470047157311274,0.0790513833992095,0.0,2020
mixed,"[5, 11]",5.0,MMIX-5bps,SMIX-05-11-5bps,0.17431821270155567,0.14573605378560317,2.8582158915952505,0.17431821270155567,0.14573605378560317,2.8582158915952505,-0.07629064664838137,-0.083925399946855,0.7634753298473629,5.438982285884769,2.666222296283953,2.7727599896008166,8.349304150818972e-18,0.0,2021
mixed,"[5, 11]",5.0,MMIX-5bps,SMIX-05-11-5bps,0.004485383848562119,-0.1262176582107517,13.070304205931382,0.004485383848562119,-0.1262176582107517,13.070304205931382,-0.1381109595439538,-0.244597296889846,10.648633734589218,6.890950285991315,2.665778296049508,4.225171989941807,0.05577828260680771,7.552522444927407e-17,2022
mixed,"[5, 11]",5.0,MMIX-5bps,SMIX-05-11-5bps,0.02280446066879538,0.04586493656338653,-2.306047589459115,0.02280446066879538,0.04586493656338653,-2.306047589459115,-0.1313293206818692,-0.11107670411485482,-2.025261656701438,6.802250920846848,2.6662222962839524,4.136028624562895,0.0,0.0,2023
mixed,"[5, 11]",5.0,MMIX-5bps,SMIX-05-11-5bps,0.13435134562139694,0.1411501459437332,-0.6798800322336263,0.13435134562139694,0.1411501459437332,-0.6798800322336263,-0.08314145681236029,-0.08308923569531756,-0.0052221117042727805,7.50072459542983,2.665778296049508,4.834946299380322,0.0,0.0,2024
mixed,"[5, 11]",5.0,MMIX-5bps,SMIX-05-11-5bps,0.08514726766437741,0.12300603867728688,-3.7858771012909465,0.08514726766437741,0.12300603867728688,-3.7858771012909465,-0.1427128996092668,-0.13253070673029033,-1.0182192878976482,4.828637442135667,2.0028010414741733,2.825836400661494,0.0,0.0,2025
mixed,"[6, 12]",5.0,MMIX-5bps,SMIX-06-12-5bps,-0.15495025043029598,-0.11398083433759965,-4.096941609269633,-0.15495025043029598,-0.11398083433759965,-4.096941609269633,-0.2300497563530407,-0.21055426369980712,-1.9495492653233581,3.931047572405737,1.9998889444413597,1.9311586279643773,0.1367062014848456,6.545941534920349e-17,2001
mixed,"[6, 12]",5.0,MMIX-5bps,SMIX-06-12-5bps,-0.08166318142772255,-0.12820073221647743,4.653755078875488,-0.08166318142772255,-0.12820073221647743,4.653755078875488,-0.25663732878375933,-0.27516987616865574,1.8532547384896403,3.1160527950598946,2.0152963063484126,1.100756488711482,0.3573197533296108,0.0,2002
mixed,"[6, 12]",5.0,MMIX-5bps,SMIX-06-12-5bps,0.16938212899892413,0.20297860135797552,-3.359647235905139,0.16938212899892413,0.20297860135797552,-3.359647235905139,-0.05795482205340763,-0.0580729053021205,0.011808324871287468,4.069564828827238,2.019671893047655,2.0498929357795825,0.4116599404940028,0.3257270820940017,2003
mixed,"[6, 12]",5.0,MMIX-5bps,SMIX-06-12-5bps,0.14264442174181746,0.1167341965794031,2.591022516241437,0.14264442174181746,0.1167341965794031,2.591022516241437,-0.07322806771370771,-0.07785926120443976,0.4631193490732044,6.8567666188249135,2.6662222962839524,4.190544322540961,3.968742887054963e-17,6.541320931756452e-17,2004
mixed,"[6, 12]",5.0,MMIX-5bps,SMIX-06-12-5bps,0.08508929844726243,0.1829483411398367,-9.78590426925743,0.08508929844726243,0.1829483411398367,-9.78590426925743,-0.10148604341080347,-0.10533392710502176,0.38478836942182904,4.878367325158799,1.3335555925987665,3.544811732560033,0.0,5.52752350810474e-17,2005
mixed,"[6, 12]",5.0,MMIX-5bps,SMIX-06-12-5bps,0.10250581781499069,0.1793845546902435,-7.687873687525282,0.10250581781499069,0.1793845546902435,-7.687873687525282,-0.12533312535215857,-0.07714839270607632,-4.818473264608225,7.510981007640057,2.052451445748285,5.458529561891772,0.0,0.0,2006
mixed,"[6, 12]",5.0,MMIX-5bps,SMIX-06-12-5bps,0.07216033581162584,0.0915058586884181,-1.9345522876792254,0.07216033581162584,0.0915058586884181,-1.9345522876792254,-0.11376623347075032,-0.07697971106985435,-3.678652240089597,6.834703442935975,2.666222296283953,4.168481146652022,0.0,0.0,2007
mixed,"[6, 12]",5.0,MMIX-5bps,SMIX-06-12-5bps,-0.23076589648919832,-0.32074298777248567,8.997709128328735,-0.23076589648919832,-0.32074298777248567,8.997709128328735,-0.28278273909951834,-0.42777105082977995,14.498831173026161,5.889545961733909,2.046903557589443,3.8426424041444665,0.20051826604062656,0.0,2008
mixed,"[6, 12]",5.0,MMIX-5bps,SMIX-06-12-5bps,0.2569826991359656,0.2823139042223535,-2.5331205086387865,0.2569826991359656,0.2823139042223535,-2.5331205086387865,-0.06277792401209437,-0.06624414338409768,0.34662193720033097,3.7110629958900407,1.9995002498750627,1.711562746014978,0.5197341909030646,0.49206349206349204,2009
mixed,"[6, 12]",5.0,MMIX-5bps,SMIX-06-12-5bps,0.12070939654918567,0.13929580369266903,-1.8586407143483363,0.12070939654918567,0.13929580369266903,-1.8586407143483363,-0.16178668932724294,-0.1470715606952302,-1.4715128632012742,5.560331643443049,2.008976355109119,3.5513552883339297,0.0,0.0,2010
mixed,"[6, 12]",5.0,MMIX-5bps,SMIX-06-12-5bps,0.026314369458161346,0.07775617489257236,-5.144180543441101,0.026314369458161346,0.07775617489257236,-5.144180543441101,-0.16796629219481263,-0.1732789818648549,0.5312689670042281,8.790660746500281,1.9998889444413597,6.790771802058922,0.02757993754436951,0.0,2011
mixed,"[6, 12]",5.0,MMIX-5bps,SMIX-06-12-5bps,0.052744523908904384,0.11411823082221839,-6.137370691331401,0.052744523908904384,0.11411823082221839,-6.137370691331401,-0.07359767106840398,-0.06544012211475048,-0.8157548953653504,5.443106539988557,1.3531122940891172,4.08999424589944,3.5618553211645347e-17,0.0,2012
mixed,"[6, 12]",5.0,MMIX-5bps,SMIX-06-12-5bps,0.3329227243800663,0.3898632094381873,-5.694048505812099,0.3329227243800663,0.3898632094381873,-5.694048505812099,-0.07011686328854083,-0.054685329516608316,-1.5431533771932515,4.109668885232568,1.3362162777795779,2.7734526074529904,4.230141135343911e-17,0.0,2013
mixed,"[6, 12]",5.0,MMIX-5bps,SMIX-06-12-5bps,0.11965630241898717,0.008336803424481065,11.13194989945061,0.11965630241898717,0.008336803424481065,11.13194989945061,-0.09104333509053586,-0.11428182759444305,2.3238492503907193,6.084078237961741,2.665778296049508,3.418299941912233,8.20482948470867e-18,0.0,2014
mixed,"[6, 12]",5.0,MMIX-5bps,SMIX-06-12-5bps,0.015106062458801972,0.00134812916251148,1.3757933296290492,0.015106062458801972,0.00134812916251148,1.3757933296290492,-0.11247853984680467,-0.12478031155657976,1.230177170977509,3.4916203316086296,3.332111647892101,0.1595086837165285,0.026643928264875404,0.0,2015
mixed,"[6, 12]",5.0,MMIX-5bps,SMIX-06-12-5bps,0.08639642532980085,0.04639076730071823,4.0005658029082625,0.08639642532980085,0.04639076730071823,4.0005658029082625,-0.0808666523452396,-0.08214839226129622,0.12817399160566234,5.547309214222357,1.9998889444413597,3.547420269780997,0.02849186939663789,0.0,2016
mixed,"[6, 12]",5.0,MMIX-5bps,SMIX-06-12-5bps,0.20423962434710496,0.22796268672087505,-2.3723062373770087,0.20423962434710496,0.22796268672087505,-2.3723062373770087,-0.046527309332223155,-0.054317027384265915,0.778971805204276,6.138190296619479,2.666222296283953,3.471968000335526,0.0,0.0,2017
mixed,"[6, 12]",5.0,MMIX-5bps,SMIX-06-12-5bps,-0.05876281437640385,-0.07763237572065695,1.8869561344253105,-0.05876281437640385,-0.07763237572065695,1.8869561344253105,-0.18700475576131947,-0.24498573757296327,5.798098181164379,5.448895662556254,1.3484104768988385,4.100485185657416,2.3682169824136106e-17,0.0,2018
mixed,"[6, 12]",5.0,MMIX-5bps,SMIX-06-12-5bps,0.2149478165384,0.25267020652922834,-3.772238999082833,0.2149478165384,0.25267020652922834,-3.772238999082833,-0.04840601552041868,-0.04856815698240091,0.016214146198223478,2.845907176665983,2.665778296049508,0.18012888061647514,0.0775373203400958,0.0,2019
mixed,"[6, 12]",5.0,MMIX-5bps,SMIX-06-12-5bps,0.10738373105545129,0.15790676574975726,-5.052303469430597,0.10738373105545129,0.15790676574975726,-5.052303469430597,-0.3026753160366754,-0.3261138685855831,2.34385525489077,5.477408016800366,2.014559521808698,3.4628484949916682,0.0790513833992095,5.948493176901091e-17,2020
mixed,"[6, 12]",5.0,MMIX-5bps,SMIX-06-12-5bps,0.17431821270155567,0.21189044422721692,-3.757223152566125,0.17431821270155567,0.21189044422721692,-3.757223152566125,-0.07629064664838137,-0.06846003855882776,-0.7830608089553603,5.438982285884769,1.9998889444413597,3.4390933414434097,8.349304150818972e-18,0.0,2021
mixed,"[6, 12]",5.0,MMIX-5bps,SMIX-06-12-5bps,0.004485383848562119,-0.19396337594844637,19.84487597970085,0.004485383848562119,-0.19396337594844637,19.84487597970085,-0.1381109595439538,-0.30721719282735604,16.910623328340225,6.890950285991315,3.332111647892101,3.558838638099214,0.05577828260680771,0.0,2022
mixed,"[6, 12]",5.0,MMIX-5bps,SMIX-06-12-5bps,0.02280446066879538,0.09372498150598285,-7.092052083718747,0.02280446066879538,0.09372498150598285,-7.092052083718747,-0.1313293206818692,-0.12590492694238287,-0.5424393739486333,6.802250920846848,2.030031246522271,4.772219674324576,0.0,0.0,2023
mixed,"[6, 12]",5.0,MMIX-5bps,SMIX-06-12-5bps,0.13435134562139694,0.21171236732425847,-7.736102170286152,0.13435134562139694,0.21171236732425847,-7.736102170286152,-0.08314145681236029,-0.09040645903286793,0.7265002220507633,7.50072459542983,1.3518636784591225,6.148860916970707,0.0,0.0,2024
mixed,"[6, 12]",5.0,MMIX-5bps,SMIX-06-12-5bps,0.08514726766437741,0.16730994700522284,-8.216267934084541,0.08514726766437741,0.16730994700522284,-8.216267934084541,-0.1427128996092668,-0.1323494469373061,-1.0363452671960705,4.828637442135667,0.6868364742452528,4.141800967890415,0.0,0.0,2025
mixed,"[1, 7]",10.0,MMIX-10bps,SMIX-01-07-10bps,-0.15660968330629743,-0.08113512716059323,-7.54745561457042,-0.15660968330629743,-0.08113512716059323,-7.54745561457042,-0.23089185104933752,-0.1937051728735404,-3.7186678175797128,3.9302203235487556,2.004795012216738,1.9254253113320177,0.1367062014848456,1.3928512206643027e-16,2001
mixed,"[1, 7]",10.0,MMIX-10bps,SMIX-01-07-10bps,-0.08309285334886796,-0.08995805524447009,0.6865201895602135,-0.08309285334886796,-0.08995805524447009,0.6865201895602135,-0.2566530193210167,-0.1739824365327124,-8.26705827883043,3.115325820820494,1.304778099350559,1.810547721469935,0.3573197533296108,0.45068174271325323,2002
mixed,"[1, 7]",10.0,MMIX-10bps,SMIX-01-07-10bps,0.1670043578346332,0.16324814411786104,0.375621371677215,0.1670043578346332,0.16324814411786104,0.375621371677215,-0.05797366456144126,-0.049067552555605354,-0.8906112005835909,4.068954925770223,2.000419642118532,2.068535283651691,0.41165994049400284,0.3817533020051214,2003
mixed,"[1, 7]",10.0,MMIX-10bps,SMIX-01-07-10bps,0.13873242246466755,0.21522567371558377,-7.649325125091622,0.13873242246466755,0.21522567371558377,-7.649325125091622,-0.07435563891801689,-0.06746587613787458,-0.6889762780142306,6.855191135978124,2.6864618819543766,4.168729254023748,3.1087653784077325e-17,0.0,2004
mixed,"[1, 7]",10.0,MMIX-10bps,SMIX-01-07-10bps,0.08244485946004332,0.08859498257082521,-0.6150123110781891,0.08244485946004332,0.08859498257082521,-0.6150123110781891,-0.10178579780837205,-0.10436206348997223,0.2576265681600187,4.878025584587052,2.67452040703592,2.203505177551132,0.0,0.0,2005
mixed,"[1, 7]",10.0,MMIX-10bps,SMIX-01-07-10bps,0.09837315277772318,0.20094279565117845,-10.256964287345527,0.09837315277772318,0.20094279565117845,-10.256964287345527,-0.12562914636252664,-0.08264384874320119,-4.298529761932546,7.508404950483038,2.0376763596881022,5.470728590794936,0.0,0.0,2006
mixed,"[1, 7]",10.0,MMIX-10bps,SMIX-01-07-10bps,0.06850213806947769,0.02184071786983588,4.666142019964181,0.06850213806947769,0.02184071786983588,4.666142019964181,-0.11496038696622413,-0.14822729965929016,3.326691269306603,6.832780921822186,3.3308910349896688,3.5018898868325175,0.0,0.0,2007
mixed,"[1, 7]",10.0,MMIX-10bps,SMIX-01-07-10bps,-0.23302860302274897,-0.36385473393759404,13.082613091484507,-0.23302860302274897,-0.36385473393759404,13.082613091484507,-0.28402339027345147,-0.48022175463781036,19.61983643643589,5.88884605959163,2.688734309190761,3.200111750400869,0.20051826604062656,0.0,2008
mixed,"[1, 7]",10.0,MMIX-10bps,SMIX-01-07-10bps,0.2546528196788953,0.06267853512103194,19.197428455786337,0.2546528196788953,0.06267853512103194,19.197428455786337,-0.06324606690719325,-0.10972838608955615,4.64823191823629,3.7098261285859393,1.6662225183211192,2.04360361026482,0.5197341909030646,0.6336245501754804,2009
mixed,"[1, 7]",10.0,MMIX-10bps,SMIX-01-07-10bps,0.11759792088653076,0.18427050886588847,-6.667258797935771,0.11759792088653076,0.18427050886588847,-6.667258797935771,-0.162370821280293,-0.1808586872663147,1.84878659860217,5.5589604968370825,1.6907637885463935,3.868196708290689,0.0,0.02277556457922072,2010
mixed,"[1, 7]",10.0,MMIX-10bps,SMIX-01-07-10bps,0.021811852583162317,0.082298704964483,-6.048685238132068,0.021811852583162317,0.082298704964483,-6.048685238132068,-0.16966200052896419,-0.1486284409511478,-2.1033559577816385,8.78891470743074,2.665778073975342,6.123136633455398,0.027579937544369514,8.157316482424157e-18,2011
mixed,"[1, 7]",10.0,MMIX-10bps,SMIX-01-07-10bps,0.0498822703683548,0.12964192162022226,-7.975965125186746,0.0498822703683548,0.12964192162022226,-7.975965125186746,-0.07360968174588112,-0.0695501024272338,-0.40595793186473106,5.442427302113391,0.680357610501031,4.76206969161236,0.0,0.0,2012
mixed,"[1, 7]",10.0,MMIX-10bps,SMIX-01-07-10bps,0.33018584772914195,0.3911183801286058,-6.0932532399463835,0.33018584772914195,0.3911183801286058,-6.0932532399463835,-0.07013709107412203,-0.054744575789032024,-1.5392515285090003,4.1085571080911505,1.3362569759080765,2.772300132183074,2.1842593110688066e-17,5.5160561716879484e-17,2013
mixed,"[1, 7]",10.0,MMIX-10bps,SMIX-01-07-10bps,0.1162538859172344,0.0005389254125351961,11.571496050469921,0.1162538859172344,0.0005389254125351961,11.571496050469921,-0.09165252041160432,-0.12243995573640976,3.0787435324805434,6.083293878557907,2.6678986662038175,3.415395212354089,0.0,6.079198106068828e-17,2014
mixed,"[1, 7]",10.0,MMIX-10bps,SMIX-01-07-10bps,0.013335140381213417,-0.015551947694404822,2.888708807561824,0.013335140381213417,-0.015551947694404822,2.888708807561824,-0.112775938969504,-0.10813738854458854,-0.4638550424915455,3.4911331633032074,2.66489096098966,0.8262422023135474,0.0266439282648754,9.922572038952295e-18,2015
mixed,"[1, 7]",10.0,MMIX-10bps,SMIX-01-07-10bps,0.0833869075926823,0.06325309013909841,2.013381745358389,0.0833869075926823,0.06325309013909841,2.013381745358389,-0.08088932264554416,-0.09388161259483652,1.2992289949292357,5.5458790558952105,2.0215120063424905,3.52436704955272,0.028491869396637885,0.0,2016
mixed,"[1, 7]",10.0,MMIX-10bps,SMIX-01-07-10bps,0.2005479428432464,0.21940364960451597,-1.8855706761269575,0.2005479428432464,0.21940364960451597,-1.8855706761269575,-0.04653762010795903,-0.05472316817609779,0.8185548068138759,6.136511702552193,1.9997779999753331,4.13673370257686,0.0,0.0,2017
mixed,"[1, 7]",10.0,MMIX-10bps,SMIX-01-07-10bps,-0.06132462268434491,-0.08523039223351148,2.3905769549166567,-0.06132462268434491,-0.08523039223351148,2.3905769549166567,-0.1872811843202704,-0.2452084137402365,5.792722941996608,5.448217996259775,1.3409386942318329,4.107279302027942,1.3695059261366885e-17,0.0,2018
mixed,"[1, 7]",10.0,MMIX-10bps,SMIX-01-07-10bps,0.213219446480027,0.24873948456472506,-3.552003808469806,0.213219446480027,0.24873948456472506,-3.552003808469806,-0.04841041051488626,-0.04387649659845172,-0.453391391643454,2.8459580717753,2.0223011421829584,0.8236569295923415,0.0775373203400958,0.32213162916856614,2019
mixed,"[1, 7]",10.0,MMIX-10bps,SMIX-01-07-10bps,0.10435398872323698,0.21459721415210398,-11.0243225428867,0.10435398872323698,0.21459721415210398,-11.0243225428867,-0.3026807071054325,-0.30243150459353496,-0.02492025118975283,5.476793291150342,1.3734144818293583,4.103378809320984,0.07905138339920952,0.0,2020
mixed,"[1, 7]",10.0,MMIX-10bps,SMIX-01-07-10bps,0.1711283253095306,0.25049330184387375,-7.936497653434316,0.1711283253095306,0.25049330184387375,-7.936497653434316,-0.07629600383323076,-0.06844291103178812,-0.785309280144264,5.437867308086127,1.9997779999753336,3.4380893081107935,1.9795950875571135e-17,0.0,2021
mixed,"[1, 7]",10.0,MMIX-10bps,SMIX-01-07-10bps,0.001029814444464261,-0.03036583398840642,3.139564843287068,0.001029814444464261,-0.03036583398840642,3.139564843287068,-0.1381109595439538,-0.1848965250108341,4.678556546688029,6.889149375997201,3.330891034989669,3.558258341007532,0.05577828260680771,5.028141954462457e-17,2022
mixed,"[1, 7]",10.0,MMIX-10bps,SMIX-01-07-10bps,0.019330861816638123,0.048279116797022015,-2.894825498038389,0.019330861816638123,0.048279116797022015,-2.894825498038389,-0.1324886059100462,-0.13781228201821905,0.5323676108172859,6.800693520257066,2.727467291508291,4.073226228748775,0.0,9.092793202338907e-18,2023
mixed,"[1, 7]",10.0,MMIX-10bps,SMIX-01-07-10bps,0.13010422298010615,0.141996599241079,-1.1892376260972837,0.13010422298010615,0.141996599241079,-1.1892376260972837,-0.08315076655359155,-0.0971659897335988,1.4015223180007252,7.499246256380071,1.379485472778683,6.1197607836013885,0.0,0.0,2024
mixed,"[1, 7]",10.0,MMIX-10bps,SMIX-01-07-10bps,0.08253033462225035,0.10532039464940657,-2.2790060027156223,0.08253033462225035,0.10532039464940657,-2.2790060027156223,-0.1433041028278551,-0.15117126364275113,0.7867160814896024,4.827615296617899,2.006710152535158,2.820905144082741,0.0,0.0,2025
mixed,"[2, 8]",10.0,MMIX-10bps,SMIX-02-08-10bps,-0.15660968330629743,-0.0920153319752699,-6.459435133102753,-0.15660968330629743,-0.0920153319752699,-6.459435133102753,-0.23089185104933752,-0.22336137630010855,-0.7530474749228966,3.9302203235487556,2.0403658530142774,1.8898544705344782,0.1367062014848456,0.0,2001
mixed,"[2, 8]",10.0,MMIX-10bps,SMIX-02-08-10bps,-0.08309285334886796,-0.07020212025848749,-1.2890733090380468,-0.08309285334886796,-0.07020212025848749,-1.2890733090380468,-0.2566530193210167,-0.17098750446505806,-8.566551485595863,3.115325820820494,0.9650598938681074,2.150265926952387,0.3573197533296108,0.5079743901465099,2002
mixed,"[2, 8]",10.0,MMIX-10bps,SMIX-02-08-10bps,0.1670043578346332,0.1154618674477883,5.154249038684489,0.1670043578346332,0.1154618674477883,5.154249038684489,-0.05797366456144126,-0.056015904208169265,-0.19577603532719978,4.068954925770223,0.9990009990009991,3.069953926769224,0.41165994049400284,0.6626984126984127,2003
mixed,"[2, 8]",10.0,MMIX-10bps,SMIX-02-08-10bps,0.13873242246466755,0.21169329105424417,-7.296086858957662,0.13873242246466755,0.21169329105424417,-7.296086858957662,-0.07435563891801689,-0.05892270729599969,-1.5432931622017199,6.855191135978124,2.012516210727307,4.842674925250817,3.1087653784077325e-17,0.0,2004
mixed,"[2, 8]",10.0,MMIX-10bps,SMIX-02-08-10bps,0.08244485946004332,0.17004215680406465,-8.759729734402132,0.08244485946004332,0.17004215680406465,-8.759729734402132,-0.10178579780837205,-0.1042314393314614,0.2445641523089348,4.878025584587052,0.7521285471722642,4.125897037414788,0.0,0.0,2005
mixed,"[2, 8]",10.0,MMIX-10bps,SMIX-02-08-10bps,0.09837315277772318,0.15454381459614397,-5.617066181842079,0.09837315277772318,0.15454381459614397,-5.617066181842079,-0.12562914636252664,-0.08506788667889897,-4.0561259683627675,7.508404950483038,2.66718946629973,4.841215484183308,0.0,0.0,2006
mixed,"[2, 8]",10.0,MMIX-10bps,SMIX-02-08-10bps,0.06850213806947769,0.029998001876377467,3.8504136193100225,0.06850213806947769,0.029998001876377467,3.8504136193100225,-0.11496038696622413,-0.10746032168536068,-0.7500065280863444,6.832780921822186,2.6953350407441037,4.137445881078083,0.0,0.0,2007
mixed,"[2, 8]",10.0,MMIX-10bps,SMIX-02-08-10bps,-0.23302860302274897,-0.36276342289007124,12.973481986732228,-0.23302860302274897,-0.36276342289007124,12.973481986732228,-0.28402339027345147,-0.4565475687654015,17.252417849195,5.88884605959163,1.380744755144898,4.508101304446733,0.20051826604062656,0.0,2008
mixed,"[2, 8]",10.0,MMIX-10bps,SMIX-02-08-10bps,0.2546528196788953,-0.03856046062276941,29.32132803016647,0.2546528196788953,-0.03856046062276941,29.32132803016647,-0.06324606690719325,-0.21176787021023946,14.85218033030462,3.7098261285859393,1.999000999000999,1.7108251295849404,0.5197341909030646,0.5079365079365079,2009
mixed,"[2, 8]",10.0,MMIX-10bps,SMIX-02-08-10bps,0.11759792088653076,0.15558271539280422,-3.7984794506273456,0.11759792088653076,0.15558271539280422,-3.7984794506273456,-0.162370821280293,-0.14440636799666096,-1.7964453283632054,5.5589604968370825,1.3465349289091735,4.212425567927909,0.0,0.0,2010
mixed,"[2, 8]",10.0,MMIX-10bps,SMIX-02-08-10bps,0.021811852583162317,-0.024401069611189263,4.621292219435158,0.021811852583162317,-0.024401069611189263,4.621292219435158,-0.16966200052896419,-0.22070459611816273,5.104259558919855,8.78891470743074,2.6784933679663414,6.1104213394643985,0.027579937544369514,0.0,2011
mixed,"[2, 8]",10.0,MMIX-10bps,SMIX-02-08-10bps,0.0498822703683548,0.16023833518818598,-11.035606481983118,0.0498822703683548,0.16023833518818598,-11.035606481983118,-0.07360968174588112,-0.06976250601950773,-0.38471757263733863,5.442427302113391,1.357214355678591,4.085212946434799,0.0,0.0,2012
mixed,"[2, 8]",10.0,MMIX-10bps,SMIX-02-08-10bps,0.33018584772914195,0.4081334534479115,-7.7947605718769575,0.33018584772914195,0.4081334534479115,-7.7947605718769575,-0.07013709107412203,-0.05474070566580924,-1.5396385408312785,4.1085571080911505,1.3426544181789726,2.7659026899121777,2.1842593110688066e-17,0.0,2013
mixed,"[2, 8]",10.0,MMIX-10bps,SMIX-02-08-10bps,0.1162538859172344,0.04994557637995389,6.630830953728051,0.1162538859172344,0.04994557637995389,6.630830953728051,-0.09165252041160432,-0.0995049928236128,0.7852472412008482,6.083293878557907,2.0008496069016073,4.0824442716563,0.0,5.659598893909642e-17,2014
mixed,"[2, 8]",10.0,MMIX-10bps,SMIX-02-08-10bps,0.013335140381213417,0.05539765106007555,-4.206251067886213,0.013335140381213417,0.05539765106007555,-4.206251067886213,-0.112775938969504,-0.10241563844418644,-1.0360300525317556,3.4911331633032074,2.0045647271024265,1.486568436200781,0.0266439282648754,0.0,2015
mixed,"[2, 8]",10.0,MMIX-10bps,SMIX-02-08-10bps,0.0833869075926823,0.01579610094266992,6.759080665001238,0.0833869075926823,0.01579610094266992,6.759080665001238,-0.08088932264554416,-0.08708647086326549,0.6197148217721327,5.5458790558952105,1.3484201226319752,4.197458933263235,0.028491869396637885,0.16332821915295745,2016
mixed,"[2, 8]",10.0,MMIX-10bps,SMIX-02-08-10bps,0.2005479428432464,0.25637891442007743,-5.583097157683103,0.2005479428432464,0.25637891442007743,-5.583097157683103,-0.04653762010795903,-0.04633125404785887,-0.020636606010016045,6.136511702552193,1.3789172581306928,4.7575944444215,0.0,0.0,2017
mixed,"[2, 8]",10.0,MMIX-10bps,SMIX-02-08-10bps,-0.06132462268434491,-0.07865688572705365,1.733226304270874,-0.06132462268434491,-0.07865688572705365,1.733226304270874,-0.1872811843202704,-0.24630106185371503,5.9019877533444625,5.448217996259775,1.350113454801325,4.09810454145845,1.3695059261366885e-17,5.172649821092957e-17,2018
mixed,"[2, 8]",10.0,MMIX-10bps,SMIX-02-08-10bps,0.213219446480027,0.28107340094128386,-6.785395446125686,0.213219446480027,0.28107340094128386,-6.785395446125686,-0.04841041051488626,-0.02930513258373102,-1.910527793115524,2.8459580717753,2.6758087382469755,0.1701493335283244,0.0775373203400958,0.16718747997173983,2019
mixed,"[2, 8]",10.0,MMIX-10bps,SMIX-02-08-10bps,0.10435398872323698,0.18388703901798453,-7.953305029474755,0.10435398872323698,0.18388703901798453,-7.953305029474755,-0.3026807071054325,-0.30318692572714756,0.050621862171507104,5.476793291150342,1.3979829296021875,4.078810361548154,0.07905138339920952,4.1963962835507236e-17,2020
mixed,"[2, 8]",10.0,MMIX-10bps,SMIX-02-08-10bps,0.1711283253095306,0.2289344413997616,-5.780611609023101,0.1711283253095306,0.2289344413997616,-5.780611609023101,-0.07629600383323076,-0.07583246066172533,-0.04635431715054317,5.437867308086127,1.3434606493679089,4.094406658718218,1.9795950875571135e-17,1.718366842080593e-17,2021
mixed,"[2, 8]",10.0,MMIX-10bps,SMIX-02-08-10bps,0.001029814444464261,0.06005947364593767,-5.902965920147341,0.001029814444464261,0.06005947364593767,-5.902965920147341,-0.1381109595439538,-0.14290747733003717,0.4796517786083365,6.889149375997201,2.053941367818451,4.83520800817875,0.05577828260680771,0.0,2022
mixed,"[2, 8]",10.0,MMIX-10bps,SMIX-02-08-10bps,0.019330861816638123,0.07721174084980187,-5.788087903316375,0.019330861816638123,0.07721174084980187,-5.788087903316375,-0.1324886059100462,-0.13122486146797918,-0.12637444420670052,6.800693520257066,2.6657780739753414,4.134915446281724,0.0,0.0,2023
mixed,"[2, 8]",10.0,MMIX-10bps,SMIX-02-08-10bps,0.13010422298010615,0.1384844573658417,-0.8380234385735541,0.13010422298010615,0.1384844573658417,-0.8380234385735541,-0.08315076655359155,-0.07964934920616595,-0.3501417347425595,7.499246256380071,2.002000345433494,5.497245910946577,0.0,4.761248883738816e-17,2024
mixed,"[2, 8]",10.0,MMIX-10bps,SMIX-02-08-10bps,0.08253033462225035,0.19947347744295052,-11.694314282070017,0.08253033462225035,0.19947347744295052,-11.694314282070017,-0.1433041028278551,-0.13765003735251224,-0.5654065475342862,4.827615296617899,2.0016912387583297,2.8259240578595692,0.0,2.1937895131794725e-17,2025
mixed,"[3, 9]",10.0,MMIX-10bps,SMIX-03-09-10bps,-0.15660968330629743,-0.03949813934299762,-11.711154396329981,-0.15660968330629743,-0.03949813934299762,-11.711154396329981,-0.23089185104933752,-0.23022405561039128,-0.06677954389462393,3.9302203235487556,2.6657780739753414,1.2644422495734142,0.1367062014848456,0.0,2001
mixed,"[3, 9]",10.0,MMIX-10bps,SMIX-03-09-10bps,-0.08309285334886796,-0.13927823998495859,5.618538663609063,-0.08309285334886796,-0.13927823998495859,5.618538663609063,-0.2566530193210167,-0.2567746722239622,0.012165290294552378,3.115325820820494,1.3337779259753249,1.7815478948451693,0.3573197533296108,0.1661731146683769,2002
mixed,"[3, 9]",10.0,MMIX-10bps,SMIX-03-09-10bps,0.1670043578346332,0.16169026546659793,0.5314092368035261,0.1670043578346332,0.16169026546659793,0.5314092368035261,-0.05797366456144126,-0.0354524979640658,-2.2521166597375464,4.068954925770223,1.3441877969611344,2.7247671288090887,0.41165994049400284,0.6637673536583116,2003
mixed,"[3, 9]",10.0,MMIX-10bps,SMIX-03-09-10bps,0.13873242246466755,0.16858844137865137,-2.9856018913983817,0.13873242246466755,0.16858844137865137,-2.9856018913983817,-0.07435563891801689,-0.08877677374451953,1.4421134826502646,6.855191135978124,2.665778073975341,4.189413062002783,3.1087653784077325e-17,6.801189554191139e-17,2004
mixed,"[3, 9]",10.0,MMIX-10bps,SMIX-03-09-10bps,0.08244485946004332,0.15641061462253125,-7.396575516248793,0.08244485946004332,0.15641061462253125,-7.396575516248793,-0.10178579780837205,-0.10108141095909107,-0.07043868492809802,4.878025584587052,1.3337779259753249,3.544247658611727,0.0,0.0,2005
mixed,"[3, 9]",10.0,MMIX-10bps,SMIX-03-09-10bps,0.09837315277772318,0.11743880777248727,-1.9065654994764092,0.09837315277772318,0.11743880777248727,-1.9065654994764092,-0.12562914636252664,-0.10195888256278263,-2.367026379974402,7.508404950483038,3.330891034989669,4.1775139154933685,0.0,0.0,2006
mixed,"[3, 9]",10.0,MMIX-10bps,SMIX-03-09-10bps,0.06850213806947769,0.09818742524278923,-2.9685287173311536,0.06850213806947769,0.09818742524278923,-2.9685287173311536,-0.11496038696622413,-0.09043661110250334,-2.4523775863720787,6.832780921822186,2.6823970794576404,4.150383842364546,0.0,0.0,2007
mixed,"[3, 9]",10.0,MMIX-10bps,SMIX-03-09-10bps,-0.23302860302274897,-0.21988008696110484,-1.3148516061644133,-0.23302860302274897,-0.21988008696110484,-1.3148516061644133,-0.28402339027345147,-0.2629238228716585,-2.1099567401792974,5.88884605959163,1.9997779999753331,3.889068059616297,0.20051826604062656,0.17639597726569642,2008
mixed,"[3, 9]",10.0,MMIX-10bps,SMIX-03-09-10bps,0.2546528196788953,0.05658501728373522,19.80678023951601,0.2546528196788953,0.05658501728373522,19.80678023951601,-0.06324606690719325,-0.06587830152812468,0.26322346209314285,3.7098261285859393,1.2778921286558869,2.4319339999300524,0.5197341909030646,0.6771625020216002,2009
mixed,"[3, 9]",10.0,MMIX-10bps,SMIX-03-09-10bps,0.11759792088653076,0.13639874362256177,-1.8800822736031009,0.11759792088653076,0.13639874362256177,-1.8800822736031009,-0.162370821280293,-0.15344981370987232,-0.8921007570420691,5.5589604968370825,2.0030467250640314,3.555913771773051,0.0,0.0,2010
mixed,"[3, 9]",10.0,MMIX-10bps,SMIX-03-09-10bps,0.021811852583162317,-0.09342654344008161,11.523839602324394,0.021811852583162317,-0.09342654344008161,11.523839602324394,-0.16966200052896419,-0.2351867249606694,6.552472443170521,8.78891470743074,3.330891034989669,5.458023672441071,0.027579937544369514,0.0,2011
mixed,"[3, 9]",10.0,MMIX-10bps,SMIX-03-09-10bps,0.0498822703683548,0.06316046580713897,-1.3278195438784168,0.0498822703683548,0.06316046580713897,-1.3278195438784168,-0.07360968174588112,-0.07696079860758731,0.33511168617061937,5.442427302113391,2.009089462754426,3.433337839358965,0.0,0.0,2012
mixed,"[3, 9]",10.0,MMIX-10bps,SMIX-03-09-10bps,0.33018584772914195,0.28674935382766265,4.34364939014793,0.33018584772914195,0.28674935382766265,4.34364939014793,-0.07013709107412203,-0.07026504304509684,0.012795197097481559,4.1085571080911505,1.9997779999753333,2.108779108115817,2.1842593110688066e-17,0.0,2013
mixed,"[3, 9]",10.0,MMIX-10bps,SMIX-03-09-10bps,0.1162538859172344,0.12572350469733484,-0.9469618780100442,0.1162538859172344,0.12572350469733484,-0.9469618780100442,-0.09165252041160432,-0.08267956514813635,-0.8972955263467974,6.083293878557907,1.3337779259753249,4.749515952582582,0.0,3.2630173804749984e-17,2014
mixed,"[3, 9]",10.0,MMIX-10bps,SMIX-03-09-10bps,0.013335140381213417,0.06515450799387068,-5.181936761265726,0.013335140381213417,0.06515450799387068,-5.181936761265726,-0.112775938969504,-0.10818085822514445,-0.45950807443595476,3.4911331633032074,1.3634957512910753,2.127637412012132,0.0266439282648754,6.009163711083202e-17,2015
mixed,"[3, 9]",10.0,MMIX-10bps,SMIX-03-09-10bps,0.0833869075926823,0.08591878831382838,-0.25318807211460737,0.0833869075926823,0.08591878831382838,-0.25318807211460737,-0.08088932264554416,-0.08773377267346394,0.684445002791978,5.5458790558952105,2.6657780739753414,2.880100981919869,0.028491869396637885,1.1650698558731976e-16,2016
mixed,"[3, 9]",10.0,MMIX-10bps,SMIX-03-09-10bps,0.2005479428432464,0.27841867880907323,-7.787073596582683,0.2005479428432464,0.27841867880907323,-7.787073596582683,-0.04653762010795903,-0.03357882691455616,-1.2958793193402873,6.136511702552193,0.6754662301925687,5.461045472359624,0.0,2.5589132730156362e-17,2017
mixed,"[3, 9]",10.0,MMIX-10bps,SMIX-03-09-10bps,-0.06132462268434491,-0.0402385611264412,-2.1086061557903713,-0.06132462268434491,-0.0402385611264412,-2.1086061557903713,-0.1872811843202704,-0.207294855992895,2.001367167262458,5.448217996259775,1.3347258033273657,4.113492192932409,1.3695059261366885e-17,0.0,2018
mixed,"[3, 9]",10.0,MMIX-10bps,SMIX-03-09-10bps,0.213219446480027,0.30105406555512415,-8.783461907509714,0.213219446480027,0.30105406555512415,-8.783461907509714,-0.04841041051488626,-0.03894315262576542,-0.9467257889120839,2.8459580717753,2.0044521635409525,0.8415059082343475,0.0775373203400958,3.6121030189176877e-17,2019
mixed,"[3, 9]",10.0,MMIX-10bps,SMIX-03-09-10bps,0.10435398872323698,0.1912917511754415,-8.693776245220452,0.10435398872323698,0.1912917511754415,-8.693776245220452,-0.3026807071054325,-0.3034308536452538,0.07501465398213059,5.476793291150342,1.3877488909952034,4.089044400155139,0.07905138339920952,3.4227178766097625e-17,2020
mixed,"[3, 9]",10.0,MMIX-10bps,SMIX-03-09-10bps,0.1711283253095306,0.22403485710739823,-5.290653179786764,0.1711283253095306,0.22403485710739823,-5.290653179786764,-0.07629600383323076,-0.07601731845749049,-0.027868537574027297,5.437867308086127,2.6657780739753414,2.7720892341107857,1.9795950875571135e-17,0.0,2021
mixed,"[3, 9]",10.0,MMIX-10bps,SMIX-03-09-10bps,0.001029814444464261,0.0018343479453410971,-0.08045335008768362,0.001029814444464261,0.0018343479453410971,-0.08045335008768362,-0.1381109595439538,-0.13047575571144288,-0.7635203832510928,6.889149375997201,2.023587549330183,4.865561826667018,0.05577828260680771,0.0,2022
mixed,"[3, 9]",10.0,MMIX-10bps,SMIX-03-09-10bps,0.019330861816638123,0.08729383432029003,-6.796297250365191,0.019330861816638123,0.08729383432029003,-6.796297250365191,-0.1324886059100462,-0.09910800754921834,-3.338059836082785,6.800693520257066,2.004031248274821,4.796662271982244,0.0,0.0,2023
mixed,"[3, 9]",10.0,MMIX-10bps,SMIX-03-09-10bps,0.13010422298010615,0.18648747858985337,-5.638325560974722,0.13010422298010615,0.18648747858985337,-5.638325560974722,-0.08315076655359155,-0.09259074113434917,0.9439974580757626,7.499246256380071,1.9997779999753331,5.499468256404738,0.0,3.601569855589015e-17,2024
mixed,"[3, 9]",10.0,MMIX-10bps,SMIX-03-09-10bps,0.08253033462225035,0.1276749508042998,-4.514461618204946,0.08253033462225035,0.1276749508042998,-4.514461618204946,-0.1433041028278551,-0.10251043181182029,-4.079367101603482,4.827615296617899,1.3808021728965403,3.4468131237213586,0.0,6.699742097636516e-17,2025
mixed,"[4, 10]",10.0,MMIX-10bps,SMIX-04-10-10bps,-0.15660968330629743,-0.09390770639242008,-6.270197691387736,-0.15660968330629743,-0.09390770639242008,-6.270197691387736,-0.23089185104933752,-0.1468524753481104,-8.40393757012271,3.9302203235487556,1.3663714330543106,2.563848890494445,0.1367062014848456,0.10954255332683127,2001
mixed,"[4, 10]",10.0,MMIX-10bps,SMIX-04-10-10bps,-0.08309285334886796,-0.1508656393614517,6.777278601258374,-0.08309285334886796,-0.1508656393614517,6.777278601258374,-0.2566530193210167,-0.2563169496097204,-0.033606971129629404,3.115325820820494,2.0006684690403826,1.1146573517801115,0.3573197533296108,0.3229001449854567,2002
mixed,"[4, 10]",10.0,MMIX-10bps,SMIX-04-10-10bps,0.1670043578346332,0.12289300207658993,4.411135575804326,0.1670043578346332,0.12289300207658993,4.411135575804326,-0.05797366456144126,-0.03463121633790156,-2.3342448223539702,4.068954925770223,1.3426862644999238,2.726268661270299,0.41165994049400284,0.728676872950735,2003
mixed,"[4, 10]",10.0,MMIX-10bps,SMIX-04-10-10bps,0.13873242246466755,0.17523502306416971,-3.6502600599502166,0.13873242246466755,0.17523502306416971,-3.6502600599502166,-0.07435563891801689,-0.07088855576355324,-0.3467083154463646,6.855191135978124,1.360837375856866,5.494353760121259,3.1087653784077325e-17,6.659937910961254e-17,2004
mixed,"[4, 10]",10.0,MMIX-10bps,SMIX-04-10-10bps,0.08244485946004332,0.178657218028357,-9.621235856831367,0.08244485946004332,0.178657218028357,-9.621235856831367,-0.10178579780837205,-0.11039856777700041,0.8612769968628364,4.878025584587052,1.3505628778359065,3.5274627067511455,0.0,0.0,2005
mixed,"[4, 10]",10.0,MMIX-10bps,SMIX-04-10-10bps,0.09837315277772318,0.08989820235500523,0.8474950422717953,0.09837315277772318,0.08989820235500523,0.8474950422717953,-0.12562914636252664,-0.10673044262722664,-1.8898703735300004,7.508404950483038,3.330891034989669,4.1775139154933685,0.0,0.0,2006
mixed,"[4, 10]",10.0,MMIX-10bps,SMIX-04-10-10bps,0.06850213806947769,0.11028744083379238,-4.178530276431469,0.06850213806947769,0.11028744083379238,-4.178530276431469,-0.11496038696622413,-0.09086924035492872,-2.409114661129541,6.832780921822186,3.330994307519884,3.5017866143023024,0.0,0.0,2007
mixed,"[4, 10]",10.0,MMIX-10bps,SMIX-04-10-10bps,-0.23302860302274897,-0.31104936572802344,7.802076270527447,-0.23302860302274897,-0.31104936572802344,7.802076270527447,-0.28402339027345147,-0.4342713842948227,15.024799402137123,5.88884605959163,1.9997779999753336,3.8890680596162968,0.20051826604062656,0.10958776573206463,2008
mixed,"[4, 10]",10.0,MMIX-10bps,SMIX-04-10-10bps,0.2546528196788953,0.06112483591628015,19.352798376261514,0.2546528196788953,0.06112483591628015,19.352798376261514,-0.06324606690719325,-0.06707382255926841,0.382775565207516,3.7098261285859393,1.3119321119227911,2.397894016663148,0.5197341909030646,0.7329534334806994,2009
mixed,"[4, 10]",10.0,MMIX-10bps,SMIX-04-10-10bps,0.11759792088653076,0.07744280787699331,4.015511300953745,0.11759792088653076,0.07744280787699331,4.015511300953745,-0.162370821280293,-0.15680214523227742,-0.5568676048015586,5.5589604968370825,2.0211120949560626,3.53784840188102,0.0,0.0,2010
mixed,"[4, 10]",10.0,MMIX-10bps,SMIX-04-10-10bps,0.021811852583162317,-0.0011182874763148165,2.2930140059477133,0.021811852583162317,-0.0011182874763148165,2.2930140059477133,-0.16966200052896419,-0.20518890344581842,3.552690291685423,8.78891470743074,2.333828717666818,6.455085989763922,0.027579937544369514,0.05461537084862463,2011
mixed,"[4, 10]",10.0,MMIX-10bps,SMIX-04-10-10bps,0.0498822703683548,0.046681886010370155,0.32003843579846425,0.0498822703683548,0.046681886010370155,0.32003843579846425,-0.07360968174588112,-0.07363297586342732,0.002329411754620203,5.442427302113391,1.6870225559036922,3.7554047462096984,0.0,0.10480906707853938,2012
mixed,"[4, 10]",10.0,MMIX-10bps,SMIX-04-10-10bps,0.33018584772914195,0.2987702600985598,3.1415587630582165,0.33018584772914195,0.2987702600985598,3.1415587630582165,-0.07013709107412203,-0.06997502980043735,-0.016206127368467715,4.1085571080911505,2.0052056786282417,2.1033514294629088,2.1842593110688066e-17,0.0,2013
mixed,"[4, 10]",10.0,MMIX-10bps,SMIX-04-10-10bps,0.1162538859172344,0.1555331256323078,-3.927923971507341,0.1162538859172344,0.1555331256323078,-3.927923971507341,-0.09165252041160432,-0.07468822283569565,-1.6964297575908671,6.083293878557907,1.3337779259753253,4.749515952582581,0.0,2.1939053797449043e-17,2014
mixed,"[4, 10]",10.0,MMIX-10bps,SMIX-04-10-10bps,0.013335140381213417,0.06258858115246357,-4.925344077125016,0.013335140381213417,0.06258858115246357,-4.925344077125016,-0.112775938969504,-0.10819638654898345,-0.45795524205205496,3.4911331633032074,1.6664447407902057,1.8246884225130018,0.0266439282648754,0.055853975467626535,2015
mixed,"[4, 10]",10.0,MMIX-10bps,SMIX-04-10-10bps,0.0833869075926823,0.12409936516962405,-4.071245757694175,0.0833869075926823,0.12409936516962405,-4.071245757694175,-0.08088932264554416,-0.0474402199561873,-3.3449102689356858,5.5458790558952105,1.6894688871528518,3.8564101687423586,0.028491869396637885,0.10945063287041681,2016
mixed,"[4, 10]",10.0,MMIX-10bps,SMIX-04-10-10bps,0.2005479428432464,0.27947298968461487,-7.892504684136847,0.2005479428432464,0.27947298968461487,-7.892504684136847,-0.04653762010795903,-0.02626776674280973,-2.0269853365149304,6.136511702552193,2.023885451277084,4.112626251275109,0.0,0.0,2017
mixed,"[4, 10]",10.0,MMIX-10bps,SMIX-04-10-10bps,-0.06132462268434491,-0.0772319045995622,1.5907281915217286,-0.06132462268434491,-0.0772319045995622,1.5907281915217286,-0.1872811843202704,-0.2034090416346802,1.61278573144098,5.448217996259775,2.664890960989661,2.783327035270114,1.3695059261366885e-17,0.0,2018
mixed,"[4, 10]",10.0,MMIX-10bps,SMIX-04-10-10bps,0.213219446480027,0.33668432336089826,-12.346487688087127,0.213219446480027,0.33668432336089826,-12.346487688087127,-0.04841041051488626,-0.04835643906123166,-0.005397145365459988,2.8459580717753,1.3519994301290594,1.4939586416462405,0.0775373203400958,0.0,2019
mixed,"[4, 10]",10.0,MMIX-10bps,SMIX-04-10-10bps,0.10435398872323698,0.039670185013581216,6.468380370965576,0.10435398872323698,0.039670185013581216,6.468380370965576,-0.3026807071054325,-0.303321247863123,0.06405407576904887,5.476793291150342,1.999000999000999,3.477792292149343,0.07905138339920952,0.5059288537549407,2020
mixed,"[4, 10]",10.0,MMIX-10bps,SMIX-04-10-10bps,0.1711283253095306,0.1361395210319607,3.4988804277569896,0.1711283253095306,0.1361395210319607,3.4988804277569896,-0.07629600383323076,-0.07639677465968464,0.010077082645387758,5.437867308086127,3.330891034989669,2.106976273096458,1.9795950875571135e-17,0.0,2021
mixed,"[4, 10]",10.0,MMIX-10bps,SMIX-04-10-10bps,0.001029814444464261,0.12286793177355126,-12.183811732908701,0.001029814444464261,0.12286793177355126,-12.183811732908701,-0.1381109595439538,-0.1462736954773166,0.8162735933362808,6.889149375997201,1.3800348636799071,5.509114512317294,0.05577828260680771,0.11259951406771622,2022
mixed,"[4, 10]",10.0,MMIX-10bps,SMIX-04-10-10bps,0.019330861816638123,0.14411838231215324,-12.478752049551511,0.019330861816638123,0.14411838231215324,-12.478752049551511,-0.1324886059100462,-0.08469059313663485,-4.779801277341134,6.800693520257066,1.3496270391155674,5.451066481141498,0.0,0.2198466267624357,2023
mixed,"[4, 10]",10.0,MMIX-10bps,SMIX-04-10-10bps,0.13010422298010615,0.17340390767878922,-4.329968469868306,0.13010422298010615,0.17340390767878922,-4.329968469868306,-0.08315076655359155,-0.09312807025215619,0.9977303698564643,7.499246256380071,2.014237251262872,5.485009005117199,0.0,0.0,2024
mixed,"[4, 10]",10.0,MMIX-10bps,SMIX-04-10-10bps,0.08253033462225035,0.05623957634285848,2.629075827939187,0.08253033462225035,0.05623957634285848,2.629075827939187,-0.1433041028278551,-0.1332613369429979,-1.0042765884857197,4.827615296617899,2.668777921948802,2.1588373746690968,0.0,0.0,2025
mixed,"[5, 11]",10.0,MMIX-10bps,SMIX-05-11-10bps,-0.15660968330629743,-0.12988682758297632,-2.6722855723321115,-0.15660968330629743,-0.12988682758297632,-2.6722855723321115,-0.23089185104933752,-0.21105652844614142,-1.9835322603196093,3.9302203235487556,2.3504115255959395,1.5798087979528161,0.1367062014848456,0.0806451612903227,2001
mixed,"[5, 11]",10.0,MMIX-10bps,SMIX-05-11-10bps,-0.08309285334886796,-0.10251070113718885,1.9417847788320897,-0.08309285334886796,-0.10251070113718885,1.9417847788320897,-0.2566530193210167,-0.23993060529388544,-1.672241402713126,3.115325820820494,1.6658899619886616,1.4494358588318326,0.3573197533296108,0.46880060229978593,2002
mixed,"[5, 11]",10.0,MMIX-10bps,SMIX-05-11-10bps,0.1670043578346332,0.09212692712941939,7.48774307052138,0.1670043578346332,0.09212692712941939,7.48774307052138,-0.05797366456144126,-0.03585640625794506,-2.21172583034962,4.068954925770223,1.3414677918795639,2.727487133890659,0.41165994049400284,0.6135770046691418,2003
mixed,"[5, 11]",10.0,MMIX-10bps,SMIX-05-11-10bps,0.13873242246466755,0.13043703414985153,0.8295388314816021,0.13873242246466755,0.13043703414985153,0.8295388314816021,-0.07435563891801689,-0.09771086193626433,2.335522301824744,6.855191135978124,2.6648909609896605,4.190300174988463,3.1087653784077325e-17,0.0,2004
mixed,"[5, 11]",10.0,MMIX-10bps,SMIX-05-11-10bps,0.08244485946004332,0.16967252981481185,-8.722767035476853,0.08244485946004332,0.16967252981481185,-8.722767035476853,-0.10178579780837205,-0.10688762878155378,0.5101830973181731,4.878025584587052,1.348355051273704,3.5296705333133476,0.0,9.37750126216098e-18,2005
mixed,"[5, 11]",10.0,MMIX-10bps,SMIX-05-11-10bps,0.09837315277772318,0.15365707868464873,-5.528392590692555,0.09837315277772318,0.15365707868464873,-5.528392590692555,-0.12562914636252664,-0.1101708755650127,-1.545827079751394,7.508404950483038,3.3308910349896688,4.177513915493369,0.0,4.460210137649743e-17,2006
mixed,"[5, 11]",10.0,MMIX-10bps,SMIX-05-11-10bps,0.06850213806947769,0.17662018619047637,-10.811804812099869,0.06850213806947769,0.17662018619047637,-10.811804812099869,-0.11496038696622413,-0.07647708752438465,-3.848329944183948,6.832780921822186,2.673579350209851,4.159201571612336,0.0,0.0,2007
mixed,"[5, 11]",10.0,MMIX-10bps,SMIX-05-11-10bps,-0.23302860302274897,-0.421931269979806,18.890266695705705,-0.23302860302274897,-0.421931269979806,18.890266695705705,-0.28402339027345147,-0.5331498346880116,24.91264444145601,5.88884605959163,1.6669272431519873,4.2219188164396435,0.20051826604062656,0.08695652173913043,2008
mixed,"[5, 11]",10.0,MMIX-10bps,SMIX-05-11-10bps,0.2546528196788953,0.02440853869663928,23.024428098225602,0.2546528196788953,0.02440853869663928,23.024428098225602,-0.06324606690719325,-0.016007443185795722,-4.723862372139753,3.7098261285859393,0.9990009990009991,2.71082512958494,0.5197341909030646,0.9126984126984127,2009
mixed,"[5, 11]",10.0,MMIX-10bps,SMIX-05-11-10bps,0.11759792088653076,0.18709717999707998,-6.949925911054922,0.11759792088653076,0.18709717999707998,-6.949925911054922,-0.162370821280293,-0.1594902600454886,-0.2880561234804402,5.5589604968370825,1.363704896007842,4.19525560082924,0.0,1.0474256045341017e-17,2010
mixed,"[5, 11]",10.0,MMIX-10bps,SMIX-05-11-10bps,0.021811852583162317,0.05440900676719851,-3.2597154184036192,0.021811852583162317,0.05440900676719851,-3.2597154184036192,-0.16966200052896419,-0.1676684208797391,-0.19935796492250857,8.78891470743074,2.665778073975342,6.123136633455398,0.027579937544369514,4.693827957515112e-17,2011
mixed,"[5, 11]",10.0,MMIX-10bps,SMIX-05-11-10bps,0.0498822703683548,0.14816034503981346,-9.827807467145867,0.0498822703683548,0.14816034503981346,-9.827807467145867,-0.07360968174588112,-0.07803025382035622,0.4420572074475104,5.442427302113391,2.005351404396001,3.43707589771739,0.0,0.0,2012
mixed,"[5, 11]",10.0,MMIX-10bps,SMIX-05-11-10bps,0.33018584772914195,0.33517359592949814,-0.498774820035619,0.33018584772914195,0.33517359592949814,-0.498774820035619,-0.07013709107412203,-0.05252805021476237,-1.760904085935966,4.1085571080911505,2.0393321242734777,2.069224983817673,2.1842593110688066e-17,0.0,2013
mixed,"[5, 11]",10.0,MMIX-10bps,SMIX-05-11-10bps,0.1162538859172344,0.03417404225947962,8.207984365775477,0.1162538859172344,0.03417404225947962,8.207984365775477,-0.09165252041160432,-0.09886969955619362,0.7217179144589303,6.083293878557907,2.665778073975341,3.4175158045825658,0.0,7.158982448140976e-17,2014
mixed,"[5, 11]",10.0,MMIX-10bps,SMIX-05-11-10bps,0.013335140381213417,0.0413764403341248,-2.804129995291138,0.013335140381213417,0.0413764403341248,-2.804129995291138,-0.112775938969504,-0.11940075964589225,0.6624820676388254,3.4911331633032074,1.3343590230786408,2.1567741402245666,0.0266439282648754,8.290889383981109e-17,2015
mixed,"[5, 11]",10.0,MMIX-10bps,SMIX-05-11-10bps,0.0833869075926823,0.09249619555712596,-0.9109287964443658,0.0833869075926823,0.09249619555712596,-0.9109287964443658,-0.08088932264554416,-0.07922720216128487,-0.16621204842592885,5.5458790558952105,2.0740398372425095,3.471839218652701,0.028491869396637885,1.216931592393858e-16,2016
mixed,"[5, 11]",10.0,MMIX-10bps,SMIX-05-11-10bps,0.2005479428432464,0.25185456949316265,-5.130662664991625,0.2005479428432464,0.25185456949316265,-5.130662664991625,-0.04653762010795903,-0.026806356604257675,-1.9731263503701357,6.136511702552193,2.665778073975342,3.470733628576851,0.0,0.0,2017
mixed,"[5, 11]",10.0,MMIX-10bps,SMIX-05-11-10bps,-0.06132462268434491,-0.09032715548686521,2.9002532802520298,-0.06132462268434491,-0.09032715548686521,2.9002532802520298,-0.1872811843202704,-0.2096007624226912,2.23195781024208,5.448217996259775,3.3308910349896683,2.1173269612701064,1.3695059261366885e-17,0.0,2018
mixed,"[5, 11]",10.0,MMIX-10bps,SMIX-05-11-10bps,0.213219446480027,0.2834940861166322,-7.0274639636605185,0.213219446480027,0.2834940861166322,-7.0274639636605185,-0.04841041051488626,-0.049432808173728526,0.10223976588422667,2.8459580717753,1.3810609616750391,1.4648971101002608,0.0775373203400958,0.0,2019
mixed,"[5, 11]",10.0,MMIX-10bps,SMIX-05-11-10bps,0.10435398872323698,0.17964904389088776,-7.529505516765078,0.10435398872323698,0.17964904389088776,-7.529505516765078,-0.3026807071054325,-0.303775045236652,0.10943381312195077,5.476793291150342,2.0300650132816562,3.4467282778686856,0.07905138339920952,0.0,2020
mixed,"[5, 11]",10.0,MMIX-10bps,SMIX-05-11-10bps,0.1711283253095306,0.14420866019471767,2.691966511481292,0.1711283253095306,0.14420866019471767,2.691966511481292,-0.07629600383323076,-0.08453621825174418,0.8240214418513414,5.437867308086127,2.665778073975342,2.7720892341107852,1.9795950875571135e-17,1.1327832337880344e-17,2021
mixed,"[5, 11]",10.0,MMIX-10bps,SMIX-05-11-10bps,0.001029814444464261,-0.12738221660976556,12.841203105422982,0.001029814444464261,-0.12738221660976556,12.841203105422982,-0.1381109595439538,-0.24535232245768512,10.724136291373132,6.889149375997201,2.6648909609896605,4.22425841500754,0.05577828260680771,5.66000280078976e-17,2022
mixed,"[5, 11]",10.0,MMIX-10bps,SMIX-05-11-10bps,0.019330861816638123,0.04447068227963458,-2.5139820462996454,0.019330861816638123,0.04447068227963458,-2.5139820462996454,-0.1324886059100462,-0.11107670411485471,-2.141190179519148,6.800693520257066,2.665778073975342,4.134915446281724,0.0,0.0,2023
mixed,"[5, 11]",10.0,MMIX-10bps,SMIX-05-11-10bps,0.13010422298010615,0.13962924545921074,-0.9525022479104583,0.13010422298010615,0.13962924545921074,-0.9525022479104583,-0.08315076655359155,-0.08339512747558708,0.02443609219955345,7.499246256380071,2.6648909609896605,4.834355295390411,0.0,0.0,2024
mixed,"[5, 11]",10.0,MMIX-10bps,SMIX-05-11-10bps,0.08253033462225035,0.1218814602840872,-3.935112566183685,0.08253033462225035,0.1218814602840872,-3.935112566183685,-0.1433041028278551,-0.13253070673029044,-1.077339609756467,4.827615296617899,2.0024673525302426,2.8251479440876563,0.0,0.0,2025
mixed,"[6, 12]",10.0,MMIX-10bps,SMIX-06-12-10bps,-0.15660968330629743,-0.11486700124691263,-4.17426820593848,-0.15660968330629743,-0.11486700124691263,-4.17426820593848,-0.23089185104933752,-0.21134384107614357,-1.9548009973193947,3.9302203235487556,1.9997779999753331,1.9304423235734225,0.1367062014848456,1.3423279856597046e-16,2001
mixed,"[6, 12]",10.0,MMIX-10bps,SMIX-06-12-10bps,-0.08309285334886796,-0.12907919703234239,4.598634368347443,-0.08309285334886796,-0.12907919703234239,4.598634368347443,-0.2566530193210167,-0.2754171122914808,1.8764092970464108,3.115325820820494,2.0149605355542857,1.1003652852662085,0.3573197533296108,6.666977859702214e-17,2002
mixed,"[6, 12]",10.0,MMIX-10bps,SMIX-06-12-10bps,0.1670043578346332,0.2017640568396113,-3.4759699004978106,0.1670043578346332,0.2017640568396113,-3.4759699004978106,-0.05797366456144126,-0.058072905302120614,0.009924074067935162,4.068954925770223,2.0191072884588372,2.0498476373113856,0.41165994049400284,0.3257270820940017,2003
mixed,"[6, 12]",10.0,MMIX-10bps,SMIX-06-12-10bps,0.13873242246466755,0.11524546568982097,2.348695677484658,0.13873242246466755,0.11524546568982097,2.348695677484658,-0.07435563891801689,-0.07785926120443964,0.35036222864227584,6.855191135978124,2.665778073975342,4.1894130620027825,3.1087653784077325e-17,0.0,2004
mixed,"[6, 12]",10.0,MMIX-10bps,SMIX-06-12-10bps,0.08244485946004332,0.1821591829604272,-9.97143235003839,0.08244485946004332,0.1821591829604272,-9.97143235003839,-0.10178579780837205,-0.10533392710502176,0.3548129296649716,4.878025584587052,1.333777925975325,3.5442476586117264,0.0,0.0,2005
mixed,"[6, 12]",10.0,MMIX-10bps,SMIX-06-12-10bps,0.09837315277772318,0.17817476913087438,-7.9801616353151195,0.09837315277772318,0.17817476913087438,-7.9801616353151195,-0.12562914636252664,-0.07714839270607643,-4.8480753656450215,7.508404950483038,2.051658356368582,5.456746594114456,0.0,0.0,2006
mixed,"[6, 12]",10.0,MMIX-10bps,SMIX-06-12-10bps,0.06850213806947769,0.09005075997919354,-2.154862190971585,0.06850213806947769,0.09005075997919354,-2.154862190971585,-0.11496038696622413,-0.07759516060663896,-3.736522635958517,6.832780921822186,2.665778073975342,4.167002847846844,0.0,0.0,2007
mixed,"[6, 12]",10.0,MMIX-10bps,SMIX-06-12-10bps,-0.23302860302274897,-0.32143816968563965,8.840956666289069,-0.23302860302274897,-0.32143816968563965,8.840956666289069,-0.28402339027345147,-0.42797528200654134,14.395189173308987,5.88884605959163,2.0465625206754825,3.842283538916148,0.20051826604062656,0.0,2008
mixed,"[6, 12]",10.0,MMIX-10bps,SMIX-06-12-10bps,0.2546528196788953,0.28103223051414794,-2.6379410835252637,0.2546528196788953,0.28103223051414794,-2.6379410835252637,-0.06324606690719325,-0.06624414338409756,0.299807647690431,3.7098261285859393,1.999000999000999,1.7108251295849404,0.5197341909030646,0.49206349206349215,2009
mixed,"[6, 12]",10.0,MMIX-10bps,SMIX-06-12-10bps,0.11759792088653076,0.1381513961236882,-2.055347523715745,0.11759792088653076,0.1381513961236882,-2.055347523715745,-0.162370821280293,-0.14764027453519268,-1.4730546745100326,5.5589604968370825,2.0086416372892075,3.550318859547875,0.0,0.0,2010
mixed,"[6, 12]",10.0,MMIX-10bps,SMIX-06-12-10bps,0.021811852583162317,0.07667823900189252,-5.486638641873021,0.021811852583162317,0.07667823900189252,-5.486638641873021,-0.16966200052896419,-0.17383022117536973,0.41682206464055405,8.78891470743074,1.9997779999753336,6.789136707455406,0.027579937544369514,0.0,2011
mixed,"[6, 12]",10.0,MMIX-10bps,SMIX-06-12-10bps,0.0498822703683548,0.11336459092691231,-6.3482320558557515,0.0498822703683548,0.11336459092691231,-6.3482320558557515,-0.07360968174588112,-0.0654401221147507,-0.8169559631130419,5.442427302113391,1.3528868505212917,4.089540451592099,0.0,0.0,2012
mixed,"[6, 12]",10.0,MMIX-10bps,SMIX-06-12-10bps,0.33018584772914195,0.38893432221945257,-5.874847449031062,0.33018584772914195,0.38893432221945257,-5.874847449031062,-0.07013709107412203,-0.054685329516608316,-1.545176155751371,4.1085571080911505,1.3359946843194435,2.7725624237717073,2.1842593110688066e-17,5.780246945192036e-17,2013
mixed,"[6, 12]",10.0,MMIX-10bps,SMIX-06-12-10bps,0.1162538859172344,0.0069929137195714475,10.926097219766294,0.1162538859172344,0.0069929137195714475,10.926097219766294,-0.09165252041160432,-0.11428182759444316,2.2629307182838843,6.083293878557907,2.6648909609896605,3.418402917568246,0.0,0.0,2014
mixed,"[6, 12]",10.0,MMIX-10bps,SMIX-06-12-10bps,0.013335140381213417,-0.000319728509689865,1.3654868890903282,0.013335140381213417,-0.000319728509689865,1.3654868890903282,-0.112775938969504,-0.1253638887089974,1.2587949739493398,3.4911331633032074,3.3308910349896688,0.16024212831353868,0.0266439282648754,0.0,2015
mixed,"[6, 12]",10.0,MMIX-10bps,SMIX-06-12-10bps,0.0833869075926823,0.045344202047810755,3.8042705544871547,0.0833869075926823,0.045344202047810755,3.8042705544871547,-0.08088932264554416,-0.08245459791755505,0.1565275272010891,5.5458790558952105,1.9997779999753331,3.5461010559198773,0.028491869396637885,0.0,2016
mixed,"[6, 12]",10.0,MMIX-10bps,SMIX-06-12-10bps,0.2005479428432464,0.22632567588286556,-2.5777733039619166,0.2005479428432464,0.22632567588286556,-2.5777733039619166,-0.04653762010795903,-0.05431702738426569,0.777940727630666,6.136511702552193,2.665778073975342,3.470733628576851,0.0,0.0,2017
mixed,"[6, 12]",10.0,MMIX-10bps,SMIX-06-12-10bps,-0.06132462268434491,-0.07825434344303805,1.6929720758693145,-0.06132462268434491,-0.07825434344303805,1.6929720758693145,-0.1872811843202704,-0.24498573757296327,5.770455325269285,5.448217996259775,1.348408075996215,4.09980992026356,1.3695059261366885e-17,0.0,2018
mixed,"[6, 12]",10.0,MMIX-10bps,SMIX-06-12-10bps,0.213219446480027,0.25100067449540364,-3.7781228015376644,0.213219446480027,0.25100067449540364,-3.7781228015376644,-0.04841041051488626,-0.04856815698240102,0.01577464675147633,2.8459580717753,2.664890960989661,0.18106711078563897,0.0775373203400958,0.0,2019
mixed,"[6, 12]",10.0,MMIX-10bps,SMIX-06-12-10bps,0.10435398872323698,0.15674043236131774,-5.238644363808076,0.10435398872323698,0.15674043236131774,-5.238644363808076,-0.3026807071054325,-0.3261138685855831,2.343316148015062,5.476793291150342,2.0142238737710754,3.4625694173792665,0.07905138339920952,6.080445331662991e-17,2020
mixed,"[6, 12]",10.0,MMIX-10bps,SMIX-06-12-10bps,0.1711283253095306,0.21067835170032012,-3.9550026390789528,0.1711283253095306,0.21067835170032012,-3.9550026390789528,-0.07629600383323076,-0.06846003855882765,-0.7835965274403112,5.437867308086127,1.9997779999753331,3.438089308110794,1.9795950875571135e-17,0.0,2021
mixed,"[6, 12]",10.0,MMIX-10bps,SMIX-06-12-10bps,0.001029814444464261,-0.19530592039262884,19.63357348370931,0.001029814444464261,-0.19530592039262884,19.63357348370931,-0.1381109595439538,-0.30790962976227965,16.979867021832582,6.889149375997201,3.3308910349896688,3.5582583410075324,0.05577828260680771,5.987156240628993e-17,2022
mixed,"[6, 12]",10.0,MMIX-10bps,SMIX-06-12-10bps,0.019330861816638123,0.09261483870710285,-7.328397689046473,0.019330861816638123,0.09261483870710285,-7.328397689046473,-0.1324886059100462,-0.12590492694238276,-0.6583678967663431,6.800693520257066,2.0296930207231174,4.771000499533948,0.0,0.0,2023
mixed,"[6, 12]",10.0,MMIX-10bps,SMIX-06-12-10bps,0.13010422298010615,0.21089346682473797,-8.078924384463182,0.13010422298010615,0.21089346682473797,-8.078924384463182,-0.08315076655359155,-0.09040645903286804,0.7255692479276488,7.499246256380071,1.3516384429245571,6.147607813455514,0.0,0.0,2024
mixed,"[6, 12]",10.0,MMIX-10bps,SMIX-06-12-10bps,0.08253033462225035,0.16690907485400697,-8.437874023175663,0.08253033462225035,0.16690907485400697,-8.437874023175663,-0.1433041028278551,-0.13234944693730621,-1.0954655890548892,4.827615296617899,0.6867220396444123,4.140893256973486,0.0,0.0,2025
mixed,"[1, 7]",25.0,MMIX-25bps,SMIX-01-07-25bps,-0.16156746727119387,-0.08389724983742541,-7.767021743376845,-0.16156746727119387,-0.08389724983742541,-7.767021743376845,-0.23341261437152372,-0.19451767363683947,-3.8894940734684247,3.927743564241032,2.0037934493463547,1.9239501148946774,0.13670620148484564,6.001823186615192e-17,2001
mixed,"[1, 7]",25.0,MMIX-25bps,SMIX-01-07-25bps,-0.08736770631232038,-0.09174037440904714,0.43726680967267617,-0.08736770631232038,-0.09174037440904714,0.43726680967267617,-0.2567000585894297,-0.17436049480366855,-8.233956378576114,3.113380690696412,1.304930615497023,1.8084500751993888,0.35731975332961075,0.45068174271325323,2002
mixed,"[1, 7]",25.0,MMIX-25bps,SMIX-01-07-25bps,0.1598984296031467,0.15976286578054832,0.013556382259838351,0.1598984296031467,0.15976286578054832,0.013556382259838351,-0.058030229801988464,-0.05046474708141502,-0.7565482720573447,4.067128236067722,1.9980735872137902,2.069054648853932,0.4116599404940028,0.3817533020051214,2003
mixed,"[1, 7]",25.0,MMIX-25bps,SMIX-01-07-25bps,0.12707506097159826,0.2103344364878421,-8.325937551624385,0.12707506097159826,0.2103344364878421,-8.325937551624385,-0.07805682669256975,-0.06746587613787458,-1.0590950554695167,6.850470522232511,2.683128409457769,4.167342112774742,6.396066409440898e-17,0.0,2004
mixed,"[1, 7]",25.0,MMIX-25bps,SMIX-01-07-25bps,0.07454717397560806,0.0842335926734088,-0.9686418697800736,0.07454717397560806,0.0842335926734088,-0.9686418697800736,-0.10268566100988019,-0.10436206348997212,0.1676402480091932,4.877001988197985,2.671847088941572,2.2051548992564127,1.9571493790681614e-17,5.501830951887114e-17,2005
mixed,"[1, 7]",25.0,MMIX-25bps,SMIX-01-07-25bps,0.08607263653406849,0.19727359555572277,-11.120095902165428,0.08607263653406849,0.19727359555572277,-11.120095902165428,-0.12651661784456691,-0.08264384874320108,-4.387276910136584,7.501021409704651,2.0366583698331375,5.464363039871514,0.0,0.0,2006
mixed,"[1, 7]",25.0,MMIX-25bps,SMIX-01-07-25bps,0.05760358222777362,0.016741878564132895,4.0861703663640725,0.05760358222777362,0.016741878564132895,4.0861703663640725,-0.11853332179842113,-0.15077879689320428,3.224547509478315,6.827304086152916,3.327235616205116,3.5000684699477995,0.0,0.0,2007
mixed,"[1, 7]",25.0,MMIX-25bps,SMIX-01-07-25bps,-0.23977905652442533,-0.3664173575739058,12.663830104948048,-0.23977905652442533,-0.3664173575739058,12.663830104948048,-0.28773348105366237,-0.48076021960518867,19.30267385515263,5.88675002108018,2.68539970142659,3.2013503196535904,0.20051826604062656,0.0,2008
mixed,"[1, 7]",25.0,MMIX-25bps,SMIX-01-07-25bps,0.24769344963900908,0.060023604312217094,18.7669845326792,0.24769344963900908,0.060023604312217094,18.7669845326792,-0.06464769373975088,-0.11195258603137126,4.730489229162038,3.7061215826168006,1.665557404326123,2.0405641782906776,0.5197341909030646,0.6336245501754804,2009
mixed,"[1, 7]",25.0,MMIX-25bps,SMIX-01-07-25bps,0.1083180850008687,0.18126741328104257,-7.294932828017386,0.1083180850008687,0.18126741328104257,-7.294932828017386,-0.1641196855575946,-0.18085868726631493,1.6739001708720336,5.554852610950085,1.68991911055045,3.8649335003996343,0.0,0.02277556457922068,2010
mixed,"[1, 7]",25.0,MMIX-25bps,SMIX-01-07-25bps,0.008420354501719629,0.07797311552847641,-6.955276102675678,0.008420354501719629,0.07797311552847641,-6.955276102675678,-0.17472844518949826,-0.1503314693264981,-2.439697586300016,8.78368478462129,2.664446294754371,6.119238489866919,0.027579937544369475,0.0,2011
mixed,"[1, 7]",25.0,MMIX-25bps,SMIX-01-07-25bps,0.04133935654865728,0.12848738724758424,-8.714803069892696,0.04133935654865728,0.12848738724758424,-8.714803069892696,-0.07364568977695829,-0.0695501024272338,-0.4095587349724483,5.4403949837037295,0.6806980730250517,4.759696910678678,0.0,0.0,2012
mixed,"[1, 7]",25.0,MMIX-25bps,SMIX-01-07-25bps,0.32200882811487275,0.38832866933729426,-6.631984122242152,0.32200882811487275,0.38832866933729426,-6.631984122242152,-0.07019781492017896,-0.05474457578903191,-1.5453239131147045,4.105226700701248,1.3355894037302707,2.7696372969709775,4.756630775882152e-17,5.77407632102771e-17,2013
mixed,"[1, 7]",25.0,MMIX-25bps,SMIX-01-07-25bps,0.10610232291851163,-0.003460414814150492,10.956273773266211,0.10610232291851163,-0.003460414814150492,10.956273773266211,-0.09347884654961058,-0.12506869932567566,3.1589852776065075,6.08159141361784,2.6645744675868515,3.4170169460309885,7.967404808431231e-17,1.0741426375445899e-17,2014
mixed,"[1, 7]",25.0,MMIX-25bps,SMIX-01-07-25bps,0.00804073427654739,-0.01948417685473003,2.752491113127742,0.00804073427654739,-0.01948417685473003,2.752491113127742,-0.11366754203460849,-0.10878660559984565,-0.4880936434762839,3.4896727058545447,2.6622351543992395,0.8274375514553052,0.026643928264875428,1.2239033846038492e-16,2015
mixed,"[1, 7]",25.0,MMIX-25bps,SMIX-01-07-25bps,0.07440709953272195,0.06003382956873771,1.4373269963984248,0.07440709953272195,0.06003382956873771,1.4373269963984248,-0.08095728658986112,-0.09479808930734801,1.3840802717486889,5.542577077064507,2.0191594526720253,3.523417624392482,0.02849186939663792,6.378454991998572e-17,2016
mixed,"[1, 7]",25.0,MMIX-25bps,SMIX-01-07-25bps,0.18953900975247895,0.21574523512145016,-2.6206225368971214,0.18953900975247895,0.21574523512145016,-2.6206225368971214,-0.04656853183078635,-0.05472316817609768,0.8154636345311328,6.131486861668298,1.9994458329484948,4.1320410287198035,0.0,9.753273714988067e-18,2017
mixed,"[1, 7]",25.0,MMIX-25bps,SMIX-01-07-25bps,-0.06897079627866654,-0.08707066831658139,1.8099872037914855,-0.06897079627866654,-0.08707066831658139,1.8099872037914855,-0.18824693866895303,-0.2452084137402366,5.696147507128357,5.446190436310489,1.3409356725700619,4.105254763740427,0.0,0.0,2018
mixed,"[1, 7]",25.0,MMIX-25bps,SMIX-01-07-25bps,0.2080458177856077,0.244953010856658,-3.690719307105028,0.2080458177856077,0.244953010856658,-3.690719307105028,-0.048423604295609324,-0.04486509956142193,-0.35585047341873954,2.8461115914022828,2.021290833535739,0.8248207578665436,0.07753732034009578,0.32213162916856614,2019
mixed,"[1, 7]",25.0,MMIX-25bps,SMIX-01-07-25bps,0.09531139633571484,0.21209386287347232,-11.678246653775748,0.09531139633571484,0.21209386287347232,-11.678246653775748,-0.3026968695385438,-0.30243150459353496,-0.02653649450088391,5.474953261269378,1.372768871840979,4.102184389428399,0.07905138339920949,0.0,2020
mixed,"[1, 7]",25.0,MMIX-25bps,SMIX-01-07-25bps,0.1616085233213307,0.24674161321482502,-8.513308989349433,0.1616085233213307,0.24674161321482502,-8.513308989349433,-0.07631208611108609,-0.06844291103178801,-0.7869175079298074,5.4351892924822485,1.9994458329484952,3.4357434595337533,2.205208245743887e-17,1.1905321279922566e-16,2021
mixed,"[1, 7]",25.0,MMIX-25bps,SMIX-01-07-25bps,-0.009264531700353018,-0.0352041700532667,2.5939638352913685,-0.009264531700353018,-0.0352041700532667,2.5939638352913685,-0.1381109595439538,-0.18733817905886452,4.922721951491072,6.883756185898825,3.3272356162051158,3.5565205696937094,0.05577828260680775,9.564514971435512e-18,2022
mixed,"[1, 7]",25.0,MMIX-25bps,SMIX-01-07-25bps,0.008980327363769636,0.04399551095259513,-3.5015183588825494,0.008980327363769636,0.04399551095259513,-3.5015183588825494,-0.13595719793763705,-0.14133545851631102,0.5378260578673966,6.796123473357056,2.7241133333782663,4.07201013997879,2.9715219006939013e-17,5.440137295735612e-17,2023
mixed,"[1, 7]",25.0,MMIX-25bps,SMIX-01-07-25bps,0.11745791201657774,0.1396364078411534,-2.217849582457565,0.11745791201657774,0.1396364078411534,-2.217849582457565,-0.08317867717330651,-0.09897338153415447,1.5794704360847955,7.494819139525019,1.3774645911517873,6.117354548373232,2.0628746335311754e-17,9.889154665260298e-18,2024
mixed,"[1, 7]",25.0,MMIX-25bps,SMIX-01-07-25bps,0.07471873311231136,0.10199461311622127,-2.7275880003909903,0.07471873311231136,0.10199461311622127,-2.7275880003909903,-0.14507530911632216,-0.15121780906935545,0.6142499953033287,4.824552291672481,2.0057076328919266,2.818844658780554,9.743310196352395e-18,0.0,2025
mixed,"[2, 8]",25.0,MMIX-25bps,SMIX-02-08-25bps,-0.16156746727119387,-0.09479027933914996,-6.67771879320439,-0.16156746727119387,-0.09479027933914996,-6.67771879320439,-0.23341261437152372,-0.22573490900106463,-0.7677705370459087,3.927743564241032,2.0380916883321603,1.8896518759088718,0.13670620148484564,0.0,2001
mixed,"[2, 8]",25.0,MMIX-25bps,SMIX-02-08-25bps,-0.08736770631232038,-0.07154913306905086,-1.5818573243269518,-0.08736770631232038,-0.07154913306905086,-1.5818573243269518,-0.2567000585894297,-0.17098750446505795,-8.571255412437173,3.113380690696412,0.9653940064261732,2.1479866842702386,0.35731975332961075,0.5079743901465099,2002
mixed,"[2, 8]",25.0,MMIX-25bps,SMIX-02-08-25bps,0.1598984296031467,0.11379284719724292,4.610558240590379,0.1598984296031467,0.11379284719724292,4.610558240590379,-0.058030229801988464,-0.056015904208169376,-0.20143255938190885,4.067128236067722,0.9975062344139651,3.069622001653757,0.4116599404940028,0.6626984126984127,2003
mixed,"[2, 8]",25.0,MMIX-25bps,SMIX-02-08-25bps,0.12707506097159826,0.20803736695250064,-8.096230598090237,0.12707506097159826,0.20803736695250064,-8.096230598090237,-0.07805682669256975,-0.06174171770602266,-1.6315108986547089,6.850470522232511,2.0095194304894295,4.840951091743081,6.396066409440898e-17,0.0,2004
mixed,"[2, 8]",25.0,MMIX-25bps,SMIX-02-08-25bps,0.07454717397560806,0.1687206273330193,-9.417345335741123,0.07454717397560806,0.1687206273330193,-9.417345335741123,-0.10268566100988019,-0.1042314393314614,0.15457783215812038,4.877001988197985,0.7524196854507397,4.124582302747245,1.9571493790681614e-17,0.0,2005
mixed,"[2, 8]",25.0,MMIX-25bps,SMIX-02-08-25bps,0.08607263653406849,0.14993087742962619,-6.385824089555769,0.08607263653406849,0.14993087742962619,-6.385824089555769,-0.12651661784456691,-0.08506788667889909,-4.144873116566783,7.501021409704651,2.664527117194015,4.836494292510636,0.0,4.7049667382863566e-17,2006
mixed,"[2, 8]",25.0,MMIX-25bps,SMIX-02-08-25bps,0.05760358222777362,0.025838623497142166,3.1764958730631454,0.05760358222777362,0.025838623497142166,3.1764958730631454,-0.11853332179842113,-0.10746032168536068,-1.107300011306045,6.827304086152916,2.691997135362171,4.135306950790745,0.0,2.1034770809870666e-17,2007
mixed,"[2, 8]",25.0,MMIX-25bps,SMIX-02-08-25bps,-0.23977905652442533,-0.3640837253454253,12.4304668821,-0.23977905652442533,-0.3640837253454253,12.4304668821,-0.28773348105366237,-0.4565865491083406,16.885306805467827,5.88675002108018,1.380054957598614,4.506695063481566,0.20051826604062656,7.118469295417214e-17,2008
mixed,"[2, 8]",25.0,MMIX-25bps,SMIX-02-08-25bps,0.24769344963900908,-0.04144046643220145,28.913391607121053,0.24769344963900908,-0.04144046643220145,28.913391607121053,-0.06464769373975088,-0.21412903076168321,14.948133702193234,3.7061215826168006,1.997506234413965,1.7086153482028357,0.5197341909030646,0.5079365079365079,2009
mixed,"[2, 8]",25.0,MMIX-25bps,SMIX-02-08-25bps,0.1083180850008687,0.15324829091231362,-4.493020591144492,0.1083180850008687,0.15324829091231362,-4.493020591144492,-0.1641196855575946,-0.14440636799666107,-1.971331756093353,5.554852610950085,1.3465291114598867,4.208323499490198,0.0,5.1011551326097313e-17,2010
mixed,"[2, 8]",25.0,MMIX-25bps,SMIX-02-08-25bps,0.008420354501719629,-0.028315551175742026,3.6735905677461655,0.008420354501719629,-0.028315551175742026,3.6735905677461655,-0.17472844518949826,-0.22227572260769712,4.754727741819886,8.78368478462129,2.6758141052920474,6.107870679329242,0.027579937544369475,1.435601488638322e-17,2011
mixed,"[2, 8]",25.0,MMIX-25bps,SMIX-02-08-25bps,0.04133935654865728,0.15787900787977982,-11.653965133112255,0.04133935654865728,0.15787900787977982,-11.653965133112255,-0.07364568977695829,-0.06976250601950751,-0.3883183757450781,5.4403949837037295,1.3552023383390854,4.0851926453646445,0.0,0.0,2012
mixed,"[2, 8]",25.0,MMIX-25bps,SMIX-02-08-25bps,0.32200882811487275,0.40529611218734507,-8.328728407247233,0.32200882811487275,0.40529611218734507,-8.328728407247233,-0.07019781492017896,-0.054740705665809575,-1.5457109254369383,4.105226700701248,1.3419934153313855,2.7632332853698625,4.756630775882152e-17,4.2524475144753764e-17,2013
mixed,"[2, 8]",25.0,MMIX-25bps,SMIX-02-08-25bps,0.10610232291851163,0.04679562739583232,5.930669552267931,0.10610232291851163,0.04679562739583232,5.930669552267931,-0.09347884654961058,-0.10130628455433,0.7827438004719411,6.08159141361784,1.9998500150913314,4.081741398526509,7.967404808431231e-17,5.800063524966488e-17,2014
mixed,"[2, 8]",25.0,MMIX-25bps,SMIX-02-08-25bps,0.00804073427654739,0.052225472662825956,-4.418473838627857,0.00804073427654739,0.052225472662825956,-4.418473838627857,-0.11366754203460849,-0.10331982117546101,-1.034772085914748,3.4896727058545447,2.0035632792787283,1.4861094265758164,0.026643928264875428,1.7654748448808262e-17,2015
mixed,"[2, 8]",25.0,MMIX-25bps,SMIX-02-08-25bps,0.07440709953272195,0.013740165973577634,6.066693355914432,0.07440709953272195,0.013740165973577634,6.066693355914432,-0.08095728658986112,-0.08708647086326549,0.6129184273404364,5.542577077064507,1.3485944779894221,4.193982599075085,0.02849186939663792,0.16332821915295745,2016
mixed,"[2, 8]",25.0,MMIX-25bps,SMIX-02-08-25bps,0.18953900975247895,0.25377923391966917,-6.424022416719022,0.18953900975247895,0.25377923391966917,-6.424022416719022,-0.04656853183078635,-0.04633125404785898,-0.02372777829273698,6.131486861668298,1.3782283735720926,4.753258488096206,0.0,0.0,2017
mixed,"[2, 8]",25.0,MMIX-25bps,SMIX-02-08-25bps,-0.06897079627866654,-0.08052305957743167,1.155226329876513,-0.06897079627866654,-0.08052305957743167,1.155226329876513,-0.18824693866895303,-0.24630106185371525,5.805412318476222,5.446190436310489,1.3501058495789033,4.096084586731585,0.0,0.0,2018
mixed,"[2, 8]",25.0,MMIX-25bps,SMIX-02-08-25bps,0.2080458177856077,0.27593604027421725,-6.789022248860954,0.2080458177856077,0.27593604027421725,-6.789022248860954,-0.048423604295609324,-0.02930513258373124,-1.9118471711878082,2.8461115914022828,2.673641247626291,0.1724703437759918,0.07753732034009578,0.16718747997173977,2019
mixed,"[2, 8]",25.0,MMIX-25bps,SMIX-02-08-25bps,0.09531139633571484,0.18140359233111947,-8.609219599540463,0.09531139633571484,0.18140359233111947,-8.609219599540463,-0.3026968695385438,-0.30325491091507617,0.055804137653236996,5.474953261269378,1.3972845201452673,4.077668741124111,0.07905138339920949,4.4387156446722335e-17,2020
mixed,"[2, 8]",25.0,MMIX-25bps,SMIX-02-08-25bps,0.1616085233213307,0.22645672799746452,-6.484820467613384,0.1616085233213307,0.22645672799746452,-6.484820467613384,-0.07631208611108609,-0.07584710352576651,-0.046498258531957326,5.4351892924822485,1.3427894783524046,4.092399814129844,2.205208245743887e-17,7.613023554664293e-17,2021
mixed,"[2, 8]",25.0,MMIX-25bps,SMIX-02-08-25bps,-0.009264531700353018,0.05679528935099554,-6.6059821051348555,-0.009264531700353018,0.05679528935099554,-6.6059821051348555,-0.1381109595439538,-0.14290747733003706,0.4796517786083254,6.883756185898825,2.0509798316568015,4.832776354242023,0.05577828260680775,0.0,2022
mixed,"[2, 8]",25.0,MMIX-25bps,SMIX-02-08-25bps,0.008980327363769636,0.0729064823244161,-6.392615496064646,0.008980327363769636,0.0729064823244161,-6.392615496064646,-0.13595719793763705,-0.1329627028334719,-0.29944951041651624,6.796123473357056,2.664446294754371,4.131677178602685,2.9715219006939013e-17,0.0,2023
mixed,"[2, 8]",25.0,MMIX-25bps,SMIX-02-08-25bps,0.11745791201657774,0.13506692006692855,-1.7609008050350816,0.11745791201657774,0.13506692006692855,-1.7609008050350816,-0.08317867717330651,-0.07964934920616595,-0.3529327967140561,7.494819139525019,2.001000178733028,5.493818960791991,2.0628746335311754e-17,0.0,2024
mixed,"[2, 8]",25.0,MMIX-25bps,SMIX-02-08-25bps,0.07471873311231136,0.19587341676307846,-12.115468365076708,0.07471873311231136,0.19587341676307846,-12.115468365076708,-0.14507530911632216,-0.1385150078505889,-0.6560301265733259,4.824552291672481,2.000691226482514,2.8238610651899667,9.743310196352395e-18,0.0,2025
mixed,"[3, 9]",25.0,MMIX-25bps,SMIX-03-09-25bps,-0.16156746727119387,-0.04333694713484437,-11.82305201363495,-0.16156746727119387,-0.04333694713484437,-11.82305201363495,-0.23341261437152372,-0.2317638654173133,-0.16487489542104106,3.927743564241032,2.6644462947543714,1.2632972694866607,0.13670620148484564,0.0,2001
mixed,"[3, 9]",25.0,MMIX-25bps,SMIX-03-09-25bps,-0.08736770631232038,-0.1410019799565585,5.363427364423812,-0.08736770631232038,-0.1410019799565585,5.363427364423812,-0.2567000585894297,-0.25677467222396233,0.00746136345326498,3.113380690696412,1.334445371142619,1.778935319553793,0.35731975332961075,0.16617311466837684,2002
mixed,"[3, 9]",25.0,MMIX-25bps,SMIX-03-09-25bps,0.1598984296031467,0.15935126793823695,0.05471616649097566,0.1598984296031467,0.15935126793823695,0.05471616649097566,-0.058030229801988464,-0.0354524979640658,-2.2577731837922665,4.067128236067722,1.3426930323741004,2.7244352036936217,0.4116599404940028,0.6637673536583116,2003
mixed,"[3, 9]",25.0,MMIX-25bps,SMIX-03-09-25bps,0.12707506097159826,0.16391798044778239,-3.684291947618412,0.12707506097159826,0.16391798044778239,-3.684291947618412,-0.07805682669256975,-0.0905995255079507,1.2542698815380948,6.850470522232511,2.664446294754371,4.18602422747814,6.396066409440898e-17,1.0019034358251728e-16,2004
mixed,"[3, 9]",25.0,MMIX-25bps,SMIX-03-09-25bps,0.07454717397560806,0.15409470802807923,-7.954753405247117,0.07454717397560806,0.15409470802807923,-7.954753405247117,-0.10268566100988019,-0.1019819798406073,-0.0703681169272885,4.877001988197985,1.3344453711426187,3.542556617055366,1.9571493790681614e-17,2.776212693013056e-17,2005
mixed,"[3, 9]",25.0,MMIX-25bps,SMIX-03-09-25bps,0.08607263653406849,0.11186294764561233,-2.579031111154384,0.08607263653406849,0.11186294764561233,-2.579031111154384,-0.12651661784456691,-0.1046489774979289,-2.1867640346638018,7.501021409704651,3.327235616205116,4.173785793499535,0.0,0.0,2006
mixed,"[3, 9]",25.0,MMIX-25bps,SMIX-03-09-25bps,0.05760358222777362,0.09377394194748612,-3.6170359719712497,0.05760358222777362,0.09377394194748612,-3.6170359719712497,-0.11853332179842113,-0.09043661110250345,-2.809671069591768,6.827304086152916,2.6790656376700226,4.148238448482893,0.0,0.0,2007
mixed,"[3, 9]",25.0,MMIX-25bps,SMIX-03-09-25bps,-0.23977905652442533,-0.22222057691233243,-1.7558479612092892,-0.23977905652442533,-0.22222057691233243,-1.7558479612092892,-0.28773348105366237,-0.26366225222056894,-2.4071228833093428,5.88675002108018,1.9994458329484952,3.887304188131685,0.20051826604062656,0.17639597726569642,2008
mixed,"[3, 9]",25.0,MMIX-25bps,SMIX-03-09-25bps,0.24769344963900908,0.05456262202421924,19.313082761478984,0.24769344963900908,0.05456262202421924,19.313082761478984,-0.06464769373975088,-0.06766629138591851,0.3018597646167631,3.7061215826168006,1.2763973640688526,2.429724218547948,0.5197341909030646,0.6771625020216002,2009
mixed,"[3, 9]",25.0,MMIX-25bps,SMIX-03-09-25bps,0.1083180850008687,0.13298568629156038,-2.4667601290691676,0.1083180850008687,0.13298568629156038,-2.4667601290691676,-0.1641196855575946,-0.15344981370987243,-1.0669871847722168,5.554852610950085,2.002046035609378,3.5528065753407065,0.0,2.476654385577227e-17,2010
mixed,"[3, 9]",25.0,MMIX-25bps,SMIX-03-09-25bps,0.008420354501719629,-0.09795021556723171,10.637057006895134,0.008420354501719629,-0.09795021556723171,10.637057006895134,-0.17472844518949826,-0.23747773399975147,6.274928881025321,8.78368478462129,3.327235616205116,5.456449168416174,0.027579937544369475,0.0,2011
mixed,"[3, 9]",25.0,MMIX-25bps,SMIX-03-09-25bps,0.04133935654865728,0.05995774988239133,-1.8618393333734051,0.04133935654865728,0.05995774988239133,-1.8618393333734051,-0.07364568977695829,-0.07789689129558153,0.42512015186232377,5.4403949837037295,2.008085754446639,3.4323092292570907,0.0,0.0,2012
mixed,"[3, 9]",25.0,MMIX-25bps,SMIX-03-09-25bps,0.32200882811487275,0.28288889099105696,3.9119937123815784,0.32200882811487275,0.28288889099105696,3.9119937123815784,-0.07019781492017896,-0.07026504304509684,0.00672281249178841,4.105226700701248,1.9994458329484948,2.1057808677527534,4.756630775882152e-17,0.0,2013
mixed,"[3, 9]",25.0,MMIX-25bps,SMIX-03-09-25bps,0.10610232291851163,0.12346905419757981,-1.7366731279068182,0.10610232291851163,0.12346905419757981,-1.7366731279068182,-0.09347884654961058,-0.08359856965875401,-0.9880276890856576,6.08159141361784,1.334445371142619,4.7471460424752205,7.967404808431231e-17,3.4224187344107554e-17,2014
mixed,"[3, 9]",25.0,MMIX-25bps,SMIX-03-09-25bps,0.00804073427654739,0.06297499639228588,-5.493426211573849,0.00804073427654739,0.06297499639228588,-5.493426211573849,-0.11366754203460849,-0.10818085822514445,-0.5486683809464044,3.4896727058545447,1.3628451778011759,2.1268275280533686,0.026643928264875428,1.271424969894375e-16,2015
mixed,"[3, 9]",25.0,MMIX-25bps,SMIX-03-09-25bps,0.07440709953272195,0.08157873060374743,-0.7171631071025475,0.07440709953272195,0.08157873060374743,-0.7171631071025475,-0.08095728658986112,-0.08773377267346405,0.6776486083602928,5.542577077064507,2.664446294754371,2.8781307823101363,0.02849186939663792,3.120003031372808e-17,2016
mixed,"[3, 9]",25.0,MMIX-25bps,SMIX-03-09-25bps,0.18953900975247895,0.277121495138164,-8.758248538568502,0.18953900975247895,0.277121495138164,-8.758248538568502,-0.04656853183078635,-0.03454702230569573,-1.2021509525090623,6.131486861668298,0.6757956677134987,5.4556911939548,0.0,0.0,2017
mixed,"[3, 9]",25.0,MMIX-25bps,SMIX-03-09-25bps,-0.06897079627866654,-0.0421604090201918,-2.6810387258474733,-0.06897079627866654,-0.0421604090201918,-2.6810387258474733,-0.18824693866895303,-0.20808901643591393,1.9842077766960897,5.446190436310489,1.334725885524498,4.111464550785991,0.0,0.0,2018
mixed,"[3, 9]",25.0,MMIX-25bps,SMIX-03-09-25bps,0.2080458177856077,0.29714589414888315,-8.910007636327544,0.2080458177856077,0.29714589414888315,-8.910007636327544,-0.048423604295609324,-0.03894315262576542,-0.9480451669843903,2.8461115914022828,2.0027845446773878,0.843327046724895,0.07753732034009578,0.0,2019
mixed,"[3, 9]",25.0,MMIX-25bps,SMIX-03-09-25bps,0.09531139633571484,0.1888110095795683,-9.349961324385347,0.09531139633571484,0.1888110095795683,-9.349961324385347,-0.3026968695385438,-0.3034308536452538,0.0733984106709995,5.474953261269378,1.387055594296954,4.087897666972424,0.07905138339920949,3.2420666011839295e-17,2020
mixed,"[3, 9]",25.0,MMIX-25bps,SMIX-03-09-25bps,0.1616085233213307,0.21914279521827185,-5.753427189694116,0.1616085233213307,0.21914279521827185,-5.753427189694116,-0.07631208611108609,-0.07601731845749049,-0.029476765359559565,5.4351892924822485,2.6644462947543714,2.770742997727877,2.205208245743887e-17,8.410908341784428e-17,2021
mixed,"[3, 9]",25.0,MMIX-25bps,SMIX-03-09-25bps,-0.009264531700353018,-0.001205381283352347,-0.8059150417000671,-0.009264531700353018,-0.001205381283352347,-0.8059150417000671,-0.1381109595439538,-0.13186694029560753,-0.6244019248346278,6.883756185898825,2.022576598014947,4.861179587883878,0.05577828260680775,0.0,2022
mixed,"[3, 9]",25.0,MMIX-25bps,SMIX-03-09-25bps,0.008980327363769636,0.08402665525655295,-7.5046327892783316,0.008980327363769636,0.08402665525655295,-7.5046327892783316,-0.13595719793763705,-0.10091009338349732,-3.504710455413973,6.796123473357056,2.0030300669684395,4.793093406388617,2.9715219006939013e-17,0.0,2023
mixed,"[3, 9]",25.0,MMIX-25bps,SMIX-03-09-25bps,0.11745791201657774,0.1829278181139664,-6.5469906097388675,0.11745791201657774,0.1829278181139664,-6.5469906097388675,-0.08317867717330651,-0.09259074113434906,0.9412063961042549,7.494819139525019,1.9994458329484952,5.495373306576523,2.0628746335311754e-17,0.0,2024
mixed,"[3, 9]",25.0,MMIX-25bps,SMIX-03-09-25bps,0.07471873311231136,0.12533840299650123,-5.061966988418987,0.07471873311231136,0.12533840299650123,-5.061966988418987,-0.14507530911632216,-0.10257488350222044,-4.250042561410172,4.824552291672481,1.3801123466652847,3.444439945007196,9.743310196352395e-18,0.0,2025
mixed,"[4, 10]",25.0,MMIX-25bps,SMIX-04-10-25bps,-0.16156746727119387,-0.09576349792585448,-6.580396934533939,-0.16156746727119387,-0.09576349792585448,-6.580396934533939,-0.23341261437152372,-0.1468524753481102,-8.656013902341353,3.927743564241032,1.3656585484508255,2.5620850157902066,0.13670620148484564,0.10954255332683122,2001
mixed,"[4, 10]",25.0,MMIX-25bps,SMIX-04-10-25bps,-0.08736770631232038,-0.15341149639149587,6.604379007917549,-0.08736770631232038,-0.15341149639149587,6.604379007917549,-0.2567000585894297,-0.2563169496097203,-0.038310897970939006,3.113380690696412,1.999006511565098,1.114374179131314,0.35731975332961075,0.3229001449854567,2002
mixed,"[4, 10]",25.0,MMIX-25bps,SMIX-04-10-25bps,0.1598984296031467,0.12063464768659582,3.926378191655089,0.1598984296031467,0.12063464768659582,3.926378191655089,-0.058030229801988464,-0.03463121633790156,-2.3399013464086904,4.067128236067722,1.34119149991289,2.725936736154832,0.4116599404940028,0.728676872950735,2003
mixed,"[4, 10]",25.0,MMIX-25bps,SMIX-04-10-25bps,0.12707506097159826,0.17283569693772938,-4.576063596613111,0.12707506097159826,0.17283569693772938,-4.576063596613111,-0.07805682669256975,-0.07185555465585547,-0.6201272036714278,6.850470522232511,1.3608244131384963,5.489646109094014,6.396066409440898e-17,6.744448120397369e-17,2004
mixed,"[4, 10]",25.0,MMIX-25bps,SMIX-04-10-25bps,0.07454717397560806,0.1762690621099685,-10.172188813436044,0.07454717397560806,0.1762690621099685,-10.172188813436044,-0.10268566100988019,-0.11039856777700019,0.7712906767119998,4.877001988197985,1.3505550480890711,3.5264469401089134,1.9571493790681614e-17,0.0,2005
mixed,"[4, 10]",25.0,MMIX-25bps,SMIX-04-10-25bps,0.08607263653406849,0.08445976591750726,0.1612870616561235,0.08607263653406849,0.08445976591750726,0.1612870616561235,-0.12651661784456691,-0.10673044262722653,-1.9786175217340385,7.501021409704651,3.327235616205116,4.173785793499535,0.0,0.0,2006
mixed,"[4, 10]",25.0,MMIX-25bps,SMIX-04-10-25bps,0.05760358222777362,0.10474737924935207,-4.714379702157845,0.05760358222777362,0.10474737924935207,-4.714379702157845,-0.11853332179842113,-0.09086924035492883,-2.7664081443492305,6.827304086152916,3.3272356162051158,3.5000684699478,0.0,0.0,2007
mixed,"[4, 10]",25.0,MMIX-25bps,SMIX-04-10-25bps,-0.23977905652442533,-0.31311633262561733,7.333727610119201,-0.23977905652442533,-0.31311633262561733,7.333727610119201,-0.28773348105366237,-0.4342713842948227,14.653790324116034,5.88675002108018,1.9994458329484952,3.887304188131685,0.20051826604062656,0.10958776573206463,2008
mixed,"[4, 10]",25.0,MMIX-25bps,SMIX-04-10-25bps,0.24769344963900908,0.059039619080169414,18.865383055883967,0.24769344963900908,0.059039619080169414,18.865383055883967,-0.06464769373975088,-0.06707382255926853,0.24261288195176478,3.7061215826168006,1.3104373473357571,2.3956842352810437,0.5197341909030646,0.7329534334806994,2009
mixed,"[4, 10]",25.0,MMIX-25bps,SMIX-04-10-25bps,0.1083180850008687,0.07418122812058159,3.4136856880287114,0.1083180850008687,0.07418122812058159,3.4136856880287114,-0.1641196855575946,-0.15850589605964316,-0.5613789497951438,5.554852610950085,2.018758262077906,3.5360943488721785,0.0,7.9948850633507e-17,2010
mixed,"[4, 10]",25.0,MMIX-25bps,SMIX-04-10-25bps,0.008420354501719629,-0.004612271231670184,1.3032625733389813,0.008420354501719629,-0.004612271231670184,1.3032625733389813,-0.17472844518949826,-0.20677804557507662,3.204960038557836,8.78368478462129,2.3322231473771855,6.451461637244105,0.027579937544369475,0.05461537084862466,2011
mixed,"[4, 10]",25.0,MMIX-25bps,SMIX-04-10-25bps,0.04133935654865728,0.04403295380013561,-0.269359725147833,0.04133935654865728,0.04403295380013561,-0.269359725147833,-0.07364568977695829,-0.07456104357163895,0.09153537946806622,5.4403949837037295,1.6868466363926262,3.7535483473111033,0.0,0.10480906707853936,2012
mixed,"[4, 10]",25.0,MMIX-25bps,SMIX-04-10-25bps,0.32200882811487275,0.29486533682970717,2.7143491285165577,0.32200882811487275,0.29486533682970717,2.7143491285165577,-0.07019781492017896,-0.06997502980043724,-0.022278511974171966,4.105226700701248,2.004203910595622,2.101022790105626,4.756630775882152e-17,0.0,2013
mixed,"[4, 10]",25.0,MMIX-25bps,SMIX-04-10-25bps,0.10610232291851163,0.1532189763570242,-4.711665343851257,0.10610232291851163,0.1532189763570242,-4.711665343851257,-0.09347884654961058,-0.07468822283569576,-1.8790623713914822,6.08159141361784,1.334445371142619,4.7471460424752205,7.967404808431231e-17,0.0,2014
mixed,"[4, 10]",25.0,MMIX-25bps,SMIX-04-10-25bps,0.00804073427654739,0.059931399596470314,-5.189066531992292,0.00804073427654739,0.059931399596470314,-5.189066531992292,-0.11366754203460849,-0.10819638654898345,-0.5471155485625046,3.4896727058545447,1.6661129637377865,1.8235597421167582,0.026643928264875428,0.055853975467626486,2015
mixed,"[4, 10]",25.0,MMIX-25bps,SMIX-04-10-25bps,0.07440709953272195,0.12125228729190751,-4.684518775918556,0.07440709953272195,0.12125228729190751,-4.684518775918556,-0.08095728658986112,-0.04744021995618719,-3.351706663367393,5.542577077064507,1.6886248560685124,3.853952220995995,0.02849186939663792,0.1094506328704168,2016
mixed,"[4, 10]",25.0,MMIX-25bps,SMIX-04-10-25bps,0.18953900975247895,0.2755923779767082,-8.605336822422927,0.18953900975247895,0.2755923779767082,-8.605336822422927,-0.04656853183078635,-0.02626776674280984,-2.0300765087976513,6.131486861668298,2.0221887551750113,4.109298106493287,0.0,0.0,2017
mixed,"[4, 10]",25.0,MMIX-25bps,SMIX-04-10-25bps,-0.06897079627866654,-0.08091776248150295,1.1946966202836418,-0.06897079627866654,-0.08091776248150295,1.1946966202836418,-0.18824693866895303,-0.20600540178538562,1.7758463116432588,5.446190436310489,2.6622351543992395,2.783955281911249,0.0,0.0,2018
mixed,"[4, 10]",25.0,MMIX-25bps,SMIX-04-10-25bps,0.2080458177856077,0.33397229776215664,-12.592647997654893,0.2080458177856077,0.33397229776215664,-12.592647997654893,-0.048423604295609324,-0.04835643906123166,-0.0067165234377664085,2.8461115914022828,1.3513239932780376,1.494787598124245,0.07753732034009578,0.0,2019
mixed,"[4, 10]",25.0,MMIX-25bps,SMIX-04-10-25bps,0.09531139633571484,0.03655583819290431,5.875555814281053,0.09531139633571484,0.03655583819290431,5.875555814281053,-0.3026968695385438,-0.303321247863123,0.062437832457917786,5.474953261269378,1.9975062344139651,3.4774470268554127,0.07905138339920949,0.5059288537549407,2020
mixed,"[4, 10]",25.0,MMIX-25bps,SMIX-04-10-25bps,0.1616085233213307,0.130470347015607,3.1138176305723686,0.1616085233213307,0.130470347015607,3.1138176305723686,-0.07631208611108609,-0.07639677465968497,0.008468854859888797,5.4351892924822485,3.327235616205116,2.1079536762771323,2.205208245743887e-17,0.0,2021
mixed,"[4, 10]",25.0,MMIX-25bps,SMIX-04-10-25bps,-0.009264531700353018,0.12054319626160925,-12.980772796196227,-0.009264531700353018,0.12054319626160925,-12.980772796196227,-0.1381109595439538,-0.14627369547731672,0.8162735933362919,6.883756185898825,1.380012310209919,5.503743875688906,0.05577828260680775,0.11259951406771623,2022
mixed,"[4, 10]",25.0,MMIX-25bps,SMIX-04-10-25bps,0.008980327363769636,0.14180565841050097,-13.282533104673133,0.008980327363769636,0.14180565841050097,-13.282533104673133,-0.13595719793763705,-0.08469059313663485,-5.12666048010022,6.796123473357056,1.3482749317821103,5.447848541574946,2.9715219006939013e-17,0.2198466267624357,2023
mixed,"[4, 10]",25.0,MMIX-25bps,SMIX-04-10-25bps,0.11745791201657774,0.16986004180917624,-5.240212979259851,0.11745791201657774,0.16986004180917624,-5.240212979259851,-0.08317867717330651,-0.0931280702521563,0.9949393078849789,7.494819139525019,2.0132309712039564,5.481588168321062,2.0628746335311754e-17,0.0,2024
mixed,"[4, 10]",25.0,MMIX-25bps,SMIX-04-10-25bps,0.07471873311231136,0.052016200661696876,2.2702532450614488,0.07471873311231136,0.052016200661696876,2.2702532450614488,-0.14507530911632216,-0.1332613369429979,-1.181397217332425,4.824552291672481,2.6654532840700154,2.159099007602465,9.743310196352395e-18,0.0,2025
mixed,"[5, 11]",25.0,MMIX-25bps,SMIX-05-11-25bps,-0.16156746727119387,-0.13295115880663055,-2.861630846456331,-0.16156746727119387,-0.13295115880663055,-2.861630846456331,-0.23341261437152372,-0.21265279631958367,-2.075981805194005,3.927743564241032,2.34839095972223,1.5793526045188022,0.13670620148484564,0.08064516129032263,2001
mixed,"[5, 11]",25.0,MMIX-25bps,SMIX-05-11-25bps,-0.08736770631232038,-0.10475136951885167,1.7383663206531286,-0.08736770631232038,-0.10475136951885167,1.7383663206531286,-0.2567000585894297,-0.24106786623359522,-1.5632192355834462,3.113380690696412,1.6647289199852748,1.448651770711137,0.35731975332961075,0.46880060229978593,2002
mixed,"[5, 11]",25.0,MMIX-25bps,SMIX-05-11-25bps,0.1598984296031467,0.0899308086446522,6.996762095849451,0.1598984296031467,0.0899308086446522,6.996762095849451,-0.058030229801988464,-0.03585640625794484,-2.2173823544043625,4.067128236067722,1.3407976164631379,2.7263306196045844,0.4116599404940028,0.6135770046691418,2003
mixed,"[5, 11]",25.0,MMIX-25bps,SMIX-05-11-25bps,0.12707506097159826,0.12592167403594345,0.11533869356548099,0.12707506097159826,0.12592167403594345,0.11533869356548099,-0.07805682669256975,-0.09771086193626433,1.9654035243694579,6.850470522232511,2.6622351543992395,4.188235367833272,6.396066409440898e-17,1.1955521054812686e-17,2004
mixed,"[5, 11]",25.0,MMIX-25bps,SMIX-05-11-25bps,0.07454717397560806,0.16730645020384838,-9.275927622824032,0.07454717397560806,0.16730645020384838,-9.275927622824032,-0.10268566100988019,-0.10688762878155378,0.4201967771673587,4.877001988197985,1.348348324520988,3.5286536636769967,1.9571493790681614e-17,6.270117766773186e-17,2005
mixed,"[5, 11]",25.0,MMIX-25bps,SMIX-05-11-25bps,0.08607263653406849,0.14790049455638865,-6.182785802232016,0.08607263653406849,0.14790049455638865,-6.182785802232016,-0.12651661784456691,-0.11195083195657818,-1.4565785887988736,7.501021409704651,3.327235616205116,4.173785793499535,0.0,4.5532555326485875e-17,2006
mixed,"[5, 11]",25.0,MMIX-25bps,SMIX-05-11-25bps,0.05760358222777362,0.17190701529922303,-11.430343307144941,0.05760358222777362,0.17190701529922303,-11.430343307144941,-0.11853332179842113,-0.07741280718167498,-4.112051461674615,6.827304086152916,2.6702523136158627,4.157051772537053,0.0,0.0,2007
mixed,"[5, 11]",25.0,MMIX-25bps,SMIX-05-11-25bps,-0.23977905652442533,-0.4233774793791434,18.359842285471807,-0.23977905652442533,-0.4233774793791434,18.359842285471807,-0.28773348105366237,-0.5336175240617268,24.588404300806445,5.88675002108018,1.6672226855713095,4.219527335508871,0.20051826604062656,0.08695652173913043,2008
mixed,"[5, 11]",25.0,MMIX-25bps,SMIX-05-11-25bps,0.24769344963900908,0.022875757840734146,22.481769179827495,0.24769344963900908,0.022875757840734146,22.481769179827495,-0.06464769373975088,-0.016007443185795833,-4.864025055395505,3.7061215826168006,0.9975062344139652,2.7086153482028354,0.5197341909030646,0.9126984126984127,2009
mixed,"[5, 11]",25.0,MMIX-25bps,SMIX-05-11-25bps,0.1083180850008687,0.18467051150856295,-7.635242650769425,0.1083180850008687,0.18467051150856295,-7.635242650769425,-0.1641196855575946,-0.16036540114427433,-0.37542844133202635,5.554852610950085,1.3630236112970973,4.191828999652987,0.0,1.0855064257336472e-17,2010
mixed,"[5, 11]",25.0,MMIX-25bps,SMIX-05-11-25bps,0.008420354501719629,0.05019488321703425,-4.177452871531462,0.008420354501719629,0.05019488321703425,-4.177452871531462,-0.17472844518949826,-0.16933336291577072,-0.5395082273727536,8.78368478462129,2.6644462947543714,6.119238489866918,0.027579937544369475,5.86124719404803e-17,2011
mixed,"[5, 11]",25.0,MMIX-25bps,SMIX-05-11-25bps,0.04133935654865728,0.1447098960162898,-10.337053946763252,0.04133935654865728,0.1447098960162898,-10.337053946763252,-0.07364568977695829,-0.07803025382035622,0.43845640433979316,5.4403949837037295,2.003682440034897,3.4367125436688326,0.0,4.6959060570198134e-17,2012
mixed,"[5, 11]",25.0,MMIX-25bps,SMIX-05-11-25bps,0.32200882811487275,0.33109097360634365,-0.9082145491470905,0.32200882811487275,0.33109097360634365,-0.9082145491470905,-0.07019781492017896,-0.05252805021476237,-1.766976470541659,4.105226700701248,2.0383133072255477,2.0669133934757005,4.756630775882152e-17,0.0,2013
mixed,"[5, 11]",25.0,MMIX-25bps,SMIX-05-11-25bps,0.10610232291851163,0.030040791160063973,7.606153175844765,0.10610232291851163,0.030040791160063973,7.606153175844765,-0.09347884654961058,-0.09886969955619385,0.5390853006583263,6.08159141361784,2.6644462947543714,3.4171451188634685,7.967404808431231e-17,0.0,2014
mixed,"[5, 11]",25.0,MMIX-25bps,SMIX-05-11-25bps,0.00804073427654739,0.03929151333787373,-3.125077906132634,0.00804073427654739,0.03929151333787373,-3.125077906132634,-0.11366754203460849,-0.11940075964589214,0.5733217611283647,3.4896727058545447,1.3344453711426187,2.1552273347119257,0.026643928264875428,0.0,2015
mixed,"[5, 11]",25.0,MMIX-25bps,SMIX-05-11-25bps,0.07440709953272195,0.08910083596187035,-1.4693736429148396,0.07440709953272195,0.08910083596187035,-1.4693736429148396,-0.08095728658986112,-0.07922720216128476,-0.17300844285763617,5.542577077064507,2.0722649938161815,3.470312083248326,0.02849186939663792,1.1121756985274712e-17,2016
mixed,"[5, 11]",25.0,MMIX-25bps,SMIX-05-11-25bps,0.18953900975247895,0.24685132142829969,-5.731231167582074,0.18953900975247895,0.24685132142829969,-5.731231167582074,-0.04656853183078635,-0.026806356604257564,-1.9762175226528789,6.131486861668298,2.664446294754371,3.4670405669139273,0.0,5.112177737936998e-17,2017
mixed,"[5, 11]",25.0,MMIX-25bps,SMIX-05-11-25bps,-0.06897079627866654,-0.09486629311743755,2.5895496838771015,-0.06897079627866654,-0.09486629311743755,2.5895496838771015,-0.18824693866895303,-0.21354474178197735,2.529780311302432,5.446190436310489,3.3272356162051153,2.1189548201053734,0.0,0.0,2018
mixed,"[5, 11]",25.0,MMIX-25bps,SMIX-05-11-25bps,0.2080458177856077,0.280834183458887,-7.278836567327929,0.2080458177856077,0.280834183458887,-7.278836567327929,-0.048423604295609324,-0.05117209374235254,0.27484894467432186,2.8461115914022828,1.380371006157133,1.4657405852451497,0.07753732034009578,0.0,2019
mixed,"[5, 11]",25.0,MMIX-25bps,SMIX-05-11-25bps,0.09531139633571484,0.17605835067044673,-8.074695433473188,0.09531139633571484,0.17605835067044673,-8.074695433473188,-0.3026968695385438,-0.3037750452366521,0.1078175698108308,5.474953261269378,2.029050825931141,3.445902435338237,0.07905138339920949,0.0,2020
mixed,"[5, 11]",25.0,MMIX-25bps,SMIX-05-11-25bps,0.1616085233213307,0.13963563717397198,2.1972886147358706,0.1616085233213307,0.13963563717397198,2.1972886147358706,-0.07631208611108609,-0.08636745254698508,1.0055366435898994,5.4351892924822485,2.6644462947543714,2.770742997727877,2.205208245743887e-17,0.0,2021
mixed,"[5, 11]",25.0,MMIX-25bps,SMIX-05-11-25bps,-0.009264531700353018,-0.1308677566396622,12.16032249393092,-0.009264531700353018,-0.1308677566396622,12.16032249393092,-0.1381109595439538,-0.24761288030493556,10.950192076098176,6.883756185898825,2.66223515439924,4.221521031499585,0.05577828260680775,0.0,2022
mixed,"[5, 11]",25.0,MMIX-25bps,SMIX-05-11-25bps,0.008980327363769636,0.040296278920595396,-3.131595155682576,0.008980327363769636,0.040296278920595396,-3.131595155682576,-0.13595719793763705,-0.11107670411485471,-2.4880493822782346,6.796123473357056,2.664446294754371,4.131677178602685,2.9715219006939013e-17,0.0,2023
mixed,"[5, 11]",25.0,MMIX-25bps,SMIX-05-11-25bps,0.11745791201657774,0.1350771684446248,-1.761925642804707,0.11745791201657774,0.1350771684446248,-1.761925642804707,-0.08317867717330651,-0.08431341511020196,0.11347379368954469,7.494819139525019,2.6622351543992395,4.83258398512578,2.0628746335311754e-17,0.0,2024
mixed,"[5, 11]",25.0,MMIX-25bps,SMIX-05-11-25bps,0.07471873311231136,0.1185129776522531,-4.379424453994174,0.07471873311231136,0.1185129776522531,-4.379424453994174,-0.14507530911632216,-0.13253070673029044,-1.2544602386031722,4.824552291672481,2.0014669525206514,2.823085339151829,9.743310196352395e-18,0.0,2025
mixed,"[6, 12]",25.0,MMIX-25bps,SMIX-06-12-25bps,-0.16156746727119387,-0.11752254798332584,-4.404491928786802,-0.16156746727119387,-0.11752254798332584,-4.404491928786802,-0.23341261437152372,-0.21370994118983577,-1.9702673181687946,3.927743564241032,1.9994458329484952,1.928297731292537,0.13670620148484564,6.905415645721226e-17,2001
mixed,"[6, 12]",25.0,MMIX-25bps,SMIX-06-12-25bps,-0.08736770631232038,-0.13171045945621174,4.434275314389136,-0.08736770631232038,-0.13171045945621174,4.434275314389136,-0.2567000585894297,-0.2761583265994284,1.9458268009998725,3.113380690696412,2.013953894154342,1.0994267965420699,0.35731975332961075,8.087573962725528e-17,2002
mixed,"[6, 12]",25.0,MMIX-25bps,SMIX-06-12-25bps,0.1598984296031467,0.19812774106130449,-3.8229311458157778,0.1598984296031467,0.19812774106130449,-3.8229311458157778,-0.058030229801988464,-0.05807290530212039,0.004267550013192789,4.067128236067722,2.0174177417275643,2.049710494340158,0.4116599404940028,0.3257270820940017,2003
mixed,"[6, 12]",25.0,MMIX-25bps,SMIX-06-12-25bps,0.12707506097159826,0.11078819896408754,1.6286862007510727,0.12707506097159826,0.11078819896408754,1.6286862007510727,-0.07805682669256975,-0.07785926120443964,-0.019756548813010255,6.850470522232511,2.6644462947543714,4.186024227478139,6.396066409440898e-17,6.660677151857907e-17,2004
mixed,"[6, 12]",25.0,MMIX-25bps,SMIX-06-12-25bps,0.07454717397560806,0.1797917105307456,-10.524453655513755,0.07454717397560806,0.1797917105307456,-10.524453655513755,-0.10268566100988019,-0.10533392710502176,0.26482660951415715,4.877001988197985,1.334445371142619,3.5425566170553657,1.9571493790681614e-17,0.0,2005
mixed,"[6, 12]",25.0,MMIX-25bps,SMIX-06-12-25bps,0.08607263653406849,0.17455434885868848,-8.848171232461999,0.08607263653406849,0.17455434885868848,-8.848171232461999,-0.12651661784456691,-0.07714839270607632,-4.93682251384906,7.501021409704651,2.049283371757341,5.45173803794731,0.0,0.0,2006
mixed,"[6, 12]",25.0,MMIX-25bps,SMIX-06-12-25bps,0.05760358222777362,0.08569418814699103,-2.8090605919217415,0.05760358222777362,0.08569418814699103,-2.8090605919217415,-0.11853332179842113,-0.07944027934281395,-3.9093042455607185,6.827304086152916,2.664446294754372,4.162857791398544,0.0,0.0,2007
mixed,"[6, 12]",25.0,MMIX-25bps,SMIX-06-12-25bps,-0.23977905652442533,-0.32352038871592903,8.37413321915037,-0.23977905652442533,-0.32352038871592903,8.37413321915037,-0.28773348105366237,-0.4285875674145734,14.0854086360911,5.88675002108018,2.0455400914395083,3.841209929640672,0.20051826604062656,0.0,2008
mixed,"[6, 12]",25.0,MMIX-25bps,SMIX-06-12-25bps,0.24769344963900908,0.2771948802546196,-2.95014306156105,0.24769344963900908,0.2771948802546196,-2.95014306156105,-0.06464769373975088,-0.06624414338409768,0.1596449644346798,3.7061215826168006,1.9975062344139651,1.7086153482028354,0.5197341909030646,0.49206349206349204,2009
mixed,"[6, 12]",25.0,MMIX-25bps,SMIX-06-12-25bps,0.1083180850008687,0.13472353730617748,-2.6405452305308774,0.1083180850008687,0.13472353730617748,-2.6405452305308774,-0.1641196855575946,-0.14934527957446608,-1.4774405983128513,5.554852610950085,2.0076381527077145,3.54721445824237,0.0,0.0,2010
mixed,"[6, 12]",25.0,MMIX-25bps,SMIX-06-12-25bps,0.008420354501719629,0.07344802457335287,-6.502767007163324,0.008420354501719629,0.07344802457335287,-6.502767007163324,-0.17472844518949826,-0.17548283754626104,0.07543923567627786,8.78368478462129,1.9994458329484952,6.784238951672794,0.027579937544369475,0.0,2011
mixed,"[6, 12]",25.0,MMIX-25bps,SMIX-06-12-25bps,0.04133935654865728,0.11110670523801791,-6.976734868936063,0.04133935654865728,0.11110670523801791,-6.976734868936063,-0.07364568977695829,-0.0654401221147507,-0.8205567662207591,5.4403949837037295,1.3522109703295242,4.088184013374205,0.0,0.0,2012
mixed,"[6, 12]",25.0,MMIX-25bps,SMIX-06-12-25bps,0.32200882811487275,0.386149525430898,-6.414069731602523,0.32200882811487275,0.386149525430898,-6.414069731602523,-0.07019781492017896,-0.054685329516608316,-1.5512485403570642,4.105226700701248,1.3353303488277228,2.769896351873525,4.756630775882152e-17,0.0,2013
mixed,"[6, 12]",25.0,MMIX-25bps,SMIX-06-12-25bps,0.10610232291851163,0.0029706325130665068,10.313169040544512,0.10610232291851163,0.0029706325130665068,10.313169040544512,-0.09347884654961058,-0.11428182759444305,2.080298104483247,6.08159141361784,2.6622351543992395,3.4193562592186004,7.967404808431231e-17,0.0,2014
mixed,"[6, 12]",25.0,MMIX-25bps,SMIX-06-12-25bps,0.00804073427654739,-0.005307990351551273,1.3348724628098663,0.00804073427654739,-0.005307990351551273,1.3348724628098663,-0.11366754203460849,-0.12711345398376284,1.3445911949154343,3.4896727058545447,3.3272356162051158,0.16243708964942893,0.026643928264875428,0.0,2015
mixed,"[6, 12]",25.0,MMIX-25bps,SMIX-06-12-25bps,0.07440709953272195,0.042207994960189454,3.21991045725325,0.07440709953272195,0.042207994960189454,3.21991045725325,-0.08095728658986112,-0.08337382780841263,0.24165412185515045,5.542577077064507,1.9994458329484952,3.543131244116012,0.02849186939663792,0.0,2016
mixed,"[6, 12]",25.0,MMIX-25bps,SMIX-06-12-25bps,0.18953900975247895,0.221424458349877,-3.188544859739806,0.18953900975247895,0.221424458349877,-3.188544859739806,-0.04656853183078635,-0.054317027384265804,0.7748495553479451,6.131486861668298,2.664446294754372,3.4670405669139264,0.0,0.0,2017
mixed,"[6, 12]",25.0,MMIX-25bps,SMIX-06-12-25bps,-0.06897079627866654,-0.08011897585987515,1.1148179581208617,-0.06897079627866654,-0.08011897585987515,1.1148179581208617,-0.18824693866895303,-0.24498573757296305,5.673879890401001,5.446190436310489,1.348401322753213,4.097789113557276,0.0,0.0,2018
mixed,"[6, 12]",25.0,MMIX-25bps,SMIX-06-12-25bps,0.2080458177856077,0.2460037411170335,-3.795792333142578,0.2080458177856077,0.2460037411170335,-3.795792333142578,-0.048423604295609324,-0.04856815698240091,0.014455268679158806,2.8461115914022828,2.66223515439924,0.1838764370030428,0.07753732034009578,0.0,2019
mixed,"[6, 12]",25.0,MMIX-25bps,SMIX-06-12-25bps,0.09531139633571484,0.15324691600679818,-5.793551967108335,0.09531139633571484,0.15324691600679818,-5.793551967108335,-0.3026968695385438,-0.3261138685855831,2.341699904703931,5.474953261269378,2.0132176003953366,3.4617356608740413,0.07905138339920949,6.494317496560359e-17,2020
mixed,"[6, 12]",25.0,MMIX-25bps,SMIX-06-12-25bps,0.1616085233213307,0.20704611456733235,-4.543759124600166,0.1616085233213307,0.20704611456733235,-4.543759124600166,-0.07631208611108609,-0.06846003855882765,-0.7852047552258434,5.4351892924822485,1.9994458329484952,3.4357434595337533,2.205208245743887e-17,5.4257892853047164e-17,2021
mixed,"[6, 12]",25.0,MMIX-25bps,SMIX-06-12-25bps,-0.009264531700353018,-0.19932122897293458,19.005669727258155,-0.009264531700353018,-0.19932122897293458,19.005669727258155,-0.1381109595439538,-0.3099827963060936,17.18718367621398,6.883756185898825,3.3272356162051158,3.5565205696937094,0.05577828260680775,0.0,2022
mixed,"[6, 12]",25.0,MMIX-25bps,SMIX-06-12-25bps,0.008980327363769636,0.08928967470449933,-8.03093473407297,0.008980327363769636,0.08928967470449933,-8.03093473407297,-0.13595719793763705,-0.12590492694238276,-1.0052270995254298,6.796123473357056,2.028679019214013,4.767444454143043,2.9715219006939013e-17,6.088116861060708e-17,2023
mixed,"[6, 12]",25.0,MMIX-25bps,SMIX-06-12-25bps,0.11745791201657774,0.20844006048674624,-9.09821484701685,0.11745791201657774,0.20844006048674624,-9.09821484701685,-0.08317867717330651,-0.09040645903286793,0.7227781859561411,7.494819139525019,1.3509631864168512,6.143855953108168,2.0628746335311754e-17,0.0,2024
mixed,"[6, 12]",25.0,MMIX-25bps,SMIX-06-12-25bps,0.07471873311231136,0.16570728927900813,-9.098855616669677,0.07471873311231136,0.16570728927900813,-9.098855616669677,-0.14507530911632216,-0.1323494469373061,-1.2725862179016056,4.824552291672481,0.6863789645205267,4.138173327151954,9.743310196352395e-18,0.0,2025
